behavior_1,00:00.0,00:30.5,主讲，首先呢简单的做个自我介绍，可能有同学还不太认识啊我叫陈诚，啊嗯现在呢是我们公共管理学院劳动与社会保障教研室的副教授，噢我呢是本硕博，呢就读于华中科技大学，一直呢从事人力资源，还有组织行为学相关的研究，发表了一些成果，所以这方面呢还有一些小小的心得体会，啊那重点呢是要介绍我们的这位啊人气男神，我们的杨教授，啊大家先欢迎。,1,0,1
behavior_1,00:33.6,00:50.7,杨老师是我们学院的这知名教授，啊也是我个人学习的楷模，杨老师可以说科研教学是双优，各方面成果都非常的多，啊要是这个理念的话，我就这节课都不用上了，啊大家可以在网页上面关注一下，我重点说一下杨老师，我特别学习他的一点的，东西是什么？,0,1,1
behavior_1,00:50.8,00:58.9,杨老师这种思维这个逻辑啊特别让我佩服，每次他讲一个东西，我就觉得呀这东西这玩意我怎么以前都没想到对吧？,0,1,1
behavior_1,00:58.9,01:06.5,或者没想到这么深刻，啊我们待会呢梁老师也会给我们介绍这个学科的一些思维模式，大家也可以来共同领悟一下。,0,0,1
behavior_1,01:06.5,01:31.7,啊好，那我们这个课堂呢是组织行为学第一堂课啊课程导论，主要是跟大家介绍课程相关的一些内容，我们看一看啊我们今天的主要模块呢分为这样三个部分，啊那现在由我跟大家介绍这个课程相关的一些知识，那杨老师呢待会跟大家讲这个学科的思维方式以及这个课程的一个前沿的介绍。,0,0,1
behavior_1,01:31.7,01:40.7,啊好，那这个课程的相关介绍，呢我们首先看第一点学习理念，这个这个大家都太熟悉了对吧？,1,1,1
behavior_1,01:40.7,01:48.9,都想逃离这个传统课堂，各种填鸭式的教育，大家一想应该是比我还深有体会对吧？学了就很痛苦。,0,1,0
behavior_1,01:48.9,02:04.4,那这个地方呢我们说这边呢是这个创新课堂，我想呢我们学校花这么大的气力来准备来举办这样子的一个创新奖，包括大家当时都非常积极的来争取这个创新课堂，隔壁班还有40多位同学没选上对吧？,0,1,0
behavior_1,02:04.4,02:08.3,跟我说老师没选上好沮丧对吧？为什么积极选这个课堂？,0,1,0
behavior_1,02:08.3,02:16.5,呢我想大家也是想在创新课堂当中呢能够感受到一种新的这种氛围，这个挺好，啊但是我想说的一点是什么？,0,0,1
behavior_1,02:16.5,02:21.4,呢咱们在课堂上面不单单是咱们的一个思想，咱们要把它什么？,0,1,0
behavior_1,02:21.4,02:45.9,行动起来，不单单知道说我们创新课堂是要共同讨论啊是学生为主的，这个不单单说你们是学生，你们为主要把它转化成行动上，咱们以后的课堂上，呢我们要多去发言，多思考老师提出的问题来，包括这里我们杨老师呢我们也会共同的努力，把这个课堂编制的更好，用各种更新颖的教学方式来吸引大家，对不对？,0,1,0
behavior_1,02:46.1,02:54.6,我们呢所以是共同努力把我们这个思想美好的思想转变为实际的行动，大家有没有这个信心？啊有。,1,0,1
behavior_1,02:54.8,03:23.6,好听，好，啊能不能更大声一点，啊我听到大家的信心有没有有好听，好，啊我们思想上没转变过来，我们已经不是传统的课堂，我们不是像大家说的不是传统课堂，不是说每节课有录像，啊每节课有老师在听，这又不是这这这就这个不是传统课堂，不然如果还是按以前的这种思维模式，大家的这种思维方式，包括我们老师和我们传统的教学方式，大家学了一个学历之后，发现你们一定难道是一个假的创新课堂，对不对？,0,1,0
behavior_1,03:23.7,03:37.9,我们一定敢转化成行动上，啊我们跟大家一起努力，然后把我们的课堂变成真正大家想要的，让大家学生做主的，以学为生为本，让大家自己感觉到这是自己的课堂，啊不是哪一个老师的课堂，好不好好？,0,0,1
behavior_1,03:37.9,03:50.7,第二个学习目标，啊我们说一下我们的组织行为学，简单的说这个课是在干什么，呢我们说组织行为学可以看作为是研究组织当中人的一些心理和行为。,0,0,1
behavior_1,03:50.8,03:54.3,当然我这个地方简单的讲讲，杨老师待会我给大家更详细的介绍。,0,0,1
behavior_1,03:54.6,04:08.2,那组织当中包括人有个体有群体，包括组织本身，还有领导这些，我们研究的就是他们一些相关的一些心理机制行为表现特征，通过这些理论的学习之后让大家干什么呢？,0,1,1
behavior_1,04:08.3,04:17.7,让大家去分析啊为什么他会出现这种现象，拥有的员工他就是很积极的上班，忠诚度也很高，有的可能就不愿意对吧？,0,1,1
behavior_1,04:17.9,04:33.2,遗失或者说这个敬业精神不足，唉可以通过我们许多的理论来分析相关的问题，来解决实际的管理问题，啊这是锻炼大家这方面的能力，包括还有其他的像团队合作的能力，啊沟通表达能力等等对不对？,0,1,1
behavior_1,04:33.2,04:43.0,然后在这个过程当中呢也锻炼大家一个相互的合作的一些态度，啊包括一些啊这个探讨的一些思想啊等等，自主探讨的一些思维啊这些模式。,0,0,1
behavior_1,04:43.0,05:01.5,第三个跟大家介绍的是我们这个课程所用的教学方法，来看一看哈这里面列了很多也不完全在里面，但是要跟大家说一点，我们的方法一定是要抛弃传统的讲授式，就是我讲一节课，你们听一节课老师讲的也很累，对吧？,0,1,1
behavior_1,05:01.5,05:03.7,底下你们看手机看的也很累对吧？,0,1,0
behavior_1,05:03.8,05:16.4,不会用这种方式，啊我们会用很多其他的方式讲授的话，我们也会以专题的形式，这样子让大家有更多的探讨，啊更多深入的一些就是互动的过程当中，呢让大家集中精神。,0,0,1
behavior_1,05:16.4,05:33.3,啊还一个再提一点，呢我们这个讲我们这个研讨法的在讲述的过程当中，呢这个地方除了我跟杨老师之外，啊我们也会再从别的学院，包括我们或者说本学院的其他的老师，噢因为大家知道我们管理学包括组织行为学有很多学科基础对吧？,0,1,1
behavior_1,05:33.5,05:52.7,都为大家挑选一些在那个研究专场里面更擅长唉这样子更优质的老师，他这个领域更了解的老师给大家讲课，所以这个课程呢也是为大家去花心思，啊怎么样提升这个教学质量，啊相应的呢我们还用一些其他的信息技术手段来帮助大家来共同完成。,1,1,1
behavior_1,05:52.7,05:57.4,啊好教材准备这大家书书已经拿到了，啊我想说的是什么？,1,1,0
behavior_1,05:57.4,06:14.2,呢除了这个给大家推荐的这本教材之外，呢还有列了一些其他的一些教材，啊大家除了这个买的教材之外，呢也可以了解我们说这个知识体系，那我们的这个框架内容就是我们这个大纲课程大纲是怎么样子，呢刚才简单跟大家说一下对吧？,1,1,0
behavior_1,06:14.2,06:22.5,我们是以专题式的授课方式，所以大家一看就不是第几章第一节第二节，我们在这个大家看到这本书也挺厚对吧？,0,1,1
behavior_1,06:22.5,06:26.9,你拿到16本挺厚，那在有限的时间里怎么样学到这个知识呢？,1,1,0
behavior_1,06:27.0,07:00.3,或者说我们要想跟，大家研讨的话，那可能每个专题花的时间就需要长远，不能讲那么多重点，我们就商量中取这样子的一些精彩的一些专题，以这些专题为基础，唉我们再拓展到其他的知识面，我们从个体的从个体的一些心理，从群体的心理，从组织的一些行为表现，挑选了这样20个专题，当然后续的过程当中呢也大家也可以1个是学生嘛大家的课堂，如果你们说老师我觉得我对这个专题很感兴趣，唉发现班上同学很多同学对这个专题感兴趣怎么样？,1,1,1
behavior_1,07:00.4,07:09.3,我们也可以换其他的专题，怎么样大家有没有兴趣，不是说这个课程噢教的是这本书上的东西，就必须上这门课，这里面的内容知道没有？,1,1,0
behavior_1,07:09.3,07:25.8,我们可以大家根据感兴趣的东西，在这个书的框那个框架内，我们可以再进行有针对性的挑选，啊所以这个课程的学习要求跟大家说一下，就是从学习的过程当中呢看老师也做了一些精心准备，对吧？大家也要相应的付出干嘛？,0,1,1
behavior_1,07:25.8,07:38.4,课前做好预习，课中呢是积极的参与互动讨论啊发言，课后呢说除了这个呃要总结这个知识之外，有时候老师不是说了嘛还有很多课外的一些知识对吧？,0,1,0
behavior_1,07:38.4,07:47.1,还有很多教材里面可能课程正面因为时间有限制，跟大家讲这一点，大家还要去拓展去延伸其他的一些知识，呢自主的学习。,0,0,1
behavior_1,07:47.2,07:57.9,那这个第七点跟大家要相关的啊看看我们这个课程考核的要求，100分的话分值大概就这样子分不出来了，想跟大家说明什么？,0,1,0
behavior_1,07:57.9,08:02.3,呢我们这个课程创新的地方，传统的都是考大家什么？期末成绩对吧？,0,1,0
behavior_1,08:02.3,08:09.2,唉呦这个一出口就出啊这个成成绩，就是比如说这个期末考试的成绩往往都是什么？,0,0,1
behavior_1,08:09.3,08:12.9,只是一个理论知识，没有解决实际问题怎么办？,1,1,0
behavior_1,08:13.0,08:30.9,我们说既然是要解决理论联系实际的能力，这个地方有一个无领导小组的面试，这也算是我们的期末成绩，考的不单单是书本上的死知识，考的是大家怎么去解决实际问题的能力，通过大家这个领导小组讨论来看看大家对知识的掌握，平时成绩怎么办？,1,1,0
behavior_1,08:31.0,08:38.8,上面平时成绩当平时我们到时候以前，但我大致呢都是按这样给分，那么多很多同学就说感觉不公平对吧？,0,1,0
behavior_1,08:38.8,08:57.4,或者说不清楚怎么给的，那我们看看我们这个课程啊怎么设计怎么给分，比如大家的考勤，后续过程当中会教大家使用这个微助教，啊嗯之前的管理学的课堂有同学就使用过了，这样子让大家这个不定时的签到，迟到早退旷课一目了然是吧？,1,1,1
behavior_1,08:57.4,09:06.1,想带到就没有可能同学们这个有新型的工具，啊当然我用这个工具不单单是为了大家去签到管理，啊还有这个互动的，还有其他的一些功能。,0,0,1
behavior_1,09:06.1,09:09.5,第二个比如大家的这个个人发言怎么办？,1,1,1
behavior_1,09:09.6,09:20.2,唉精心设计的，我跟杨老师有一个卡通的印章，logo啊你们课程发言之后，然后每堂课结束之后，在学习委员那就有这个签章对吧？,0,1,1
behavior_1,09:20.3,09:27.8,这个印章去盖章，那就跟集印章一样，最后你们按课程发言的次数不就是出来了，分数都出来吗？对不对？,0,1,0
behavior_1,09:27.8,09:31.7,当然极其主张不一定能召唤神龙，但是你们分数肯定是高的对吧？,0,1,1
behavior_1,09:31.7,10:17.9,好是这样子，啊好你们的这个呃个人作业啊我们杨老师共同修改，还包括你们这个小组讨论，小组之间内部相互评价，最后决定总分，所以说这个我们会跟大家来说会更加的系统，不单单考你们的专业知识，还有解决问题的能力，其他的做到了更加的有数据可以要不了解啊好，最后呢是这个课堂的管理，啊课程管理这个地方呢简单的说一下，这个管理呢我们不采用传统的组分配好的形式，我们会用这个有学习稳定了之后，会有短件让大家随机分组的形式，这是因为发现一个问题是什么，呢包括大家现在的座位一般坐的都什么关系比较好的，对吧？室友好基友对吧？好闺蜜对吧？,0,1,1
behavior_1,10:17.9,10:29.7,坐在一起这个长期呢对大家的思维啊讨论啊都会有一定的影响，唉用这种方式呢让大家有一个更好的机会，可能跟更大更多的其他的同学相互进行交流好不好？,0,1,1
behavior_1,10:29.7,10:37.7,小组内部形成一个资质，啊包括大家的座位，啊我们说也会根据小组的不同，然后呢会进行调整好不好？,0,0,1
behavior_1,10:37.7,10:45.3,这是我对课程的这个先的一个介绍，啊这样子让大家对我们这个创新课堂的安排有个基础的了解。,0,0,1
behavior_1,10:45.4,10:51.1,好，下面呢我们就用热烈的掌声欢迎杨老师为我们对这个学习方式进行介绍。,1,0,1
behavior_1,10:51.1,11:06.2,啊嗯嗯现在有一句比较时髦的话说，这个每一次相遇啊都是久别重逢，说我们这个相约他不不容易是吧？,0,1,1
behavior_1,11:06.2,11:08.7,啊上次我们的研讨跟他相遇是吧？,0,0,1
behavior_1,11:09.0,11:11.8,啊中间经过这么长时间啊我们又相遇了。,0,0,1
behavior_1,11:13.2,11:15.7,好，我们这一课呢我们主要是想讲什么？,1,1,0
behavior_1,11:15.7,11:18.5,呢啊想讲这个讨论。,1,0,0
behavior_1,11:18.7,11:22.5,导论呢我们一般来说它主要解决的问题是什么？,0,1,0
behavior_1,11:22.7,11:28.3,啊就两个问题，第一个封面上组织行为学是吧？,0,1,1
behavior_1,11:28.3,12:08.6,啊我们可以看成是5个字，其实是2个词，1个字我们要把它理解清楚，因为这个整整本书啊所有的内容，其实你把这唉5个字或者2个词1个字理解清楚了，他就理解了，所以最后啊我们要把这门课学完了之后，最后我们就是两个词，一个字，然后呢两个11个字呢更具体一点的，就是它里面的目录是吧啊，能够把目录里面的这么一些大的章节能够把它的这个结构把它找出来，内在的联系找出来，这是我们一般来讲在学习任何一门新的课程，我们都要做的这个唉一个基础性的工作。,0,0,1
behavior_1,12:09.0,12:13.7,那今今天呢我想呢在此之外还做一个工作，做什么工作？,1,1,0
behavior_1,12:13.8,12:24.7,呢就是我们每一本书它就是它是一个学科的一个基本的教材，那么这个我们可以把它称之为理论理论是来自于实践的。,0,0,1
behavior_1,12:25.3,12:37.0,那么相对来说呢这些东西它还是死的知识，其实死的知识来自于鲜活的实践，在实践中间有一类现象它就是属于我们这一类理论所关注的。,0,0,1
behavior_1,12:37.2,12:41.8,那首先呢我们看一看我们这一类现象他关注的是什么？,1,1,0
behavior_1,12:42.9,12:55.8,那如果说你从这个呃思维方式行为方式这个它的关系来看，在实践中间我们要满足我们的需要，我们就开展了很多的实践，那么实践的结果是什么？,0,1,1
behavior_1,12:55.8,13:28.2,呢积累了很多的知识，知识呢慢慢的沉淀为这些学科，但其实就是说实践方式的背后他有思维方式，所以说我们首先要了解一下我们这个学科他的思维方式是什么，如果我们了解的思维方式，我们就能够把我们日常生活中所看到的听到的所亲身实践的，那么这些企业包括有一些这个感悟，能够慢慢的能够积攒到我们这个学科这个体系架构中来。,1,0,1
behavior_1,13:28.8,13:38.0,所以呢我们首先呢想这个嗯了解他的学科思维方式，了解学科思维方式之前，呢我想我找了一个什么？,1,0,1
behavior_1,13:38.0,13:43.5,呢一个小短视频，我们看一看啊一次。,0,0,1
behavior_1,13:44.2,14:29.7,啊我在台湾也做汽车啊讲的汽车，呃我在中国有这么一点点汽车的感情，当时中国大陆对外开放的时候，台湾人把气盛般的中国发过来享有免税的优惠，是中国大陆早期，上海、南京、武汉、北京、天津跟广州那个很早的啊8年前9年前那一批奔驰啊大霸王啊灵芝啊是外地进来的，我是全台湾唯一卖700部军事，就是奔驰、大霸王、明治这样的车子来中国的，我认为我是台湾做的最好，三年当中33年当中我总共一共卖了1400多亩，广西北部就是这些名车馆，我偷偷把它卖过来，所以早期我是这样子来做的。,0,0,1
behavior_1,14:29.8,14:51.9,那么在这个情况下，我要强调的问题就是说这个他们跟你谈我们的问题，当我在做汽车的时候，有一天我跟我们的董事长讲，那时候我是国际呃，国际部的总经理，我跟董事长说说啊他们在干什么，我们董事长马上说他们是谁，唉我们楼下的广场。,0,0,1
behavior_1,14:52.9,15:10.3,好，他他这样的问我我我居然没有警觉，那时候距离现在大概差不多有快10年了，那时候我正在准备做计划好吃的买的大米，后来成交了以后，我又开始不小心又说一句话，我说他们这个工程他们是谁？,0,1,1
behavior_1,15:10.3,15:42.6,我这个欲望很快的，他第二次网我就马上提马上提出来，我说我错了，李总，我们这里面没有，他们只有我们我们好像比我小一岁，他年纪轻轻大学毕业就开始在江湖上面打滚，所以年纪轻轻就开始做大生意，我呢是一直读到研究所才开始进入社会做生意，所以他堪称在做生意当中出发的，比我早做事情比我积极，他那样一个教训我一直摆在心里面。,0,0,1
behavior_1,15:43.7,15:59.6,有一次我去天津天津那个有名的美国电机公司奥迪斯那个总经理请我吃饭，吃饭时候问了我这么一句话，我们有一个可怕的敌人，我说三菱电梯，他说你怎么知道是这还用问吗？,1,1,0
behavior_1,15:59.6,16:10.9,世界上就这几个有名的电梯工厂，嘛我说我还知道上海那栋最有名的86个凯越金茂大厦装的不是奥迪斯的电梯，为了30把生意抢修。,0,0,1
behavior_1,16:11.3,16:16.7,他说他笑笑说医生你觉得我们奥迪斯跟30有什么不同？,0,1,0
behavior_1,16:16.7,17:52.9,我想了两秒就告诉他了，我说有一点不同，你们奥迪斯人一出去很少讲我们都是讲他们，我说日本三菱遍地，你的电梯坏了，你打个电话给他看看，你看看他们来说是怎么讲，啊变成三年了，咱们过一下搞什么鬼，电梯刚刚就开始故障，这是我们的错，我们就可以放，有的人他就来了，唉在电梯前天刚刚检查检查的不今天就卡着三个不动了，这是我们的错，被子将你的聪明赶快去修，啊那我们老总都达标了，这还是我们的错，那一开始就唉结果发现是他们的错，因为当初的操作说明没有按照这个去做，而且这个电梯的部分由于他们不仅在电梯的顶端，这个地方的工程是自己施工的，结果那个水塔的水漏出来弄到那个电梯造成故障，但是他们很客气的说，我们发现原因是这样在这样，所以希望以后那个配合下，对方就变得不好意思了，那到现在还能跑一大步，我们没有让你清楚的知道是我们的车，后来他们就走了，奥迪斯不是这样的，奥迪斯嘛快来电梯钢销就有问题，不可能的不可能的，不要讲不可能就是卡在那边嘛也没有凤凰的，真的假的，你不要在这讲快过了，我的天过来，这是他们的错，他们是谁该死的装点的，那你在干什么？我是兄弟的。,0,1,1
behavior_1,17:54.2,18:08.3,大家说回去，我对面的第一次买电梯，也最后一次我不会再买你的电梯，所以南京邮电的任何错误就是南京邮电的错误，什么叫做这是谁的错？就是你的错。,0,0,1
behavior_1,18:08.4,18:12.4,电话一拿起来就说这是我们的错，我们能做到这一点。,0,0,1
behavior_1,18:13.1,19:00.3,省做主管的既然开始养成一个习惯，做主管的竟然开始养成一个习惯，在你部署的面前讲的任何其他部门都最好不要用这个资源，他们在开会，那些鬼在上面不晓得讲什么留下，他们不知道在弄什么，我们不是这样，你在公司里面形成对立，站在了公司内部形成对立，我在东京陈林机场说不去的时候，经过一个小沧桑买和杏仁豆腐回去一次坏，第二天下课以后，我经过这个地方跟他说少见昨天那个杏仁豆腐是坏了，唉有没有带来唉呀那个不值钱，我就把它丢掉。,0,0,1
behavior_1,19:00.7,19:44.0,没关系，不要误会，我不是来要钱的，我但是我要告诉波王先生这是大事，这是大事，你等一下他通通都都撑下去，那个冬天都冲下来，旁边跟那个男的那个男的上来的时候拎那个袋子，先生在袋子里面有5盒杏仁豆腐，保证是新鲜的，你拿去吃，这边是你昨天所出的钱，我们退回给我们店里面卖出这样子的，鲜豆是我们的修饰，但是我们已经打电话了，供应商下个礼拜一要来开会，本来研究一下为什么会发生这种事情。,0,1,1
behavior_1,19:44.3,19:59.0,先生如果下个礼拜一你还要经过这里，你有兴趣的话可以来找我，我要告诉你我们哪里犯的错误，嗯我重庆以后在东京城田机场受训，听过那个曹刚我都在帮你买东西，为什么？,0,1,0
behavior_1,19:59.0,20:25.9,我相信他我这一辈子在那边买的任何东西，他都会负起他的责任，这个就是我们那个小姐其实根本不是昨天卖给我杏仁豆腐那个小姐，那个店长我昨天也没看到，我也忘了昨天是谁拿给我的，反正不是他们两个，他们可没有跟我说这是供应商的错，是我们那个小姐的错，先生把我自己自己的错，他们没有就是说这是我们的错对不对？,0,1,0
behavior_1,20:26.2,20:48.4,搞不好客人自己回去了没摆到，冰箱摆到第二天站是真的坏，人家你马上说这是你的错，人家码头说这是我们的错误，甚至就讲到在他们的客人面前，他们就是一个是我们所以我们在我们自己的公司里面啊组织里面就常常强调我们一犯错了，就是南京邮电的错，为什么来这里？,0,1,1
behavior_1,20:51.6,21:04.8,好。刚才我们看了一个小短视频啊小短视频，呢唉我们看到的也听到了，啊其实他讲的就是生活中的鲜活的经验，我们要说的什么？,0,1,1
behavior_1,21:05.4,21:13.7,呢它里面蕴含了一种思维方式，啊它跟我们这个学科是相通的，我们这个学科将来处理的都是这一类的问题，啊都有这个问题。,0,0,1
behavior_1,21:13.7,21:24.6,那我首先我想请问啊找一个同学供应，你刚才你看到了什么东西令你印象最深刻，你看到了什么啊看到了什么？,1,1,0
behavior_1,21:28.2,21:40.9,好，后面那个同学请请啊。噢我我听那个他的那个所讲的一个很重要的一句话，就是要学会承担责任，噢就是要承担责任，就是公司嗯凡事出了问题的话。,0,0,1
behavior_1,21:40.9,21:45.1,就是嗯先自己找原因，而不是把责任推给他人。,0,0,1
behavior_1,21:45.2,21:56.2,好好请坐，嗯唉这是我们的错，他其实就是要主动承担责任，啊他转换了一下，他说的很好，嗯还有没有同学补充一下？,0,1,1
behavior_1,21:56.2,22:17.7,呢好，这个同学我我认为他他说是我强调是我们的错，而不是他们的错，他想他想的是一个集体的思维，就是呃一个团队你要看成一个集体，而不应该推卸责任，说不是我的错，是他们的错，这是一种群体的思维，集体的思维要就就团队或者合作。,0,0,1
behavior_1,22:17.8,22:20.8,对对对好好请坐。,0,0,1
behavior_1,22:20.8,22:27.1,啊好，那么它实际上就是说他讲的这个讲了三个公司是吧？,0,1,0
behavior_1,22:27.1,22:33.8,啊第一个是讲到自己的公司，第二是讲奥迪斯和三点电梯是吧？啊这是这一种。,0,0,1
behavior_1,22:33.9,22:37.7,后面第三个就是讲这个新能政府的一个什么小连锁店是吧？,0,1,1
behavior_1,22:38.2,22:41.9,啊它前面强调的就是说一个非常重要的这么一个理念就是什么？,0,1,1
behavior_1,22:41.9,22:55.5,呢就是当我们面对客户的时候，就面对我们服务对象的时候，啊我们要有人主张主动承担责任和这个非常好的态度行为方式，这是我们的错，他始终贯穿在这里面。,0,0,1
behavior_1,22:56.1,23:05.1,啊所以说你可以看得到，我们可以看到他事实上啊他整个强调的就是一个组织的人对不对？,0,1,1
behavior_1,23:05.1,23:21.3,他就是我们以一个组织的人的面貌出现，那么一个组织的面貌出现，当你来面对客户的时候，那么你才能够把你的这样一种比较好的服务精神传递给客户是吧啊。,0,0,1
behavior_1,23:21.6,23:48.2,其中有一个他讲的这个反例就非常简单，就是奥迪斯的公司他老是说是别人的错，他说三奶你回去，我也不找你修以后我不会买你公司的电梯，你看事实上他就是把客户得罪光了，这一种组织它事实上它是这种人的思想方式，他往往在市场上面他会这个面临很多的挫折和困难，甚至这个呃破产失败的这个威胁是吧？,0,1,1
behavior_1,23:48.2,24:01.7,啊好，接下来我要问你们，这是我们的错，这一种良好的组织人的形象，我们日常生活中我们每一个人都能做得到吗？不能不能对不对？,0,1,0
behavior_1,24:01.9,24:11.1,实际生活中我们大连我们所见到的普通的人，他是不能够说主动承担责任的，而且我们往往是主动逃避责任，对不对？,0,1,1
behavior_1,24:12.4,24:26.2,为什么这个三菱电梯公司杏仁豆腐这个公司他们的组织人，呢他们能够主动承担责任，呢那么刚才我们讲了普通的人，他这个思维啊他可能不会这么做不会做的这么彻底是吧？,0,1,1
behavior_1,24:26.2,24:41.0,啊不会做得这么普遍，但是为什么我们想为什么三菱电梯公司和杏仁豆腐那个小学酒店，他们所有的职工，他们都是无条件的都是说这是我们的错，这是什么影响？,0,1,1
behavior_1,24:41.6,24:45.5,呢这是一个组织的影响，对不对？它是组织的影响。,0,1,0
behavior_1,24:49.7,25:11.6,我们可不可以理解成一定是这个组织啊对他们进行了这个文化建设，进行了这个规章制度的这个教育，或者说积极的团队建设他们面临群体的压力，所以他们在市场上面对客户的时候，全部表现出了良好的组织人的形象是吧？,0,0,1
behavior_1,25:12.2,25:26.4,啊所以说我们说你要想在这个呃市场上面要让你所有的职工，要让你所有的职工都能够面对你的客户，表现出这个顾客客户是上帝的这种精神。,0,0,1
behavior_1,25:27.3,25:31.3,呢你的这个组织啊要做的事情很多，对不对？,0,1,0
behavior_1,25:31.3,25:37.6,组织要做的事情很多，就这些东西它不是自然而然的，而是组织主动施加影响的结果。,0,0,1
behavior_1,25:37.6,25:48.9,我可以继续问你们一个问题，你们认为这个奥迪斯公司的职工他的素养一定就比三菱电梯公司的职工的素养要差吗？,1,0,0
behavior_1,25:48.9,25:51.7,不是不一定的对不对？,0,1,0
behavior_1,25:51.9,26:07.4,啊我们直觉我们这个感受到这里它不一定的一定是什么，呢这个三菱电梯公司他们这个组织对这个职工所施加的影响，比奥迪斯公司这个组织对子公司的影响要大得多要好得多，对不对？,0,1,0
behavior_1,26:07.5,26:13.3,你只有这样解释，它才是符合我们这个管理学的这么一种解释的方式是吧？,0,1,0
behavior_1,26:13.4,26:40.5,所以说我们要看到这个组织的这个组织人等一下，好，我要进一步问你们一个问题，你们可以想象就是三菱电梯公司是不是所有的人他们都能够表现这一点，呢所有的人在任何的时间任何也都能够表现出这种良好的组织人的形象，呢也不一定对不对？啊那就说明什么？,0,1,1
behavior_1,26:40.5,26:57.3,呢说明这里面尽管这个组织啊组织要求他的所有的这个员工都要表现出良好的组织人的形象，但是即使外在有这种强烈的要求，人他是有主观能动性，或者甚至我们这里人他是有惰性，对不对？,0,1,1
behavior_1,26:57.3,27:25.4,人是有惰性的，有的职工因为他在加入这个组织之前，他的价值观，他的人生观、世界观，包括他的态度敬业精神，他可能与组织的这个要求啊不是那么相吻合，他没有接受组织的要求，所以说偶尔我相信三菱电机公司也会有个别的职工极个别的职工，也会表现出逃避责任的这么一种倾向，对不对？这才是合理的。,0,1,1
behavior_1,27:25.8,27:49.7,吧那么这里面其实我们要是说从理论的角度来认识它，一定是中间的还有一个东西，那么组织对这个个体施加影响，经过了这个中间的这么一个环节的过滤以后，那么形成了后面的这个组织人，这个中间是什么？,1,1,0
behavior_1,27:49.7,28:18.7,呢我们一般来说啊我们都把它理解成心理，当然不同的学科的理解不一样，比如说我们讲这个教育学的学科，他把这个中间的理解成就人的精神世界，人的精神世界，啊那我们一般把它理解成心理，因为每一个职工的他心理特点不一样，组织给他施压了统一的影响，他也会导致他的组织人会有不同的行为表现，会有不同的行为表现是吧？,0,1,1
behavior_1,28:18.8,28:43.9,所以说面对客户他们会有不同表现，那么我们通过这么一个短片给我们揭示这么一个简单的模型，它其实就代表着我们这个学科的一个基本的思维方式，就将来在实际生活中我们所看到的听到的，包括我们自己切身体验的，凡是与这有关系的，我们都可以把它整合到这么一个思维方式里面去，它也是属于我们学科的内容是吧？,0,1,1
behavior_1,28:44.0,29:04.7,好，下面呢我想这个唉讲一个简单的案例来看一看啊我介绍一下，这是这个有一次我偶然在这个网上看到的，这个啊是原来原来是写博客嘛是吧？,1,1,0
behavior_1,29:04.7,29:35.9,啊因为有一个人写的博客，从马斯洛啊从西游记看马斯洛的需要层次，说你可能这个人呢他对这个理论他是有相当的了解的，并且他对这个我们国家的西游记嘛他这个也是很熟悉的，他做了一些分析，他这个分析的思路就跟我们这个组织行为学的这个学科思维方式啊非常接近啊非常接近，由此呢我要有这个唉案例归纳出我们这个学科的思维方式是吧？当然这也是我个人的理解是吧？个人的理解。,0,1,1
behavior_1,29:37.5,29:56.9,首先呢它里面就讲了，他说西游记里面呢你们几个主角我们大家都很熟悉，他们共同构成了一个取经的团队，啊然后呢他们的目标是相同的叫取经，但其实每一个人的心思和行为是各不相同的，每一个人的心理和行为是吧？,1,1,1
behavior_1,29:57.0,30:02.6,它是不一样的它是不一样的，啊尽管他的目标是相同的，有什么不一样？,0,1,1
behavior_1,30:03.8,30:13.1,呢首先他就介绍了啊他就介绍了啊这个5个主角，每一个人他主导性的行为方式是吧？,1,0,0
behavior_1,30:13.8,30:20.6,啊啊说孙悟空呢是一种玩命的思维方式，书法经是偷懒的，然后这个唐僧是老是哭哭啼啼的是吧？,0,1,1
behavior_1,30:20.6,30:34.8,啊你想一想是的还是比较准确的，啊然后他接着就是说既然目标相同，为什么他的心理和行为不同，为什么的行为方式不同，呢孙悟空就那么玩命是吧？,0,1,1
behavior_1,30:34.9,30:59.5,猪八戒就偷懒，为什么他的行为方式不一样，呢行为方式那么组成他这种行为方式，往往他有他的背后的心理，啊它是密切相关的，它密切相关的，他就是就讲啊怎么来看待他们这种行为方式的不一样，他就用了这个马斯洛的他提出的这个需要城市理论，马克思主义需要惩治理论，呢这个我们在管理学术里面学过的是吧？,1,1,0
behavior_1,30:59.5,31:14.2,啊基本上由低到高身体学安全学归属学尊重需要自我实现的需要，这个我们不用多说这个我们学过的，好在这里有意思了，这个你接下来他就用什么？,0,1,1
behavior_1,31:14.2,31:24.4,呢用马斯洛的需要层次的人来解释西游记里面的5个主角，他们分别他的行为方式的原因，说猪八戒为什么偷懒？,0,1,0
behavior_1,31:24.4,31:27.5,呢因为它的主导需要是生理需要。,0,0,1
behavior_1,31:27.5,31:30.8,啊这个说孙悟空为什么拼命？,0,1,0
behavior_1,31:30.8,31:42.4,呢因为他的主导需要是自我实现，不管这种解释是不是非常的准确，但是呢你大体上看一看还是可以看得过去的，对不对？,0,1,1
behavior_1,31:42.5,31:45.7,可以看得过去的，那么需要呢你写啥？,0,1,0
behavior_1,31:45.9,32:01.6,它也是我们人的心理的一种表现形式，所以说尝试从人的心理特征的角度，从人的心理特征的角度来解释人的在实际生活中的不同的行为表现是吧？,0,0,1
behavior_1,32:01.6,32:04.4,这是这个人写博客的这个人啊他试图做的。,0,0,1
behavior_1,32:06.1,32:22.1,啊好，然后说呢不仅如此，这个人不仅就是说他用这个心理特征来解释人的不同的行为方式，而且谈到了管理那个管理，所以说管理要因人而异，对不对？,1,1,1
behavior_1,32:22.1,32:32.6,管理这个到底跟我们这个我们现在没有没有当老师，但是我们在师范大学里面我们也知道说老师教学生的因材施教对不对？,1,1,1
behavior_1,32:32.7,32:45.7,因材施教那因材施教管理呢也是因人施管，这个道理是一样的，因人的什么而给管理，呢因人的不同的心理特征，啊不同的心理特征来进行管理。,0,0,1
behavior_1,32:45.8,33:01.4,你看他接着就讲要因人而异，说了这个我们要针对每个人的需要，啊它的特征来给他提供不同的管理措施管理制度，能够然后呢能够让他们自己在一定的心理的驱动下来表现出非常自然的行为。,0,0,1
behavior_1,33:01.9,33:15.3,所以说他就说管理要因人而异，当然它里面讲了管理呢还要应该因时而异，那么因时而异，呢其实就说也是反映人的心理，他的一种时代的特征，是吧？,0,0,1
behavior_1,33:15.3,33:33.7,当然嗯我们在座的呢应该说都没有经过这个唉经济很困难的时期，那人们不不够富裕的时候，当人们连吃饭没有面包吃的时候，这个时候葫芦娃家当时非常好的管理方式啊非常好的管理方式是科学的管理方式是吧？,0,1,1
behavior_1,33:34.0,33:52.3,因为他实际上对这个人的生理的需要和安全的需要，他是这个有很好的满足的，但是当人们达到富裕的时候，比如说现在啊我们这个经济发展条件嗯达到一个比较好的程度的时候，那么我们用胡萝卜加大棒的管理方法往往就不中用了，为什么？,0,1,1
behavior_1,33:52.3,34:14.2,因为人们呢他有更多的高层次的需要，有更多高素质的需要出现，就当人们这个只是处于在下面的时候，啊中低层次的需要的时候，我们用简单的管理方式简单的管理方式简单的管理方式它就可以解决问题。,0,0,1
behavior_1,34:14.4,34:59.0,但是当我们这个慢慢的有了更高层次的需要的时候，比如说我们现在的这个唉职工可能对于这个尊重的、需要归属的、需要自我实现的需要他有更多的要求的时候，我们还采用原来的那样一种这个方式，他就不能思议的，他就不能适应的，所以说他这里面就是说给告诉了我们什么呢啊，就是说我们不仅要用人的心理特征来解释人的行为，而且要根据人的心理特征，我们要采取适当的干预措施，管理措施，使得这个人的心理发生变化，使这个人表现出我们所期望的行为方式出来。,0,0,1
behavior_1,34:59.6,35:06.3,我们当然期望我们每一个职工，当你是管理者的时候，希望每一个职工能够主办承担责任，这是我们的错。,0,0,1
behavior_1,35:06.5,35:17.3,这样一种良好的敬业精神态度，这是我们每一个管理者所希望的，你可以做得到的，那么你就需要你采取恰当的管理措施是吧？,0,1,0
behavior_1,35:20.8,35:31.7,好，我们看一看啊刚才我们讲的其实就是说我们做了1个分析，其实就是要讲是1个人写的这个博客，嘛博客里面呢他其实就是讲这4个方面，你觉得是不是的？,1,1,0
behavior_1,35:31.8,36:05.4,首先第一个他介绍了这个取经团队，不同的成员有不同的行为方式，像这就是相当于我们这里讲的这个组织人他这个行为方式，然后介绍了需要层次说啊这就第三个用不同层次的需要大家解释了不同使用的行为，唉能够做到这一点我觉得也很好了，但是你看啊这个人肯定是经过管有这个管理学的这个训练的，或者有丰富的管理经验的这个管理者，他然后还有前面管理的措施，我们组织要创造不同的管理措施是吧？,1,1,1
behavior_1,36:05.5,36:13.6,来满足个人的需要，啊使这个人呢表现出所期望的行为，啊其他表现的就是说我们整个这样一种思维方式是吧？,0,1,1
behavior_1,36:15.1,36:34.7,你看基本上啊我把它这个简单的这个回回顾一下，后面是他的行为方式，这是他的这个心理他的表现是吧唉他的表现是吧，唉然后呢最后呢它加上了什么？,0,0,1
behavior_1,36:34.7,36:38.4,呢管理的措施，管理的措施对不对？,0,1,0
behavior_1,36:38.5,36:45.0,当如果人们处于生理需要安全需要的时候，你要想获得你的期望的行为，恐怕你就是胡萝卜加大棒的方式啊。,0,0,1
behavior_1,36:46.4,36:49.5,这种比较早期的这种管理方式是吧？,0,0,1
behavior_1,36:49.5,37:09.8,啊但是如果说当这个人表现出了更高层次的这个需要，比如说现在我们这个嗯无论是这个新生代的农民工还是新生代的，这个比如说大学生啊知识员工，他们其实都对这个归属尊重，要自我实现的需要，完善的需要它是非常强烈的。,0,0,1
behavior_1,37:09.9,37:26.7,所以说我们更多的我们在现在的组织中间要采用民主的领导方式，员工参与的决策方式，在管理学中间我相信像这个唉民主的领导方式，员工参与决策，这个呢其实我们都我我们都知道对不对？,0,1,1
behavior_1,37:26.8,37:35.2,但其实呢我们如果说把这三者联系起来，看啊我们那不是这个管理学的任务，恰恰是我们组织型学的任务。,0,0,1
behavior_1,37:35.9,37:46.5,为什么我们要推行员工参与决策的领导方式，采取民主领导的方式，主要原因就在于职工的心理特点呢它发生了什么变化。,0,1,0
behavior_1,37:51.1,38:08.6,好，最后呢我就把它归纳一下，啊就是说事实上我们要把它普遍化啊普遍化，其实这个组织人呢我们这里更多的我们强调的就是说是在一个组织中，这个人呢他的行为表现方式修改的方式是吧？,1,1,0
behavior_1,38:08.8,38:23.6,然后呢他为什么不同的职工有不同的表现，呢一定是背后他有他不同的心理方式，那心理呢它不是无缘无故的前面它有4G是吧？,0,1,1
behavior_1,38:23.6,38:26.1,它是这么一个思维方式。,0,0,1
behavior_1,38:28.4,38:41.9,好，我要简单的介绍一下这个学科的思维方式，啊你比如说首先我们说我们看到有这个箭头，啊它是它是一个首先是从左到右，然后从右到左是吧？啊就。,1,1,1
behavior_1,38:42.1,38:53.3,我们实际生活中啊我们可以广泛的运用它房地产，这也是我们最后我们学了这么一个这门学科以后，我们最后要达到的目的，也就是这样的是吧？,0,1,1
behavior_1,38:53.5,39:00.3,首先在这个三个模块总结，我们组直接能够观察到的是吧？,1,0,0
behavior_1,39:00.3,39:03.6,就是这个行为啊行为我们是可以看得见的。,0,0,1
behavior_1,39:04.4,39:40.5,吧比如说啊比如说唉我们是一个职场人，我是一个管理者，我就发现了我的单位啊有两类职工是比较典型的，有一类职工我们每天8点开始上班，他这一类职工啊7:00他就到到了，这个工作单位到了之后，然后首先把这个大家公共的场所打扫一下，然后把自己的这个唉整天工作这个内容整理一下，啊开始喝点水啊喝点茶了，就开始可能做好准备工作了。,1,0,1
behavior_1,39:41.0,40:00.0,这是一类职工，有的吧有的啊第二类职工也是比较极端的，每天8点上班，他们到7:59，他们一直讲才迈进了我们办公室的大门，而且非常准时，啊非常重视。两类职工吧有吧？,0,1,1
behavior_1,40:00.0,40:05.4,一定有的，这个行为方式我们能不能看得见？呢可以看得见，对不对？,0,1,0
behavior_1,40:05.6,40:25.5,好，那如果说我们要用这个我们这个唉图形的思维方式来看，首先我们要解释它为什么会有这两类职工，一定它还可以出模式的啊唉唉怎么办？,1,1,0
behavior_1,40:25.5,41:11.3,吧第一次啊第一次我的这个对一定是他有他的相应的心理特征做支撑的，比如说啊对于这个呃每每次几乎几乎每次都找到做好这个工作准备的这些职工啊这些职工心理特征，他们一定内心里对这个工作充满了敬畏，有很强的敬业精神，并且相信他们不仅仅是道德长，而且是在这个工作岗位中间，在这个工作时间内会把自己全身心的努力，创造力都投入到工作中去，你教他一些工作，他会兢兢业业的认认真真的富有创新精神把它完成，对不对？,0,1,1
behavior_1,41:11.3,41:18.1,这是这一类职工啊他的心理特征，他的态度特征，他的性格特征、能力特征他是这样的。,0,0,1
behavior_1,41:18.7,41:34.1,那么对于另一类职工，啊比如说嗯临近上班的这个那个节点，他才到我们办公室的这一部分职工，他们可能有一点就是我们讲的这个做一些活动创业当中有点混点是吧？,0,0,1
behavior_1,41:34.1,42:00.3,这些职工你交给他的工作，他也只是马马虎虎给你完成，有时甚至你交给他这个一项工作，他可能只能完成个5成6成7成8成，他绝对不会想想办法去把这个工作完成得特别好，他是两类职工，他有不同的心理特征，那么你分析了以后对你，你的这个管理措施有没有影响？,0,1,1
behavior_1,42:01.0,42:06.3,呢一定有的你会采取至少两个方面的管理措施。,0,0,1
behavior_1,42:06.6,42:26.5,第一个你一看开始过去了啊开始到上面过去了，对于这个唉好在这个这一类的职工，啊比如说每天找到的这个职工，你可能会开展一些以他为这个模范的这样一种企业文化建设，类似的是吧？,0,0,1
behavior_1,42:26.5,42:36.2,企业文化建设宣扬一种正能量，并且就是在适当的时候你要提升这个员工的职务，你首先提升谁？,0,1,0
behavior_1,42:36.5,42:41.2,啊一定是这一类职工，对不对？当有福利的时候，你首先给谁？,0,1,0
behavior_1,42:41.2,43:08.8,给这一类职工，你的管理措施你是根据他的心理特征来的，然后对于另另一类极端的职工，你可能所做的管理措施，给他培训态度转变的培训，他说这个唉现在这个社会啊这个经济发展困难，所以现在大家都知道有这句口话说你这个唉今天这个工作不努力，明天努力找工作，是吧？,0,0,1
behavior_1,43:08.9,43:14.4,你就是要这个通过各种渠道把这种理念传递给他是吧？,0,1,0
behavior_1,43:14.4,43:24.8,通过文化建设或者企业里面的这个培各种培训等等，你把这些理念传递给他，然后这些职工慢慢的它也是有有影响的。,0,0,1
behavior_1,43:25.1,43:28.5,你想是的，现在这个工作这么难找是吗？,0,1,0
behavior_1,43:28.5,43:31.1,啊在这个组织里面待遇也不错是吧？,0,1,0
behavior_1,43:31.1,43:41.1,同事关系也不错，领导也不错，那我要好好的去努力，我要痛改前非，可能表现出了这个组织所希望的领导行为方式，对不对？,0,1,0
behavior_1,43:41.2,43:54.0,所以说你看啊在实际生活中呢它是广泛的应用的，包括我们前面讲的这个唉呃那个前面我们看那个短片，啊他的这个主角叫于思维是吧？,0,0,1
behavior_1,43:54.2,44:11.0,这一个人呢是一个他读到博士了，他读的博士他是一个非常好的这个理论家，同时又有好的实践，他有很多好的视频，你们到网上可以去看一看，啊讲的讲话也非常风趣，是吧啊很有意思的，啊你们可以去看一看。,0,0,1
behavior_1,44:11.5,45:15.9,他这里面讲的其实也是他讲就是说三菱电梯公司跟奥迪斯公司员工他们不同的行为方式，他们不同的行为方式，当然中间呢他没有分析他们的这个心理特征，没有分析他们心理特征，但是它隐含着就是说三菱电梯公司跟奥迪斯公司这两个公司两个组织啊它是不一样的组织，他已经看到这个啊事实上他他提供了这个不同的刺激，啊你看这些我们基本上我们这个学科，呢唉我们学到的这个任何一个小的知识，它其实呢都是可以把它慢慢的整合了，这个整个这个框架体系中心没有，啊这是我们的一个基本的思维方式，啊就是说唉所以说呢我们在这个介绍这个整个学科的这个名称概念以及它的这个目录之前，我们先讲一讲这个思维方式，然后呢我们再来讲，我相信我们能够对这个整个学科呢有一个更好的理解。,0,0,1
behavior_1,45:17.9,45:29.9,刚才我们讲这是我们整个学科的基本的思维方式，那我们现在就是说比如说中间这个我们就是说是一只讲它是一个心理嘛对不对？,1,1,1
behavior_1,45:29.9,45:36.5,心理是一个非常庞大的概念，非常抽象模糊的概念，我们慢慢要分化，分化成什么？,0,1,1
behavior_1,45:37.6,45:46.8,呢就是把其中的心理要构建出若干个不同层次不同类型的理论，用它来解释我们的行为。,0,0,1
behavior_1,45:47.9,45:51.8,同时呢解释啊往往它就有预测的功能是吧？,0,1,0
behavior_1,45:52.2,46:18.3,解释往往是对历史发生的事情所做的一系列的这个描述，历史预示着未来当你能够解释历史的时候，一定你就对这个事物发展的未来趋势会有所把握，那么你有所把握以后，事物发展的趋势它是有若干可能性的，那么你要想让他按照你的希望那个方向前进，你就要创造条件，对不对？,0,1,1
behavior_1,46:18.7,46:41.1,创造你的刺激管理措施管理制度，那这个职工产生你所期望的行为的一些良好的心理特征，出现慢慢的这个职工他能够自我指挥，自我监督，表现出你所期望的行为方式，啊这是我们这个现在的这个管理啊他所期望达到的一种目的。,0,0,1
behavior_1,46:42.3,46:45.5,啊好，我们休息一会，好吧，下课。,0,0,1
behavior_10,00:00.0,00:11.2,对嗯这个我们是好，大家快一点，那那里需要班子表演的3,0,0,1
behavior_10,00:11.3,00:14.7,进行一个号。,0,0,1
behavior_10,00:14.8,00:30.3,对，啊这个我我要一点了，吧嗯啊呢对点目标了，所以说其中策就上上去这样，然后。谁知。,0,0,1
behavior_10,00:34.5,00:48.5,这呢两国亮的规定的了，嗯咱们平台也不要说好可以开始了，好知道大家表演的很专业，啊我们把道具也配得专业一点。,0,0,1
behavior_10,00:48.5,00:54.6,噢好，各位各位各位快点。,0,0,1
behavior_10,00:54.6,00:58.9,啊开始可以开始吗？,1,1,0
behavior_10,00:58.9,01:08.0,组织行为学第一场离职行为一进到底，HH h怎么呢当？,1,1,1
behavior_10,01:08.6,01:16.2,请见请见干嘛？,0,1,0
behavior_10,01:16.2,01:19.3,呀老板现在是想什么吗？什么事？,0,1,0
behavior_10,01:19.4,01:52.6,啊老板呢这个月我们已经差了第二十八，再一个下下去，我每天晚上只能睡5个小时，早上6:00就要起来坐1个多小时地铁到公司来上班，你有没有想过啊这样下去我迟早未老先衰，你看隔壁隔壁的王老板一个月一次班都不让加，你还有那么多的年终奖，就是就是他都跟我说了，只要我愿意去他那干，立马给我涨工资，你看看吧。,0,1,1
behavior_10,01:53.0,01:57.0,嗯那还有两天没让你加班吗？,0,1,0
behavior_10,01:57.0,02:00.4,哈哈哈哈你一个周末都不让人过。,0,0,1
behavior_10,02:00.4,02:06.6,啊那不给你留两小时让你放松放松高考不也，这样吗？,0,1,0
behavior_10,02:07.3,02:25.7,说了我的事，吧老板啊我在这公司辛辛苦苦辛勤恳恳，每天8:00上班，我7:00~9:00嗯下午5:00下班，6:00才走，你想我干了十几年了，我现在还是个小职员，天天还得挤地铁啊挤公交啊什么的挤都挤出来。,0,0,1
behavior_10,02:25.9,02:36.8,隔壁隔壁老李这个公司跟我同一年进公司，人家现在那个小陈都现在已经是个中层管理者了，我还是个小职员，你说看看吧。,0,0,1
behavior_10,02:37.4,02:43.1,他们公司就4个人，中层管理者不就排第二的那个吗？,0,1,0
behavior_10,02:43.3,03:00.2,那好歹还是个管理者，唉再说说我吧去年我蜜月你都没给我批假，今年我要生孩子，你孩子长大，我老公他要跟我离婚了，我要辞职辞职辞职。,0,0,1
behavior_10,03:01.4,03:04.9,关键这一医院和产假的不是一个老公吗？,0,1,0
behavior_10,03:06.7,03:23.8,那唉这这不管了，反正我们不管了，我们要跳我们要离职唉走主要是说呃他在干嘛。,0,0,1
behavior_10,03:23.8,03:26.4,呢谁知。,0,0,1
behavior_10,03:27.2,03:51.6,你昨天怎么回事，啊咱们两张报表你坐前面我坐后面你也不检查检查今天你做那部分出了问题，结果上次找我麻烦，你6点就准时走了，我加班到7点还要被骂，我怎么啦昨天我写完了，你签的字，你怎么不检查一下，那你也不能随便做，呀你自己丢的烂摊子，还要我给你收拾好自己签的字，不检查来怪我。,0,1,0
behavior_10,03:51.6,04:11.0,喽你这人怎么知道呀报表前面半部分明明就是你做的，你怎么不去跟上司讲是你的问题，啊噢你签了字怎么来怪我，你好意思噢到底是谁好意思，啊你自己做的活你都不检查，随便做做你也太敷衍了，吧我这怎么的？,0,1,0
behavior_10,04:11.0,04:16.1,呀老板好辞职。你又咋了？来了。,0,1,1
behavior_10,04:18.6,04:29.8,这公司没法待了，就从事人品这么差，这么不负责任，天天都留一堆烂单子给我收，6点下班我7点才能收，你看我豆豆都都涨了多少了，我还天天对哈。,0,1,1
behavior_10,04:29.8,04:35.4,嗯以前不也都不少，少少吃点辣了。,0,0,1
behavior_10,04:35.6,04:40.1,你就说吧这活怎么干，啊我每天都得加班，我还得去骂。,0,1,0
behavior_10,04:40.2,04:53.1,唉真的他不也不赖，嘛加班是好事情，是为了让你们这个年轻时候有效利用时间，然后咱们这个有这个政策，每个月给你两天的时间不让你加班。,0,0,1
behavior_10,04:53.6,04:58.2,对，不高老板你也不了，你咋天天都提前走了。,0,0,1
behavior_10,04:58.2,05:06.9,唉呀我这不是就为了保留点这个精力给你们这个开会，啊要不我就没有时间给你们开会。,0,0,1
behavior_10,05:06.9,05:12.4,啊你就说吧这加班的事咋解决，要么他跟我一起加，要么你就让我提前走。,0,0,1
behavior_10,05:12.7,05:17.3,唉行，你先你先走，我我待会和秘书讨论讨论。,0,0,1
behavior_10,05:17.3,05:23.7,哈反正你要不给我一个解释，我今天只死定了。谢谢，搞明白了。,0,0,1
behavior_10,05:26.1,05:33.0,老板我要吃你你你又咋了，反正我要吃什么呢。,0,0,1
behavior_10,05:33.0,05:36.5,有啥这个东西啊每天都是让你提前走。,0,0,1
behavior_10,05:36.5,05:40.6,就我天天吵架，天天心情不好，我都快老几岁了。,0,0,1
behavior_10,05:40.6,05:46.6,你这一个月能有三天不加班，他他他一个月得讲他。,0,0,1
behavior_10,05:46.6,05:49.1,自己签的，他来怪我不想做。,0,0,1
behavior_10,05:49.4,05:53.2,了唉这方面了。,0,0,1
behavior_10,05:53.5,06:03.4,你先撤吧我和秘书讨论讨论，开门去啊然后就可以就可以了。,0,0,1
behavior_10,06:04.0,06:11.3,嗯请见我们进来这个老板老板这上项目的发表，你看看。,0,0,1
behavior_10,06:15.2,06:40.2,唉你看啊这个项目啊你们做得非常顺利，啊我们公司收益应该也是不错的，是吧是吧老板啊最近这物价涨得蛮快的，呀嗯我们两个那个说那个房子房东还要涨价了，然后嗯能不能给我们加工资？,0,0,1
behavior_10,06:40.2,07:07.8,呀工资啊能不能不能加点工资，啊咱们咱们那个这个这个这个还有资金量够不够，涨工资的呀不不够了，房东涨价，那你房子也涨价了，噢关我们什么事肯定不起了，呀呀等着你不起了，对不起。,0,0,1
behavior_10,07:07.8,07:14.3,我们住哪都不好，睡不好，不好工作不好，对啊公司又不提供这个公司深了。,0,0,1
behavior_10,07:14.6,07:26.6,这这这你就不对了，你家那么大给别人，唉呦我我就剩这几万平了再卖就不能再卖了。,0,0,1
behavior_10,07:27.9,07:31.6,唉这公司是您看噢您看。,0,0,1
behavior_10,07:31.8,07:37.4,唉这事比较重大，你们先先先撤吧我和秘书讨论讨论。,0,0,1
behavior_10,07:41.7,07:52.9,唉有几个倒霉孩子。快找个凳子咱们讨论讨论啊好，老板他们都要涨工资，那我的工资怎么办？,0,1,1
behavior_10,07:53.9,08:04.1,噢对，你你的工资啊不是你老婆没给你没给你弄点私房钱的。,0,0,1
behavior_10,08:04.6,08:17.6,对，我我老婆对我你了，我每个月发工资我就要先第二天，哭多久空了，哪个喜欢钱？,0,1,1
behavior_10,08:18.6,08:49.3,那这这怎么办啊这他们这要矛盾，啊他们嗯嗯意思意思加进去，这个不行，啊咱们这意思意思都不够了，我嚷嚷不少回来，这加班问题得解决解决了，要不给他们少加一天班，少少加一些有什么先多休息两小时。,0,0,1
behavior_10,08:49.7,08:54.7,可以可以嗯。也不好吧。,0,0,1
behavior_10,08:54.7,09:15.6,咱们这本来现在就比较紧张，啊形势也不好，销量也不好，这个这个制度不前，啊这样吧还是我们我我加大了，唉那意思意思然后吓唬他，说外面的公司不要人，也不景气，我们公司房产最好。,0,0,1
behavior_10,09:16.4,09:21.2,可以，我那那两道矛盾那怎么办那么。困难这个。,0,1,1
behavior_10,09:23.4,09:29.1,问题。噢好好好解决。,0,0,1
behavior_10,09:29.1,09:37.4,把他们请他一起吃过饭就没事，了嘛噢那那快解决，吧对不对？,0,1,0
behavior_10,09:37.9,09:44.9,对，唉行了，咱们明天加班的时候再讨论，吧对。,0,0,1
behavior_10,09:44.9,09:55.8,嗯这一年是史上最新的，我感觉员工都要自己也是史上全是巨大的秘书，对吧？,0,1,1
behavior_10,09:55.8,10:08.4,老板叫艺术商量，好，通过第一组的表现，啊我们其他小组的同学有没有看出来一些端倪，它的表现的是员工的离职，这些员工他在离职的时候为什么要离职？,0,1,1
behavior_10,10:08.4,10:12.3,啊嗯好，对，加班对吧？,0,1,0
behavior_10,10:12.3,10:17.9,还有什么这猫忙，还有什么？人类，还有什么？,0,1,0
behavior_10,10:17.9,10:20.4,你们看出来什么还有什么东西？,1,1,0
behavior_10,10:20.4,10:27.2,吵架的那个 Dji不一样，吵架反映了员工什么心理，有没有同学知道？,1,1,0
behavior_10,10:27.2,10:43.1,这个从心里我们学的态度，比如刚才说的工作不满意啊什么之类的，能找到这样子的一些呃的隔壁的工资高，工资不服务。对吧？可以这样子走。,0,1,1
behavior_10,10:43.1,10:49.8,啊好，我们下面就进行第二小组啊第二小组表演创新行为。,1,0,0
behavior_10,10:49.9,10:52.2,好，第二小组就位。,0,0,1
behavior_10,10:52.2,11:00.8,啊呃嗯是长这样的什么了？,0,1,0
behavior_10,11:00.8,11:06.6,做坐在这个地方可以可以做，你们饭就都要搬桌子行吗？,0,1,0
behavior_10,11:08.1,11:16.1,最后在中间有两个这一些，他是做饭的时候你们占了少饭店，其他的站着演示一下好不好？,0,1,0
behavior_10,11:16.2,11:33.1,你们说这一点待会面向关系朝这条的话了，这边什么，就是然后尽量的人上面的那边的话很快就是2000，嗯你现在这个区域里的数据就就行了，你说话。好可以了是吧？,0,1,1
behavior_10,11:33.1,11:51.6,好，组织行为学第二场创新行为，一进到底h好，又是我们去污公司一年一度的年终大会了，啊嗯请问大家有什么想发言的？,0,1,0
behavior_10,11:51.6,11:55.3,不能我们就是会有新的突破让我来。,0,1,1
behavior_10,11:56.4,12:06.9,张总这项技术真的很有潜力，一旦我们研发成功可以是我们集成行业的领先地位，它可以省水省力，还可以提高我们的工作效率。,0,1,1
behavior_10,12:07.0,12:16.4,我相信一旦研发成功，我们工作我们公司会成行业最大的一匹黑马，莫总相信我们嗯不错不错，你们有什么要说的？,0,1,0
behavior_10,12:17.5,12:20.4,有什么可创新的，创新不需要钱吗？,0,1,0
behavior_10,12:20.4,12:38.4,哪来的钱呢你们找去，但是它给我们带来的利益是巨大的巨大的，我们公司这样不挺好的，嘛整天到晚就知道瞎折腾挺好的，现在都要破产，啊破产就更需要更没有钱了，你们上哪找钱去？,0,1,1
behavior_10,12:39.2,12:48.6,我们可以融资啊融资，现在问题在这个日益发展的新新的社会，我们创新我走不走。,0,1,0
behavior_10,12:49.1,13:02.1,我表示支持，咱们公司到了该背水一战的时候了，嗯只有必须要投入大量的资金开始创新，然后公司才能有长远的发展，不然迟早会倒闭的。,0,1,1
behavior_10,13:03.0,13:13.5,老板老板我们也不送钱的窗户，请讲，莫总我们用新材料设计了一件新衣服，新年新气象，我们是不是应该给我们员工换一件新衣服？,0,1,0
behavior_10,13:13.5,13:29.4,呢首先让我来为您介绍一下我们的新衣服，这件衣服是用新材料设计可以实现无水清洁，他时时刻刻都能保持干净，那样我们的员工穿着干净的清洁服，是不是可以展现我们公司无事物清洁摘掉落后的干净的宗旨？,1,1,1
behavior_10,13:29.5,13:49.9,啊除了这种软广告以外，我们还有广告，看这里这就是我们文化的这个公司的宗旨，不是无时无刻不清洁，角角落不干净，那样在我们的我们的工人无论在哪家公司打扫都可以被别人认出来，而且记住他为我们拉到更多客户。,0,1,1
behavior_10,13:50.2,13:59.8,第三，我们的产品非常的便宜，只需要增加成本费5块钱一件，就可以实现一下我们公司面貌的欢心，这样何乐而不为？,0,1,1
behavior_10,13:59.8,14:09.8,嘛嗯对对对，而且这也可以建立我们公司的良好形象，让更多的客户，然后我们公司可以壮大起来，让世界的乌鸦满足气死。,0,1,1
behavior_10,14:11.8,14:34.1,嗯虽然我们酱油壶说的有一定道理，但是依我之见，在这个呃顺顺时代着昌，逆时代着王的年代，我们需要的是更多的创新，放心，你们的融资我已经找好了，技术部放心大胆的去做，吧谢谢孟总。,0,1,1
behavior_10,14:34.2,14:37.2,好，看一下ok了是吧？,1,1,0
behavior_10,14:37.2,14:43.8,好，第二小组给我们带来的创新的表演，其中呢也有一些增值对吧？,1,1,0
behavior_10,14:43.8,14:49.1,关于创创新它这里面涉及到创不创新，大家发现有什么问题没有？,0,1,0
behavior_10,14:49.3,14:51.9,为什么有人支持创新，有人不支持创新？,0,1,0
behavior_10,14:51.9,14:55.2,呢基金基金对吧？,0,1,0
behavior_10,14:55.5,15:05.0,跟资金有关系，除了资金还有什么大家能想到的，观念好很好，你们小组还有什么可以补充的？,0,1,1
behavior_10,15:05.0,15:10.7,第二小组你们出的资金和观念影响有创创新，还有什么还有什么你们会玩的表演当中？,0,1,0
behavior_10,15:11.1,15:18.0,嗯这当时没有别的看出来了，挺好啊表演的别人都感知到了对吧？,0,1,0
behavior_10,15:18.2,15:23.9,挺好的，信息传递的有什么心理呢什么心理，你们讲一个心理活动要不要创新？,0,1,0
behavior_10,15:23.9,15:34.7,啊可以使公司的发展更好发展更好未来的发展更好前这个前景，嗯让，公司看得到未来。,0,0,1
behavior_10,15:34.7,15:52.1,好，这是我们第二组表演的创新行为，啊我们下面开始第三组，有请我们第三组啊组织公民行为，好，新演员为啊对3333，好的，坐。,1,0,0
behavior_10,15:53.0,16:04.6,你看看这好，呃两两的嗯可以呃呃办大事了。,0,1,0
behavior_10,16:08.6,16:18.9,嗯嗯嗯嗯嗯嗯嗯嗯好，演员快点就位。,0,1,0
behavior_10,16:19.6,16:25.2,啊呃对，1.8一个了。,0,1,0
behavior_10,16:31.7,17:26.4,谁知这个呢好，请问啊组织行为学第三场，组织公民行为一进到底，h对于就是嗯哇你真是太困了，昨天晚上为我吃饭了，爆不了出去了三个小时，工作太多，谁说不是呢我都不知道我忙哪去了，上那个同学同学结婚我没去，上上线居然呃小孩我去上课，上次人家宝宝满月了，我也没有去我珍惜的时间，啊更可惜的是我上次工作名做完了想休息，小老板都让我留下帮助，另外一个人简直是黄胜在世不压榨到我们最后一点价值，他就不甘心说我期待中的真的一点都不会阳性。,0,1,0
behavior_10,17:27.3,17:29.5,怎么呢听了了？,1,1,0
behavior_10,17:29.5,17:32.6,企业的怎么了？,1,1,0
behavior_10,17:34.0,17:38.2,你来说一说组织内有任何矛盾都是可以解决的吗？,0,1,0
behavior_10,17:38.7,17:44.5,我们会觉得工作也很多，工作累了是我们公司。,0,1,0
behavior_10,17:44.6,18:00.2,毕竟是在一个积极上坡的一个阶段，工作繁忙是肯定的，我们马上要面临一个大难，我们必须要完成这个完成他之后，我们会有更多的工资，会有更多的薪水，啊会有更多的假期你们累只是暂时的。,0,1,1
behavior_10,18:00.6,18:09.0,现状，其实我们也是希望能够把公司建设更好，就是最近压力比较大。什么压力？,0,1,1
behavior_10,18:09.0,18:22.0,啊好没关系工作是暂时的，我们相信工工作会给我们带来收益，我们的收益会让我们家庭过得更加美好。,0,1,1
behavior_10,18:29.0,18:38.2,相信我们，而且你们还会有升值的空间，家要好好干，我们未来会给啊会给一些有志向有能力的年轻人提拔上出现。,0,1,1
behavior_10,18:38.7,18:42.9,嗯我们会加油，ok谢谢大家。谢谢好。,0,1,1
behavior_10,18:43.5,18:46.0,这些企业。,0,1,1
behavior_10,18:46.3,18:53.4,嗯嗯嗯还有那个小黄啊。搞的好性。,0,1,0
behavior_10,18:54.5,19:01.7,那个明天大班怎么办？今天还要加班，一个一个项目书还得你完成。,0,1,0
behavior_10,19:01.8,19:20.6,啊好的好的好的老板我一定会完成任务交给我，吧好相信噢，喂什么猪被偷了该怎么办？,0,1,0
behavior_10,19:20.6,19:23.3,好的好的好的我马上过来处理。,0,1,1
behavior_10,19:23.9,19:26.0,就是这个这个都在当时的。,0,1,1
behavior_10,19:27.1,19:31.2,怎么办？家里你可以帮我弄一下我的报表吗？,1,1,1
behavior_10,19:31.2,19:56.6,我家那个猪妹老家就被偷了，家里一老头子这么那么死去活来，呢对对1,0,1,1
behavior_10,19:58.9,20:18.5,呃当然是先想想。啊呃的的事，噢你这要要怎么样对于他给我包了，我感觉。,0,1,1
behavior_10,20:19.4,20:30.8,能不能像我们公司的发展，对，但没事没事别别说了，别去做，你快回去吧没事让我来说，啊你要帮我做完，感觉今天来看看。,0,1,1
behavior_10,20:31.3,20:35.8,好，好谢谢你，祝你我以后敢请你吃饭，好，好谢谢了。,0,1,1
behavior_10,20:36.1,20:38.4,嗯走啊啊。,0,1,1
behavior_10,20:40.0,20:41.7,嗯对准备。,0,1,1
behavior_10,20:44.3,20:45.1,好了。,0,1,1
behavior_10,21:01.0,21:10.4,呃下两位小姐您好，我是隔壁公司某项目负责人，然后我听完你是华中师范大学毕业的高材生，什么你现在在员工做什么？,0,1,1
behavior_10,21:10.4,21:17.4,职位呢，那现在公司发展也不景气，我就是一个小资源而已，是这样的。,0,1,1
behavior_10,21:17.5,21:25.7,其实我们公司和对公司一样正在侵权于上面，然后我听说你在这方面也很有才能，你让他回来我们公司吗？,0,1,1
behavior_10,21:25.7,22:02.3,我们公司可以给你提供双倍的工资，双倍的公司课，但是而且我们还可以给你们更好的岗位，一定比我们现在要好的多，我相信你来我们公司都可以有得到很好的发展机会，然后同时也希望呃因为你在这方面非常有才能，因为你有些项目圈就会希望可以跟我们公司指导，直接看到的，清楚了，他工资双倍工资高产，能让我考虑一下，嗯那其实是这样，我们时间可能一些限制，希望你们可以尽快的考虑清楚。,0,1,1
behavior_10,22:02.5,22:11.8,你想想过就是说就没有不一样，你看你在你们公司现在是什么样的地位，然后公司可以怎么样。希望你们公司能考虑一下，那我就。好呃。,0,1,1
behavior_10,22:21.7,22:25.0,嗯教育资金。,0,1,1
behavior_10,22:25.2,22:27.7,公司的工作不放心。,0,1,1
behavior_10,22:27.7,22:33.5,啊不好的，老板啊我什么时候才能送准加薪？,0,1,1
behavior_10,22:33.5,22:46.0,呢我们马上就要有一个呃大的工程完成，它一定会有更多的收入，公司会有更加的一个发展，肯定会有更高的工资，更高的一个职位。怎么了？,0,1,1
behavior_10,22:46.0,22:52.0,我我会有好钱投完在公司肯定会的双倍工资。,0,1,1
behavior_10,22:53.5,23:09.2,老板昨天对对面的公司让我去他们公司里面说给我高工资，还有高职位，但是我觉得老板你人挺好的，我就告诉你我们要怎么办？,1,1,1
behavior_10,23:10.1,23:34.4,拒绝他了，我了我说我考虑一下，好样的好样的那么相秀，把这个事告诉我会检举，然后嗯谁知我我们在他完成这项工程之后，一定会有更高的工资，更高的职位，现在我们工资会越来越好。噢好的好的，谢谢老板。,0,1,1
behavior_10,23:39.1,23:48.9,我我我想再解释一下，就是我们毕竟这个这个有点难，就是因为公民组织学院挺好的，挺好的，就是非要表现出和谐的一种。,0,0,1
behavior_10,23:49.0,24:02.2,动作开始抓住了，他们抓住了这个相互帮忙，也能够去牵手公司，啊没有去背叛公司，这一定是我们遇到的最有魅力的领导，对吧？,0,1,0
behavior_10,24:02.2,24:06.2,我说说刚才喝了一口水就让我呛晕了。,0,0,0
behavior_10,24:06.3,24:28.1,好，我们通过这组的表演，啊他们表演的是不公平行为，我们再回过头来看一看，唉为什么有的同事有的同事愿意帮助其他的同事，有的不愿意或者说最后能够解释这个诱惑，唉这有什么原因，啊其他的小组帮忙分析一下，你们小组也可以自己补充啊这是什么原因？,1,1,0
behavior_10,24:28.5,24:30.8,为什么会做这个组织公平行为？,1,1,0
behavior_10,24:30.8,24:33.1,好。,0,0,1
behavior_10,24:33.1,24:54.8,那我就说一下，因为我觉得其实我刚才就想说，因为我们这个有点抽象，我们这个其实我们认为原因主要出呃主要出现在内外部两方面，nei不一定会使我们的工资有问题，啊我们的加班加得加班啊什么类，啊工资类或者是一个我们上不去职位的一个限制等等，还有人际关系。,0,0,1
behavior_10,24:54.9,25:49.0,最慢的就像刚才我们现在的同学会面临的一些呃挖人，这个各种各样的东西，这是两这是原因，这是内外两个原因，然后对应啊对应的心理也是相应的，然后我们刚才我表现出的那几个我我我别人能理解吗，然后啊我我主要想说的就是解决方案是分两类了，就是一个一个蓄意石虚的，就是刚才我跟他们的那个对话，就其实就跟第一个对话，跟我们两位杨啊他们我们跟他们说，那个啊我们要会有更多的工资啊职位啊等等，我会借他们两个只口会向整个公司传达一种信号，这是一种虚的一种舆论上的一个一个一个改变，这么实的呢就是以后啊啊会因为已经有公司有大大的这种东西，我会相应的一定会有提拔，一定会有公司的提高，有有像活水嘛一个一个一个公司必须变成一个活水，有上下流动的一个样子来搞活，有和谐的关系。,0,0,1
behavior_10,25:49.0,25:53.8,就这样，刚才其实你还有一点，啊你们没有说这个老板人物很好，对吧？,0,1,0
behavior_10,25:53.9,25:56.6,人很好，所以很多人愿意做这，公民行为。,0,0,1
behavior_10,25:56.6,26:04.2,好，我们现在欢迎我们的第四小组谏言行为，好谢谢谢谢，好。,1,0,0
behavior_10,26:10.5,26:18.9,嗯都出去，好，嗯我想去却嗯对了。,0,1,0
behavior_10,26:18.9,26:26.9,嗯数据。,0,1,0
behavior_10,26:28.0,26:35.3,好，我们先坐再请介绍组织行为学第四小组谏言行为一进到底。,0,1,0
behavior_10,26:35.7,26:52.7,Action我们先是背景介绍是呃清末咸丰年间洋务运动前期，然后请同老爷孙在为西方男一入青萝卜啊忧心，唉啊就是这个有什么驾到了？,0,1,1
behavior_10,26:55.4,27:02.9,对吾皇万岁万岁，万万岁谢ok。小事。,0,1,0
behavior_10,27:03.1,27:19.2,对唉呀众爱心，现在我们正处于半绝对半风险收费，难以放到外国日期，全年获利欺我中华，请问该采取什么策略才能阻挡弱国若赢之势？,0,1,0
behavior_10,27:20.0,27:36.4,臣以为我泱泱中华地大物国物产丰富，然而近年来东南沿海屡遭西方蛮夷侵略，是因为我们海上干不过他们的，他们都是铁甲战舰，然而我们就是那种小木板船，怎么能打赢？,0,1,1
behavior_10,27:36.4,27:44.4,臣臣认为我们应该发展军事力量，造船只有纯纯金泡利才能干得赢西方。,0,1,1
behavior_10,27:45.7,27:54.7,有道理。皇上臣有话要说，自古以来我泱泱大国，礼仪之邦，以德服人，怎能下纳西方满意，行纳出入指示，在此。,0,1,1
behavior_10,27:55.2,27:59.5,如今哪有那些资金用于舰船召火器，称之为劳民伤财。,0,1,1
behavior_10,27:59.5,28:02.7,实属唉你有什么看法？,0,1,1
behavior_10,28:05.3,29:30.0,不是不是陈陈认为只有干这个西方才能保持我们文明之邦，礼仪之邦的地位，所以说还是要造船的，建一个什么江南制造总局，安庆的军机手机，两位爱心所言都不差，呀都十分有道理，这叫我好为难啊好难为难，三句话，每人赏一千，呀谢主隆恩，谁用都混了一个，不多了，呀先想着先想着想着再说闻大神别笑了，看看你有什么电源会说，陈阳本周嗯看小的们明治维新几年快速慢了变成有钱人，土豪啊我靠，咱们扬言大国人多，这多钱都每回都唉，居然还被西方男人亲看，却认为我曹丹应该改变科举制度，嗯莎莎提升一点有技术人才的地位，已经听说西方有个什么工业革命，咱们也总来看看，嗯不过咱们关键处的重大之外，还是咱们有德才能才能干得下，嗯这样的话咱们就可以守着小日本脚气得一把，谁知道？,0,1,1
behavior_10,29:31.2,29:42.8,头顶的敖探索嗯成为声场，泱泱大国大国，嗯说的也有几天的问题，行那我就再赏你银子。,0,1,0
behavior_10,29:42.8,29:50.8,吧对了，伯父没有严格的唉呦那就抓紧宫女失明了。,0,1,1
behavior_10,29:55.5,29:59.9,打听王大人你怎么不说话？,0,1,1
behavior_10,30:01.0,30:05.6,啊啊对对不行？,0,1,1
behavior_10,30:06.0,30:11.3,不够积极啊说这位下去吗？怎样？,0,1,1
behavior_10,30:11.5,30:29.1,众爱卿所言都有道理，这样吧王大臣既然你以老朽年迈思想魔兽，把你的洋务大臣之位就赞让给李大臣担任李大臣，我就升你为这一职位你要好好干，哟谢主对公安厅还有何事没有了？,0,1,1
behavior_10,30:29.9,30:34.7,对。对朝。,0,1,1
behavior_10,30:42.6,30:48.7,我看到了好多穿越了，这个就是形象为土豪的皇帝了。,0,1,1
behavior_10,30:49.6,31:04.0,为同学少精神，好，这个里面啊表现的有大学在谏言，有的大学没有谏言，这第四小组还有其他的小组都可以讨论一下，为什么有的人谏言，有的人不谏言，原因是什么？,1,1,1
behavior_10,31:04.0,31:08.3,就是我们有跨铜牌噢我们没有穿进去。,1,1,1
behavior_10,31:08.4,31:15.7,就那个场景昨天那个旁白可能没有走访，没有介绍完，噢不不邀请的邀请我们已经理解得非常深刻了。,0,0,1
behavior_10,31:16.4,31:22.4,你们这个你们当时说到那一点，什么这个王大成观念比较什么？保守是吧？,0,0,1
behavior_10,31:22.4,31:25.8,保守他们说，唉除此之外你们还能想到什么？,0,1,0
behavior_10,31:27.3,31:32.9,唉还有什么？其他的为什么说这个李大成为什么说李大成？李大臣爱卿。,0,1,0
behavior_10,31:32.9,31:44.1,唉所以就是说我的背景那个角色背景，就是那个入戏本身啊年轻年轻有为积极向上，年轻有为。,0,0,1
behavior_10,31:44.2,31:58.6,积极向上，想得到提拔，噢想得到提拔，啊想晋升，啊听好给自己的角色定位很好，啊选了一个好玩，好，有什么心理，你有什么心理活动想想啊。,0,0,1
behavior_10,31:58.6,32:01.8,心里就是第一个想得到提拔，第二个就是就是想。,0,0,1
behavior_10,32:02.1,32:09.1,像什么国富民、强国富民、强爱国家是好大型的。好各位上海。,0,0,1
behavior_10,32:09.3,32:12.5,回答为你的国富民强鼓鼓掌。,0,0,1
behavior_10,32:12.6,32:17.7,啊好，下面我们欢迎最后一个小组，第五小组。,1,0,0
behavior_10,32:18.4,32:24.4,嗯说了老板的老板有这里了。,0,1,1
behavior_10,32:27.0,32:35.6,老板坐这里，哈好，演员快点就位，啊我我们先做的也就不对的，噢你们先坐这可以。可以可以了吗？,0,1,1
behavior_10,32:37.0,32:52.1,组织行为学第五场一进到底反生产行为action，唉小敏你怎么坐那去了，你们坐坐这呀工工作的位置在这儿。,0,1,1
behavior_10,32:55.2,32:59.5,看看，你看我在黑眼圈有点深，啊怎么样？现在几点了？,0,1,1
behavior_10,32:59.5,33:02.5,呀现在大家都刚来吗？,0,1,1
behavior_10,33:03.1,33:10.4,待了很久，你看认真工作，他们问你怎么了？晚上你有男朋友吗？没有没有。,0,1,1
behavior_10,33:11.5,33:17.1,就是闹钟没有小孩也不想先说，为什么闹钟没有想就是没有修得远吗？,0,1,1
behavior_10,33:17.3,33:21.9,不远，啊那他就是说了需要组织上为你们解决吗？,0,1,1
behavior_10,33:21.9,33:28.7,需要你跟我说说你家住哪，那我会下场和老板说明一下情况。,0,1,1
behavior_10,33:36.2,33:41.1,嗯他们他们他们。,0,1,1
behavior_10,33:42.4,33:55.0,哇这是什么阴阳师吗？唉对，唉依然来来帮我抽一下，其实现在上班时间唉呀不要紧，工作还少，一会就短了，你知道我们组织上面有什么规定吗？,0,1,1
behavior_10,33:55.1,34:08.8,唉呀上班时间该做什么不该做什么，你应该知道呀我在这个位置上20年了，我当然比你清楚了，那个小明星都教育了，你知道我们组织的考核的规定是什么吗？,0,1,1
behavior_10,34:08.8,34:12.2,嗯都会背，啊但是又有什么用，呢我还是没有升职。,0,1,1
behavior_10,34:12.2,34:24.3,呀嗯行，吧那我就向老板噢说明一下情况，看一下你以后的工资会如何处理。,0,1,1
behavior_10,34:25.5,34:26.4,吧老板。,0,1,1
behavior_10,34:32.3,34:51.3,嗯谁知唉我们你要分下场唉给我们自己有话的说。,0,1,1
behavior_10,34:54.5,34:59.8,刚才发现了一个您最近身体好吗？,0,1,1
behavior_10,35:01.3,35:08.9,嗯最近我们公司的员工好像有些怠慢，嗯你看看怎么解决？,0,1,1
behavior_10,35:09.3,35:15.7,啊存在的就是偶尔有人。,0,1,1
behavior_10,35:15.9,35:20.7,嗯我们在上班时间玩一下阴阳师啊迟到啊什么的。,0,1,1
behavior_10,35:20.9,35:28.7,嗯嗯嗯嗯嗯嗯嗯那就合作。公司吧。,0,1,1
behavior_10,35:30.3,35:39.8,客户工资那你要不要打算开个小会，说明一下批评一下，嗯指导下做下思想工作，进行教育谈话。,0,1,1
behavior_10,35:40.0,35:44.1,嗯嗯嗯嗯我们。,0,1,1
behavior_10,35:46.3,35:55.2,对他这哦对了，嗯待会你好像有个重要会议要排队。对了。,0,1,1
behavior_10,35:55.6,36:08.6,嗯嗯嗯问题就是关于我们嗯有两个生产小队的一些噢团队合作的事情，所以你现在要开始你们的会议了吗？,0,1,1
behavior_10,36:09.5,36:11.6,好。,0,1,1
behavior_10,36:33.5,36:39.5,嗯嗯下面会议正式开始，嗯有请老板发言。,0,1,1
behavior_10,36:42.0,37:00.2,嗯最近呢呃你们工作都比较辛苦，呃任务也比较繁重，你你们就报道一下最近工作的情况。,0,0,1
behavior_10,37:07.0,37:20.2,嗯最怕空气突然安静，下面请请这组来那个老板你是不是还要进行一下分组？,1,1,1
behavior_10,37:20.2,37:30.6,呀对，现在让我们了现在的项目。,0,0,1
behavior_10,37:30.9,37:35.5,能赶上对的。,0,0,0
behavior_10,37:35.5,37:43.2,他们会说你们三个月，你们4个1组，然后你们3个1组怎么样？,0,1,1
behavior_10,37:43.6,37:46.1,噢不是听说还有奖励的吗？,0,0,1
behavior_10,37:46.5,37:48.9,谁先完成谁先得呢？,0,1,0
behavior_10,37:51.2,37:54.1,对那个谁先完成任务谁都有。,0,0,1
behavior_10,37:56.2,38:02.9,奖励有没有时间期限什么的？呀嗯学生完成学生完成的快是不行。,0,1,0
behavior_10,38:12.4,38:31.8,嗯嗯今天你们能完成没噢我们已经做的差不多了，你们呢我们还没呢还差一点资料，那加油加油，吧你们要做的吗？,0,1,1
behavior_10,38:32.1,38:37.9,嗯没有了，其实我们嗓子都做好了，嘛没有完成。,0,0,1
behavior_10,38:38.3,38:52.8,没有了，但是想给我的话，我听说他们有多少，再给我们看他们的质量卡也行，反正也就没几天感觉专家多了不是也没用吗？那你打算怎么搞？,0,1,1
behavior_10,38:53.1,39:09.4,我就是先借着他们的那个桌子上面应该也没什么用，啊他们桌子不是没时间的，那你是还是我去一起去一起这个呃快我看见了。,0,0,1
behavior_10,39:10.7,39:16.1,你们两个去。我来嗯。嗯来。,0,0,1
behavior_10,39:16.6,39:21.8,看看这位美丽的小姐你在干嘛的？,0,1,0
behavior_10,39:22.0,39:27.3,啊我再看看啊看一看，啊到处看一看你手上的这个是什么？,0,1,0
behavior_10,39:27.3,39:33.5,呀这个重要、机密唉这个如何解释？,0,1,0
behavior_10,39:33.8,39:44.2,这个我们看看就是工作进度，看重要机密，工作进度，嗯老板你看这怎么解决？,1,1,0
behavior_10,39:44.9,39:55.0,嗯呃呃的这个这个点我觉得是很严重的问题。,0,0,1
behavior_10,39:55.4,40:03.3,嗯你们因为没有完成任务，回收透支幂这件事情。,0,0,1
behavior_10,40:03.3,40:16.6,看不好，你们只是了解一下他们的进度，嗯嗯我就看看不同不了，不要找没有你们也是你们应该互帮互助知道吗？,0,1,1
behavior_10,40:17.1,40:19.9,这样的话我们企业才能达成它。,0,0,1
behavior_10,40:23.4,40:30.0,对，好，第五小组对我们的反生产行为投机激励对吧？对。,1,1,0
behavior_10,40:30.1,40:42.0,然后互相离婚，互相还有这种诋毁的还代工，渠道我听了很多，为什么会产生这些行为？啊你们为什么产生这些行为？,1,1,1
behavior_10,40:42.3,40:55.7,首先就是这个就是第二个故事是一个真实发生的，然后他那个迟到的话是在就是相当于是原因是什么为什么迟到，工资低工资低是一方面。,1,1,1
behavior_10,40:55.7,40:59.3,好还有什么不升职不升职。,0,0,1
behavior_10,41:00.5,41:05.4,不升职去做反生产行为，还有什么？通秘密是什么？,0,1,0
behavior_10,41:05.4,41:09.1,为什么通秘密这两个竞争对吧？,0,1,0
behavior_10,41:09.9,41:18.9,好好企业就可以了，我们今天啊根据这个大家的表演唉5种行为，我们了解到一些原因对吧？,0,1,0
behavior_10,41:18.9,41:46.3,了解到一些员工的心理，那我们到底应该分析怎么分析他这个员工的行为表现出的差异和这个管理策略，呢今天正好跟大家一起再到我们组织行为学的一个研究范畴来看，这个表格放这里边小的传到这，大家都去梦想里面可以在手机上看一下，这是我们里面组织行为学中的一个思路，大家先看一看这样子中间的虚线看到没有？,0,1,0
behavior_10,41:46.6,41:49.0,这样可以变成三个层次，看到没有？,0,1,0
behavior_10,41:49.0,41:57.0,最上面一层组织层面的不知道看不看得清楚，啊组织层面的有组织层面的结果变量，唉这是第二个层次团队层面。,0,0,1
behavior_10,41:57.0,42:01.7,第三个层次，个体层面，今天大家表现了很多行为属于什么？,0,1,1
behavior_10,42:01.7,42:08.2,个体个体个体去做，你指一个体去做钣金彩也有团队一起来辞职对吧？,0,1,0
behavior_10,42:08.2,42:29.6,团队的行为，我们说除了个体行为，还有团队的行为，团队的行为，除了这些包括团队的有效性，团队的创新，啊团队的这个绩效都是我们关注的重点，还包括组织今天可能大家没有表现到的组织的整个创新，组织的一个绩效，这个是我们做组织行为学研究首先要思考清楚的一个问题。,0,0,1
behavior_10,42:29.7,42:42.4,就是我们在关注什么层面的东西，首先要想清楚我们是在研究员工个体的行为，还是在研究团队的行为，还是在研究组织的行为，对吧？,1,1,0
behavior_10,42:42.4,42:48.3,你们再回想一下你们的表演，有原有同学有的小组涉及到个体的小组，涉及到团队对吧？,0,1,1
behavior_10,42:48.3,42:54.7,也有可能同时涉及到这三个层次啊那对应的这三个层次，我们说会有一定的影响因素。,0,0,1
behavior_10,42:54.8,43:13.5,这个地方大家注意一下，我为什么每节课的最后面跟大家推一些局部动态，让大家看看文章，这个是有助于提升我们的学术严谨性和这个专业化程度，比如说大家所讲的这个地方，唉这个吵架，我们可以把它转换成一个更专业的术语是什么？,0,1,1
behavior_10,43:13.7,43:16.1,团队成员之间的关系对吧？,0,1,0
behavior_10,43:16.1,43:37.5,比如说你们说的这个这个这个工资低，唉我们可能是属于组织政策当中，比如说薪酬政策，能不能理解这些专业术语可能需要我们在课后看更多的一些文献，最跟进一些理论研究才能够获得的到，啊因为书本上的这个知识相对来说会稍微落后一点。我们要了解什么？,0,0,1
behavior_10,43:37.5,43:54.6,呢我们先看下面一条线对应的是一样的，组织层面的东西，结果我们会有组织层面的一些呃这个个体层面的结果，我们会有个体的因素，比如说个体的人口特质的因素，比如说我们说的常说的年龄、啊性别、啊学历啊等等这些都有影响。,1,0,1
behavior_10,43:54.6,43:59.3,第二我们之前讲的个性价值观，这是不是影响？,1,1,0
behavior_10,43:59.3,44:04.3,啊比如刚才这个谏言行为，有同学说这个人保守，另外的人他不保守对吧？,0,1,1
behavior_10,44:04.3,44:19.6,这其实都是影响因素啊，团队也是一样，比如说刚才有人说领导很好，唉这个领导可能我们在我们在上管理学原理的时候，我之前有跟班级说过，比如说这可能就反映的是我们什么？一个真诚型的领导对吧？,0,1,1
behavior_10,44:19.6,44:26.2,领导的不同的风格，啊您包括一些团队的特征，团队的凝聚力强不强唉都有可能产生影响。,0,0,1
behavior_10,44:26.3,44:33.1,组织也是一样，组织的文化组织的薪酬政策对组织也会产生影响，这是我们看到单一的一条线。,0,0,1
behavior_10,44:33.2,44:37.6,那同时我们说还要看到一个交叉影响，就是这个蓝色的部分看到没有？,0,1,1
behavior_10,44:37.6,44:40.6,我们组织的一些政策对团队有没有影响？,0,1,1
behavior_10,44:41.3,44:51.4,会有了组织的政策对个体心理的层面，就是你们这个地方的一些态度公不公平，程度高不高，愿不愿意投入工作有没有影响？是有的。,0,1,1
behavior_10,44:51.7,45:02.4,当然说组织的心理特征也会影响到团队的结果，团队的也会影响到个体，这个就构成了我们组织行为学当中研究的一个思路，啊这也是很关键的一个思路。,0,0,1
behavior_10,45:02.5,45:11.7,大家还记不记得我们在我们在这个呃开篇的时候，杨老师跟大家讲的，我们组织行为学有一个研究范式是什么？,1,1,0
behavior_10,45:12.3,45:15.3,还记不记得有刺激产生了什么？,0,1,0
behavior_10,45:15.3,45:17.9,刺激刺激产生了什么？,0,1,0
behavior_10,45:18.2,45:24.6,Vae不是4机产生的新，然后由心理在产生什么？行为行为？,0,1,1
behavior_10,45:24.6,45:28.4,很好，啊我们说在组织行为学当中我们是怎么研究？,0,1,0
behavior_10,45:28.4,45:31.1,呢我们说这个刺激就相当于我们是一个什么？,0,1,0
behavior_10,45:31.2,45:36.3,X自变量，大家要学统计的时候都知道这个问题对吧？我们在研究什么？,0,1,0
behavior_10,45:36.3,45:40.8,呢我们看这个刺激对员工的行为因变量y能产生什么样的影响？,0,1,0
behavior_10,45:40.9,45:51.2,其实是研究两者的关系，其实刚才比如说谏言行为为例，就研究这个人保不保守，对他谏言有没有影响，保守的人不愿意谏言，开放的人愿意谏言对不对？,0,1,1
behavior_10,45:51.4,46:13.1,那中间这个心理状态就是我们说的这个态度，啊刚才所验收的啊在这个过程当中，我们说它起到了一个中间传导的一些作用，这个就是我们组织行为学研究的一个思路，那我们说今天让大家讨论的这个找一些组织的对策和原因，除了知道这个思路之外，还是要大家知道另外一个套路是什么呢？,0,1,1
behavior_10,46:13.2,46:22.2,大家注意一下，我们说在谈到影响因素也就是这个刺激的时候，无外乎从组织层面找因素对不对？,0,1,1
behavior_10,46:22.4,46:29.4,从团队层面造因素，从个体层面找因素，像刚才你们所列举的这些因素加不加班累不累？,0,1,1
behavior_10,46:29.5,46:32.3,有没有晋升的空间人好不好？,0,1,1
behavior_10,46:32.3,46:37.0,我们是不是都可以把它归结为组织层面、团队层面、个体层面对吧？,1,1,0
behavior_10,46:37.1,46:41.2,除了这个之外，我们说还有两个因素需要考虑，啊还有哪两个？,1,1,0
behavior_10,46:41.2,46:46.2,呢第一个是你们今天可能没有表演到的家庭的因素，什么意思？,0,1,1
behavior_10,46:46.6,46:50.2,比如说你们工作有没有压力，家庭因素有没有可能影响？,0,1,1
behavior_10,46:50.2,46:58.7,啊你的配偶支不支持，你有没有结婚才有有的材料对不对？要生儿开对吧？要锻炼对吧？,0,1,1
behavior_10,46:58.7,47:01.6,这个很好，对，这就是涉及到我们家庭因素对吧？,0,1,1
behavior_10,47:01.8,47:12.7,还有一块是工作本身的因素，第五小组给我们公司的反生产行为投机力对吧？对。,0,1,1
behavior_10,47:12.8,47:22.5,然后互相离婚，互相还有这种因为给，他带来还代工渠道提了很多，为什么会产生这些行为？,1,1,1
behavior_10,47:22.5,47:24.7,啊你们为什么产生这些行为？,1,1,0
behavior_10,47:25.0,47:38.4,首先就是这个就是第二个故事是一个真实发生的，然后他那个迟到的话是在就是相当于是原因是什么为什么迟到，工资低工资低是一方面。,1,1,1
behavior_10,47:38.4,47:41.9,好还有什么不升职不升职。,0,0,1
behavior_10,47:43.2,47:48.1,不升职去做反生产行为，还有什么？通秘密是什么？,0,1,0
behavior_10,47:48.1,47:53.0,为什么通秘密这两个竞争对吧？好。,0,1,0
behavior_10,47:53.6,48:01.6,好，企业联合我们今天啊根据这个大家的表演唉5种行为，我们了解到一些原因对吧？,1,1,0
behavior_10,48:01.6,48:29.0,了解到一些员工的心理，那我们到底应该分析怎么分析他这个员工的行为表现出的差异和这个管理策略，呢今天正好跟大家一起再到我们组织行为学的一个研究范畴来看，这个表格放这里面小的传到这大家的群梦想里面，可以在手机上看一下，这是里面组织行为学中的一个思路，大家先看一看这样子中间的虚线看到没有？,1,1,0
behavior_10,48:29.3,48:31.7,这样可以分成三个层次，看到没有？,1,1,0
behavior_10,48:31.7,48:39.6,最上面一层组织层面的不知道看不看得清楚，啊组织层面的有组织层面的结果变量，唉这是第二个层次团队层面。,0,0,1
behavior_10,48:39.6,48:44.4,第三个层次，个体层面，今天大家表现的很多行为属于什么？,0,0,1
behavior_10,48:44.4,48:50.9,个体个体个体去做，你只是个体去做钣金彩也有团队一起来辞职对吧？,0,1,0
behavior_10,48:50.9,49:25.1,团队的行为我们说除了个体行为，还有团队的行为，团队行为除了这些包括团队的有效性，团队的创新，啊团队的这个绩效都是我们关注的重点，还包括组织今天可能大家没有表现到的组织的整个创新组织的一个绩效，这个是我们做组织行为学研究首先要思考清楚的一个问题，就是我们在关注什么层面的东西，首先要想清楚我们是在研究员工个体的行为，还是在研究团队的行为，还是在研究组织的行为，对吧？,1,1,0
behavior_10,49:25.1,49:30.9,你们再回想一下你们的表演，有原有同学有的小组涉及到个体的小组，涉及到团队对吧？,0,1,0
behavior_10,49:31.0,49:37.4,也有可能同时涉及到这三个层次啊那对应的这三个层次，我们说会有一定的影响因素。,0,0,1
behavior_10,49:37.5,49:56.2,这个地方大家注意一下，我为什么每节课的最后面跟大家推一些学术动态，让大家看看文章，这个是有助于提升我们的学术严谨性和这个专业化程度，比如说大家所讲的这个地方唉这个吵架，我们可以把它转换成一个更专业的术语是什么？,0,1,1
behavior_10,49:56.3,49:58.8,团队成员之间的关系对吧？,0,1,0
behavior_10,49:58.8,50:20.1,比如说你们说的这个这个这个工资低，唉我们可能是属于组织政策当中，比如说薪酬政策，能不能理解这些专业术语可能需要我们在课后看更多的一些文献，最跟进一些理论研究才能够获得的到，吧因为书本上的这个知识相对来说会稍微落后一点。我们要了解什么？,0,0,1
behavior_10,50:20.2,50:37.3,呢我们先看下面一条，线对应的是一样的，组织层面的东西，结果我们会有组织层面的一些呃这个个体层面的结果，我们会有个体的因素，比如说个体的人口特质的因素，比如说我们说的常说的年龄、啊性别、啊学历啊等等这些都有影响。,1,0,1
behavior_10,50:37.3,50:42.0,第二我们之前讲的个性价值观，这是不是影响？,0,0,0
behavior_10,50:42.0,50:47.0,啊比如刚才这个谏言行为，有同学说这个人保守，另外的人他不保守对吧？,0,1,1
behavior_10,50:47.0,51:02.3,这其实都是影响因素啊，团队也是一样，比如说刚才有人说领导很好，唉这个领导可能我们在我们在上管理学原理的时候，我之前有跟班级说过，比如说这可能就反映的是我们什么？一个真诚型的领导对吧？,0,1,1
behavior_10,51:02.3,51:08.9,领导的不同的风格，啊您包括一些团队的特征，团队的凝聚力强不强唉都有可能产生影响。,0,0,1
behavior_10,51:09.0,51:15.8,组织也是一样，组织的文化组织的薪酬政策对组织也会产生影响，这是我们看到单一的一条线。,0,0,1
behavior_10,51:15.9,51:20.2,那同时我们说还要看到一个交叉影响，就是这个蓝色的部分看到没有？,0,1,1
behavior_10,51:20.2,51:23.3,我们组织的一些政策对团队有没有影响？,0,1,1
behavior_10,51:24.0,51:34.1,会有吧组织的政策对个体心理的层面，就是你们这个地方的一些态度公不公平，程度高不高，愿不愿意投入工作有没有影响？是有的。,0,1,1
behavior_10,51:34.4,51:45.0,当然说组织的心理特征也会影响到团队的结果，团队的也会影响到个体，这个就构成了我们组织行为学当中研究的一个思路，啊这也是很关键的一个思路。,0,0,1
behavior_10,51:45.1,51:54.3,大家还记不记得我们在我们在这个呃开篇的时候，杨老师跟大家讲的，我们组织行为学有一个研究范式是什么？,1,1,0
behavior_10,51:55.0,51:58.1,还记不记得有刺激产生了什么？,0,1,0
behavior_10,51:58.1,52:00.6,刺激刺激产生了什么？,0,1,0
behavior_10,52:01.8,52:07.8,刺激产生的心理，然后由心理在产生什么？行为？很好。,0,1,1
behavior_10,52:07.8,52:11.2,啊我们说在组织行为学当中我们是怎么研究？,1,1,0
behavior_10,52:11.2,52:13.9,呢我们说这个刺激就相当于我们是一个什么？,0,1,0
behavior_10,52:14.0,52:19.0,X自变量，大家又学统计的时候都知道这个问题，对吧？我们在研究什么？,0,1,0
behavior_10,52:19.0,52:23.5,呢我们看这个刺激对员工的行为因变量y能产生什么样的影响？,1,1,0
behavior_10,52:23.6,52:33.9,其实是研究两者的关系，其实刚才比如说谏言行为为例，就研究这个人保不保守，对他谏言有没有影响，保守的人不愿意谏言，开放的人愿意谏言对不对？,0,1,1
behavior_10,52:34.1,52:55.8,那中间这个心理状态就是我们说的这个态度，啊刚才所验收的啊在这个过程当中，我们说它起到了一个中间传导的一些作用，这个就是我们组织行为学研究的一个思路，那我们说今天让大家讨论的这个找一些组织的对策和原因，除了知道这个思路之外，还是要大家知道另外一个套路是什么呢？,0,1,1
behavior_10,52:55.9,53:04.9,大家注意一下，我们说在谈到影响因素也就是这个刺激的时候，无外乎从组织层面找因素对不对？,0,1,0
behavior_10,53:05.0,53:12.1,从团队层面找因素，从各级层面找因素，像刚才你们所列举的这些因素加不加班累不累？,0,1,1
behavior_10,53:12.2,53:15.0,有没有晋升的空间人好不好？,0,1,0
behavior_10,53:15.0,53:19.7,我们是不是都可以把它归结为组织层面、团队层面、个体层面对吧？,0,1,1
behavior_10,53:19.8,53:23.8,除了这个之外，我们说还有两个因素需要考虑，啊还有哪两个？,0,1,1
behavior_10,53:23.8,53:28.9,呢第一个是你们今天可能没有表演到的家庭的因素，什么意思？,0,0,1
behavior_10,53:29.3,53:32.9,比如说你们工作有没有压力，家庭因素有没有可能影响？,0,0,1
behavior_10,53:32.9,53:41.4,啊你的配偶支不支持，你有没有结婚才有有的，材料是对要生二胎对吧？要锻炼对吧？,0,1,0
behavior_10,53:41.4,53:44.3,这个很好，对，这就是涉及到我们的，家庭因素对吧？,0,1,0
behavior_10,53:44.4,53:55.2,还有一块是工作本身的因素心，如果真正工作本身是一个不复杂的，不要具有创新的性，它是相对来说就不容易创新了，对不对？,0,1,0
behavior_10,53:55.2,54:02.7,有这样子的工作自主性本身工作自主性很高的时候，我可能就更愿意投入一些对吧？可能工作投入就更高一些。,0,1,0
behavior_10,54:02.8,54:35.2,所以这个给大家展示的是我们组织行为学研究的一个思路，对大家来说有什么影响，呢唉我们现在要学会这样一个思维，啊我们说不仅仅要教会大家怎么样去获得这个鱼，更重要的是让大家学会这种思维模式，以后我们在分析管理的成因和对策的时候，你们就可以从这5个方面思考，从组织的角度，从团队的角度，从个体的角度，再加上从家庭的角度，从工作的角度找是什么原因产生的？,1,1,1
behavior_10,54:35.4,54:39.8,那针对这不同的原因，今天我其实把原因跟对策写在一起，你发现没有？,0,0,0
behavior_10,54:40.0,54:43.1,如果你找到的原因，相应的是不是就很好的解决对策？,0,0,0
behavior_10,54:43.2,54:51.7,啊老板人不好嗯，所以我不愿意谏言，我不愿意去组织公益行为那对应的，我们这个老板可能要么就换这个老板换人对吧？,0,1,1
behavior_10,54:51.7,55:09.4,或者说需要老板换一点风格，或者说你要去另外你自己去另外一个公司找这种对策，产生了什么原因，我们就去找什么样的对策，啊今天你们回去之后，其实还可以把自己的4级小组的表演再提升一下，看看你们从组织层面找有什么原因，团队层面有什么原因是吧？,0,1,1
behavior_10,55:09.4,55:14.2,从这个方面去找，啊这个更让大家来学会这样的一种思维的模式。,0,0,1
behavior_10,55:14.3,55:38.2,哈那我们今天呢主要是跟大家介绍了员工的态度和行为相关的概念，啊用角色扮演的方式，同时也是希望能够培养大家一个很好的积极的学习态度，这个地方呢跟大家介绍一个最新的一个学术热点，还是大家关注的干什么事情，其实离职这一组已经表演出来了，我们现在很多行为我们刚才讲了有个体的层面的行为对吧？,0,1,0
behavior_10,55:38.2,55:48.4,现在的研究越来越发现单个个体的行为，有时候它的危害性它并没有那么大，但是这种行为一旦上升到群体的时候可能就很麻烦了。,0,0,1
behavior_10,55:48.6,56:04.5,比如说你离职你今天离职一个，你下一个月再离职，我及时填补就可以了，但是如果你们是一个团队，特别是像这样做高科技的一个it团队，整个就走，我们说你的这个 Vivo也好，这个这个这个 OPPO也好，就是从以前步步高的团队走的对吧？,0,1,1
behavior_10,56:04.5,56:06.9,很可能这些团队走出立马成为你的什么？,0,1,0
behavior_10,56:06.9,56:11.3,呀竞争对手，所以这个只是给大家一个启发一个思路。,0,0,1
behavior_10,56:11.3,56:26.5,啊现在除了离职之外除了离职在全体职员之外，很多学者的研究开始在关注更多的关注什么，除了个体之外可能发生的群体现象，啊这个也是我们以后看新闻也好或者思考问题的时候也需要关注的一个点。,0,0,1
behavior_10,56:26.5,56:51.2,啊那我们这个作业最后跟大家说一下，啊按照这个惯例，大家云平台继续回答每个专题的问题，那这个还需要大家去完成的一个任务，就是列举出员工机密当中啊机密理论我们都学过，大家列三个最感兴趣的问题，我们下一节课再采用一个全新的方式，开放空间的技术，啊让大家来解决管理心理当中的现实问题。,0,0,1
behavior_10,56:51.2,57:04.0,啊好，这个明天的课程大家预习一下，我们第四小组明天要汇报案例，啊第三小组这个案例好，后天后天后天啊下次课的时候，啊好，那我们今天的课就到这里结束，谢谢大家。,0,0,1
behavior_10,57:06.9,57:07.4,嗯,0,0,1
behavior_11,00:00.0,00:17.4,无论是这个看还是停，啊我们也能够看到我们所熟知的一些企业，他们所采取的奖励制度和措施，啊那我们在管理学中间我们也学过了相当的激励理论，对不对？,0,1,0
behavior_11,00:17.4,00:32.4,实际生活中我们也有作为一个普通学生，作为一个普通组织成员的这个经验，我们希望这个组织对我们采取什么样的激励措施，这是一个层面生活层面。,0,0,1
behavior_11,00:32.4,00:39.7,第二个组织层面，现有的生活中已有这些组织，他们采取了哪些措施？,0,1,1
behavior_11,00:40.7,00:48.5,这些措施跟我们的希望是不是相符的，这就涉及到一个理解是吧？,0,1,0
behavior_11,00:49.9,01:51.6,啊第三个方面我们学过了若干个集体理论，我们所希望的东西，组织所采取的激励措施与我们管理学所讲的经典的激励理论，它之间是不是相符合这么一个关系，我们可以去思考，那今天呢我们请了这个一位同学呢给我们讲一讲我们国家的一些典型的企业，他们所采取的一些激励的制度和措施，每讲一个注意啊每讲一个我们每一个小组你在听的过程中你都要把握，每个小组通过讨论要拿出一个问题，每个小组一个问题，啊啊我们小组要每个小组要啊每一个，小组每个小组提一个问题，啊给你们半分钟的时间，刚开始就是你们相互协商一下，每个小组派个代表提一个问题是吧？,0,1,1
behavior_11,01:51.6,02:08.9,提一个问题然后呢这个演讲人呢简单作答，或者说你们在你，你们这个准备这个小组，你们就不用提问题了，你们小组成员也可以简单步伐好不好？,0,1,1
behavior_11,02:08.9,02:16.6,啊然后老师呢我在中间我会对某一些这个问题模糊的问题做一些澄清，是吧啊。,0,0,1
behavior_11,02:17.5,02:51.7,那我们这节课呢我们就按照这个模式，我们把它这个得做一做，接着下一节课，我们就把这个整个基本理论，从系统全面的角度，从他的基本的思维方式的角度，我们再把它梳理一遍，这样呢我们就从实践的层面，从理论的层面，包括我们从自身感受的层面，三者把它沟通起来，形成三位一体这么一个理解这个激励这个经验、激励制度和激励理论，这么一个关系啊把它理顺好不好啊好？,1,1,0
behavior_11,02:51.7,03:01.7,接下来我们徐书记同学给大家啊下面每个小组同学啊先一边听一边琢磨，然后半分钟讨论。每个小组提一个问题。,1,0,1
behavior_11,03:01.7,03:24.3,啊嗯大家好，我是第三小组的代表，我今天讲的呢有三个企业，一个是海尔，一个是华为，一个是星巴克，然后虽然是我代表我们小组上来讲，但是我们小组每个成员都有负责一部这份资料的整理，下面就直接进入第一个，噢这就是总的这个目录流程，那下面进入第一个企业就是海尔企业。,1,0,1
behavior_11,03:24.6,03:35.4,海尔企业它的激励呢分为5以下5个部分，1个就是三宫并存，动态转换，所谓3公及优秀工人，合格工人和私用。,0,0,1
behavior_11,03:35.5,04:16.4,试用工人，就是说他们的改革思路，就是说他们可以就是如果干得好就可以成为优秀的工人，但是干得不好随时就可能转化为合格工人，甚至是适用功能，在这种社会机制还就是保障机制还比较不完善的情况下，这种做法能够比较有效的解决就是铁饭碗的问题，让员工有一种竞争意识，意识，如果你做的比别人不好，你可能就会被淘汰掉，就是时时刻刻有危机感，而且的话就是对党党干部进行控制，对每个干部进行每个月的这种考评，但在考评档次上表扬和批评，这样子的话呢就是能够决定他们的岗位升迁问题。,0,0,1
behavior_11,04:16.5,04:42.4,还有呢就是定额淘汰定额淘汰指的是他们每年都会有一笔一一定比例的人员被淘汰，以保持企业的活力，也就是说你要不断的企业不断的更新换代，迎接新的学业，然后把那些可能在岗位上做的并不出色，或者说呃拖企业后腿的人淘汰出去，这样企业才有新的人力活力，这也是企业能够持续稳定发展的一个理由。,0,0,1
behavior_11,04:42.4,04:54.7,那么还有就是富有特色的分配机制，一般来讲分配机制就是你的上层跟下层，如果没有分配的公平，如果调节的不够好的话，对企业来讲是一个很大的矛盾。,0,0,1
behavior_11,04:54.8,05:06.1,那么海尔它的原则就是对内具有公干性，对外具有竞争性、高素质高技能能够获得高的报酬，这样人才的价值也在其中能够更好的体现。件。,0,0,1
behavior_11,05:06.1,05:46.4,那么接下来就是注记重它注重精神激励，精神激励的话，就是海尔他会用员工的名字来命名一些小的发明，比如说启明焊枪，啊云艳镜子这种那这种的话就给原生员工一种精神上激励，比如说我在这个公司，我在这个领域我自己做出了一些创造，我有我自己的成就，这也是海尔对员工的一种精神激励，来创造他们对工作的责任感和创造力，那么就是强化培训创造学习机会，这不仅对于员工自身价值的实现和自身能力的提升有一定的好处，同时对于海尔这个集团它整体员工素质的提升也有一定的好处。,0,0,1
behavior_11,05:47.2,06:44.4,那么接下来我就讲一下海尔他这个提出的一个斜坡球理论，以及由斜坡球理论提出的赛马，不像马里赛马不下马的观念，海尔认为人力资源是企业中最宝贵的财富，如果每个人的潜能都能发挥出来，每个人都是一个太平洋，都是一座喜马拉雅山，要多大就有多大，要多深就有多深，要多高就有多高，所以他们认为盘活企业主要是盘活人，那么他所谓的斜坡球理论呢是从斜坡上流动的小球提出来的，领悟出了企业人人才发展的规律，斜坡球发展理论指的是斜坡球上的球体，好比就是一个员工的个体，而球代表的是员工发展的平台，斜坡代表的是企业发展的规模和企业竞争程度，根据学科球理论，它发展出了海尔的用人机制，是人人是人才，赛马不像马，像马是把自己无论是。,0,0,1
behavior_11,06:45.2,07:01.9,这个看还是停，啊我们也能够看到我们所熟知的一些企业，他们所采取的奖励制度和措施，啊那我们在管理学中间我们也学过了相当的积极理论，对不对？,0,1,0
behavior_11,07:01.9,07:16.5,实际生活中我们也有作为一个普通学生，作为一个普通组织成员的这个经验，我们希望这个组织对我们采取什么样的激励措施，这是一个层面生活层面。,0,0,1
behavior_11,07:16.5,07:23.7,第二个组织层面，现有的生活中已有这些组织，他们采取了哪些措施？,0,1,1
behavior_11,07:24.7,07:32.5,这些措施跟我们的希望是不是相符的，这就涉及到一个理解是吧？,0,1,1
behavior_11,07:33.9,08:05.2,啊第三个方面我们学过了若干个集体理论，我们所希望的东西，组织所采取的激励措施，因为我们管理学所讲的经典的集体理论，它之间是不是相符合这么一个关系，我们可以去思考，那今天呢我们请了这个一位同学呢给我们讲一讲我们国家的一些典型的企业，他们所采取的一些激励的制度和措施。,0,0,1
behavior_11,08:06.7,08:23.8,其他都不行每讲一个注意啊每讲一个我们每一个小组你在听的过程你都要把握，每个小组通过讨论要拿出一个问题，每个小组一个问题，啊啊我们小组要吗？,0,1,1
behavior_11,08:24.0,08:35.6,每个小组要，啊每个小组每个小组提一个问题啊给你们半分钟的时间，刚开始就是你们相互协商一下，每个小组派个代表提一个问题是吧？,0,1,0
behavior_11,08:35.6,08:53.2,提一个问题然后呢这个演讲人呢简单作答，或者说你们在你们这个准备这个小组，你们就不用提问题了，你们小组成员也可以简单作答，好不好？,0,1,1
behavior_11,08:53.2,09:00.6,啊然后老师呢我在中间我会对某一些这个问题模糊的问题做一些澄清是吧？,0,1,1
behavior_11,09:00.6,09:06.4,啊那我们这节课呢我们就按照这个模式，我们把它这个得做一做。,0,0,1
behavior_11,09:06.8,09:35.7,接着下一节课，我们就把这个整个集体理论，从系统全面的角度，从他的基本的思维方式的角度，我们再把它梳理一遍，这样呢我们就从实践的层面，从理论的层面，包括我们从自身感受的层面，三者把它沟通起来，形成三位一体这么一个理解这个基地这个经验激励制度和激励理论，这么一个关系啊把它理顺好不好啊好？,0,1,1
behavior_11,09:35.7,09:45.7,接下来我们徐书记同学给大家啊下面每个小组同学啊先一边听一边琢磨，然后半分钟讨论，每个小组提一个问题。,1,0,1
behavior_11,09:45.8,10:08.3,啊嗯大家好，我是第三小组的代表，我今天讲的呢有三个企业，一个是海尔，一个是华为，一个是星巴克，然后虽然是我代表我们小组上来讲，但是我们小组每个成员都有负责一部这份资料的整理，下面就直接进入第一个，啊这就是总的这个目录流程，那下面进入第一个企业就是海尔企业。,1,0,1
behavior_11,10:08.6,10:19.4,海尔企业它的激励呢分为5以下5个部分，1个就是三宫并存，动态转换，所谓3公及优秀工人，合格工人和私用。,0,0,1
behavior_11,10:19.5,11:00.4,试用工人，就是说他们的改革思路，就是说他们可以就是如果干得好就可以成为优秀的工人，但是干得不好随时就可能转化为合格工人，甚至是适用功能，在这种社会机制还就是保障机制还比较不完善的情况下，这种做法能够比较有效的解决就是铁饭碗的问题，让员工有一种竞争意思意识，如果你做的比别人不好，你可能就会被淘汰掉，就是时时刻刻有危机感，而且的话就是对岗岗干部进行控制，对每个干部进行每个月的这种考评，在考评档次上表扬和批评，这样子的话呢就是能够决定他们的岗位升迁问题。,0,0,1
behavior_11,11:00.5,11:26.4,还有呢就是定额淘汰定额淘汰指的是他们每年都会有一笔一一定比例的人员被淘汰，以保持企业的活力，也就是说你要不断的企业不断的更新换代，迎接新的血液，然后把那些可能在岗位上做的并不出色，或者说嗯拖企业后腿的人淘汰出去，这样企业才有新的人力活力，这也是企业能够持续稳定发展的一个理由。,0,0,1
behavior_11,11:26.4,11:38.7,那么还有就是富有特色的分配机制，一般来讲分配机制就是你的上层跟下层，如果没有分配的公平，如果调节的不够好的话，对企业来讲是一个很大的矛盾。,0,0,0
behavior_11,11:38.8,11:49.7,那么海尔它的原则就是对内具有公干性，对外具有竞争性，高素质高技能能够获得高的报酬，这样人才的价值也在其中能够更好的体现。,0,0,0
behavior_11,11:50.1,12:30.4,那么接下来就是注记重它注重精神激励，精神激励的话，就是海尔它会用员工的名字来命名一些小的发明，比如说启明焊枪，啊云艳镜子这种那这种的话就给原生员工一种精神上激励，比如说我在这个公司，我在这个领域我自己做出了一些创造，我有我自己的成就，这也是海尔对员工的一种精神激励，来创造他们对工作的责任感和创造力，那么就是强化培训创造学习机会，这不仅对于员工自身价值的实现和自身能力的提升有一定的好处，同时对于海尔这个集团它整体员工素质的提升也有一定的好处。,0,0,1
behavior_11,12:31.2,13:06.7,那么接下来我就讲一下海尔他这个提出的一个斜坡球理论以及有斜坡球理论提出的赛马，不像马里赛马不像马的观念，海尔认为人力资源是企业中最宝贵的财富，如果每个人的潜能都能发挥出来，每个人都是一个太平洋，都是一座喜马拉雅山，要多大就有多大，要多深就有多深，要多高就有多高，所以他们认为盘活企业主要是盘活人，那么他所谓的斜坡球理论呢是从斜坡上流动的小球提出来的，领悟出了企业人发人才发展的规律。,0,0,1
behavior_11,13:06.8,13:28.0,斜坡球发展理论指的是斜坡球上的球体，好比就是一个员工的个体，而球代表的是员工发展的平台，斜坡代表的是企业发展的规模和企业竞争程度，根据学播求理论，它发展出了海尔的用人机制，是人人是人才，赛马不像马，像马是把自己。,0,0,1
behavior_11,13:29.1,13:35.7,关于这个我们国家唉华为海尔是吧？,0,0,1
behavior_11,13:35.7,14:07.4,啊包括这个新星巴克不就是一个合资企业，嘛啊合资企业他们这个集体的状况，那我们由由这个这么多企业啊知名的企业，他们的这个基地的制度，我们归纳了出几个自由问题，其实还有一些问题，我们它也是有的，我们没写上去，比如说这个唉关于这个海尔的，包括它里面讲的这个比较好的分配制度，其实它是个公平的是吧？啊这个都是有的。,0,0,1
behavior_11,14:09.3,14:22.2,嗯我们现在回过头来看一看，啊回去看一下实际生活中如果说我们将来要进入职场，或者我们准备进入职场，我要问你们你们最关心什么问题？,0,1,0
behavior_11,14:22.2,14:27.9,工资行那没有了，对不对？有吧对不对？,0,1,0
behavior_11,14:27.9,14:32.4,他有啊接着说休假，休假了是不是？,0,1,0
behavior_11,14:32.4,14:43.3,啊一般来说物质里面它包含这个钱，包括这个安全的需要，嘛它里面有保障的，有保障的，它在这里面呢是吧？啊公司公司一般。,0,1,1
behavior_11,14:43.3,14:49.7,的公司发展那肯定就是这个比如说工作前途，从个人讲就是工作前途对不对？,0,1,1
behavior_11,14:50.0,14:56.9,从组织来讲，我们这个组织如果说能够不断提供巧妙性的目标，这个组织它就发展就好，对不对？,0,1,0
behavior_11,14:58.2,15:02.9,再比如说我们希望我们能够胜任工作吗？对不对？,0,1,1
behavior_11,15:02.9,15:12.5,组织在不断的向前发展，我们觉得我们自己的能力胜能感不断的下降，你会生活觉得很痛苦，你会离开这个组织对不对？,0,1,0
behavior_11,15:12.7,15:21.7,然后你希望你得到的这个收入，那么与你的付出是相当的，对不对？这个都是我们每个人关心的问题，是不是啊。,0,1,1
behavior_11,15:23.2,15:36.5,可以这样说，这不仅是你们关心的问题，也是我们所有的职工职场里面的任何一个职工他要关心的基本问题，他们也都关心这几个问题，对不对？,0,1,0
behavior_11,15:36.5,15:51.2,所以我们企业的这个激励制度它其实解决了它就是这些问题，它解决就是这个问题，对不对？,0,1,1
behavior_11,15:52.2,16:19.6,那我们讲我们是这个管理专业的这个学生，将来我们要走上管理岗位，我们有双重身份，我们不仅自己对一个组织有这些诉求，而且我们要做一个管理者，我们要想到我们怎么样创造条件，提供一个平台，让我们的这个每一个职工他们所关心这些问题都能得到合理的解决，对不对？这个是我们要关心的。,1,1,0
behavior_11,16:20.3,16:44.7,那么合理的解决呢一般来说它都是阶段性的，就是它是一个嗯常思，常新不可能有一劳永很啊不能一劳永逸的这么解决问题的方案，不可能的就这些问题永远我都需要我们去思考，我们怎么去思考这些问题，呢其实你在结合我们的集体理论，这个问题要思考这个问题，我们有什么集体理论呢？,1,1,0
behavior_11,16:46.6,16:54.2,管理学里面什么经济理论，呢他提供了思考我们这个问题的理论。对对的。,0,0,0
behavior_11,16:54.3,16:58.3,那个强化的公民感。,0,0,0
behavior_11,16:58.9,17:02.9,公平公平公平。你的板对不对？,0,1,0
behavior_11,17:03.3,17:09.0,这不就公平理论嘛是不是啊表达式的公平理论嘛对不对？他就教我们思考这个问题。,0,1,0
behavior_11,17:11.1,17:23.3,啊那么接着提高期望值，希望你们芙蓉的期望理论，期望理论它就是像我们怎么去解决，怎么去思考和解决这个问题，对不对？,1,1,0
behavior_11,17:23.7,17:37.3,这个呢不只需要归属感尊重的需要的满足，是不是自我实现需要的满足，嗯需要层次理论，吧不需要层次理论，他就帮助我们思考这个问题，对不对？,0,1,0
behavior_11,17:37.6,17:42.4,他不一定有就是说给我们提供现成的答案，他帮助我们思考这个问题是吧？,0,1,0
behavior_11,17:42.9,17:48.2,啊工作前途工作轮换这个问题，什么你能帮助我们思考你。,0,0,1
behavior_11,17:49.1,17:54.3,现在这个合同这个合同这个。合同就签了。,0,0,1
behavior_11,17:55.4,17:58.3,双因素理论是不是？,0,1,0
behavior_11,17:58.3,18:03.1,啊双因素理论强调这个保健因素激励因素啊对不对？,0,1,1
behavior_11,18:03.1,18:06.5,我们学过的噢工作有前途是吧？,0,1,0
behavior_11,18:06.6,18:14.0,工作有这个挑战性，有责任感，他们有成长感，和这个另外一边是什么？,0,1,0
behavior_11,18:14.0,18:22.8,给我们这个基本的这个工资报酬，有这个比较和谐的人际关系，啊有合理的人事制度，这是保健因素是不是？,0,1,0
behavior_11,18:22.9,18:26.4,啊双因素理论他不就帮助我们思考这个问题吗？,0,1,0
behavior_11,18:27.6,18:34.5,对不对？挑战性的目标和合作，这个我们管理学中间不知道你们讲过没有，有一个理论叫目标设置。,0,1,0
behavior_11,18:35.5,18:38.0,理论完成上述目标。,0,0,1
behavior_11,18:38.0,18:55.8,设置里有有明确有挑战性的目标，然后个人要有比较好的自我效能感，要有反馈这个里面如果我们管理学没学，我们这个我们这个教程里面也有的是吧？,0,0,1
behavior_11,18:55.8,19:09.6,那么这些激励人的，其实我们讲这个所有的这个经典的管理理论，或者我们这个经典的集体理论，它解决的其实都是我们生活中我们关心的问题，是不是？,1,1,1
behavior_11,19:09.6,19:17.0,啊我们大家关心的问题，也是这些管理学家心理学家他们所关心的问题。,1,0,0
behavior_11,19:17.0,19:51.6,那么当我们关心这些问题的时候，我们是希望一个企业能够有一个比较合理的有效的制度，那我们在座的各位，我们就是将来企业有效合理制度的一个设计者，我们既有切实的体验，同时呢我们要为这个职工创设一个好的集体资本，怎么创设呢我们说它不是一个一劳永逸的问题，永远在路上，制度不断在调整，你怎么去调整它，调整它，思考它的依据是什么？,1,1,0
behavior_11,19:52.2,20:05.4,呢就是激励理论啊的，所以呢我们今天呢我们讲这个基地理论，呢它实际上是帮助我们思考这些问题的一些基本的理论视角是吧？,0,1,1
behavior_11,20:05.4,20:12.3,但是呢基于我们这个以往啊我们在管理学中间，我们曾经我们也讲过千里马。,0,0,1
behavior_11,20:12.3,20:30.6,但是如果没有伯乐，你就注定被埋没，但是再买的话则是把自己的命运掌握在自己手里，只要你能比别人强，只要你能证明你是那匹千里马，你就有这个才能，所以也就是包括他刚才提到的这个三弓并存动态转换，也也就是海尔在这个概念下提出的一个机制。,0,0,1
behavior_11,20:31.7,21:45.0,那么根据这个赛马不赛马，海尔他还提出了就是以下的几个方面，比如说在位监控啊届届满人流和三公转化三公转化，因为之前已经介绍过就是优秀员工合格员工跟临时员工这这三个，然后在位监控指的是它对每一个就是对在岗的这些什么高职，啊还有低职人员，他们都有一个就是对他们的责任的把控，不是说你坐上那个位置你就安枕无忧了，而是说你要时时刻刻有自己的这种呃戒戒备感，你要时时刻刻知道你是被很多人盯着的，包括他们的总经理，他们也经常就是上任之后被人家批评，他们自己体内的一些杂志上也有讲一些呃类似的这些东西，你是会被舆论所监控，你也会被下面的人盯着，所以你不能放松，还有届满轮流一个集团它要发展就不是说它有一个很强的企业部，剩下都是很弱的，它一定要全面发展，所以届满轮流呢为海尔培养出了许多多变多面手，就是什么方面都不错的人才，然后它发展的比较均匀，但是不好的地方就是很多人认为就是很多青年人认为这是他们青云直上的一个阻碍，因为你到一个位置做好之后，他马上就把你换到另外一个岗位去了，那这个有利有弊。,0,0,1
behavior_11,21:45.0,22:22.7,然后接下来就是一个从海尔看，我们国内的企业其实最开始激励这件事情是从国外企业开始提出来的，但是国内企业也越越来越意识到激励的重要性，那么如何才能就是对国内企业的激励的思路提供以下三个点，一个就是了解员工的需要是一切激励措施的前提，就像你要拿着一个蛋糕在前面引着下面的人走，你也必须要知道下面的人喜欢的是什么口味的蛋糕，比如说人家喜欢巧克力味的，你拿草莓味的在前面悠着走，他是不是不会跟你走，呢所以你要了解他的需求，他的喜好，你才能激励他。,1,0,1
behavior_11,22:23.1,22:28.8,第二个就是为员工设立明确可以达到的目标，将目标管理落到实处。,1,0,1
behavior_11,22:28.9,23:13.9,如果只空谈实际，建立一个很大的虚幻的梦想，那么员工是不是会觉得比如说我明明这个企业只能盈利10亿，我确定价我今年我就要盈利100亿，你们所有人都要给我去做这个100亿，企业员工会不会觉得你这个老板怎么这样子，呢我们明明没有这个能力，你确定这么空泛的目标，可是你为什么不能定一个比较实际一点，呢如果他定20亿就说今年我们企业如果总资产翻一倍的话，我就给你们加薪加多少员工是不是会更努力更有动力的去做，将目标落到实处，包括海尔刚才提出的这个在位监控届马文化以及就三公淘汰啊定额淘汰这些，都是为让他们的企业目标能够更好的落到实处，这也是企业激励需要注意和控制的。,1,1,1
behavior_11,23:14.0,23:20.6,那第三个就将绩效工资和报酬联系起来，并确保报酬公平合理，对外具有竞争性。,1,0,1
behavior_11,23:20.6,23:25.3,那么以下就包括两个方面，所谓把绩效跟工资联系起来是为什么？,1,1,0
behavior_11,23:25.3,23:34.5,呢就是因为在大锅饭时期，其实这个效率是很低的，因为不管你做多少或者说你干多少，你的工资都是一样的，那我为什么要努力？,0,1,1
behavior_11,23:34.5,23:57.4,呢可是如果你做一件跟做两件的价格差很多，你是不是会努力的一天去做两件，而不是去做一件，呢这是第一个方面，那么报酬合理就是要分配合理，你不能你的技术人员干很多活的这个高，底层人员他赚的很少，可是高层人员他也许每天就是看几个文件，他赚得很多，这样子的话很容易造成有有技术实力的人流失。,0,0,1
behavior_11,23:57.4,24:11.1,那么第三个就是对外具有竞争力，在现在这种企业不管是传统的家电企业还是高新技术企业，也就是接下来增长到了华为案例，如果你在这个企业中不具有竞争力，那么你很快就会被淘汰。,0,0,1
behavior_11,24:11.1,24:15.0,好，接下来就是噢三分钟的讨论时间。,0,0,1
behavior_11,24:15.1,24:19.1,啊每个小组半分钟你们商量一下提出一个问题。,0,0,1
behavior_11,24:19.4,24:39.9,啊嗯但是还有一些就是爱就行了，是说有技术的人之后，我也那个直线在那个那这个是什么呢？,0,1,1
behavior_11,24:42.5,25:20.4,谁知嗯这个这个管理还有的还是人员的，就是想的先就是说他这个这结束实现，其实呢那么根据及相关情况对我的这个建成的那个谁知菏泽这个这个企业的这个过程吗？,0,1,0
behavior_11,25:21.4,25:28.1,人际关系的ais的全球项目的好的这种。,0,0,1
behavior_11,25:28.2,26:03.3,对的对，就是我说的是成本是一个企业的，嗯就在单位下的7个，就是他那个12克，它是重要的，就是呃确实我也觉得就是反正我觉得他们也不是都是他说技术工作，那个谁知还是说技术工程公司关于那个开始的东西，但是那个技术的了。,0,0,1
behavior_11,26:03.8,26:09.1,对倒计时啊嗯对自己明确选代表。,0,0,1
behavior_11,26:09.6,26:30.4,谁知我觉得这个对你不那个让你们想搞件了，对好建议好一组的外面发展啊呃什么是吧？,0,1,1
behavior_11,26:32.6,26:32.7,对好。,0,0,1
behavior_11,26:36.9,26:40.7,这可以了，吧啊问题代表的选好，这首先第一责。,1,0,1
behavior_11,26:41.2,26:55.4,你们先说吧呃就是刚才这个PPT里面提到一个斜坡球理论，说那个球是员工个人，然后那个拖的那个代表的是公司规模，那我想知道在这个理论我们想知道千里马。,0,0,1
behavior_11,26:55.4,28:26.9,但是如果没有薄弱，你就注定被埋没，但是再买的话则是把自己的命运掌握在自己手里，只要你能比别人强，只要你能证明你是那匹千里马，你就有这个才能，所以也就是包括他刚才提到的这个三弓并存，动态转换，是不是海尔在这个概念下提出的一个机制，那么根据这个赛马不下马，海尔他还提出了就是以下的几个方面，比如说在位监控啊届届满人流和三公转化三公转化，因为之前已经介绍过就是优秀员工合格员工跟临时员工这这三个，然后在未监控指的是它对每一个就是对在岗的这些什么高职，啊还有低职人员，他们都有一个就是对他们责任的把控，不是说你坐上那个位置你就安枕无忧了，而是说你要时时刻刻有自己的这种呃戒戒备感，你要时时刻刻知道你是被很多人盯着的，包括他们的总经理，他们也经常就上任之后被人家批评，他们自己体内的一些杂志上也有讲一些呃类似的这些东西，你是会被舆论所监控，你也会被下面的人盯着，所以你不能放松，还有届满人流一个集团它要发展就不是说它有一个很强的企业部，剩下都是很弱的，它一定要全面发展，所以届满轮流呢为海尔培养出了许多多变多面手，就是什么方面都不错的人才，然后它发展的比较均匀，但是不好的地方就是很多人认为就是很多青年人认为这是他们青云直上的一个阻碍，因为你到一个位置做好之后，他马上就把你换到另外一个岗位去了。,1,0,1
behavior_11,28:26.9,29:05.8,那这个有利有弊，然后接下来就是一个从海尔看，我们国内的企业其实最开始激励这件事情是从国外企业开始提出来的，但是国内企业也越越来越意识到激励的重要性，那么如何才能就是对国内企业的激励的思路提供以下三个点，一个就是了解员工的需要是一切激励措施的前提，就像你要拿着一个蛋糕在前面引着下面的人走，你也必须要知道下面的人喜欢的是什么口味的蛋糕，比如说人家喜欢巧克力味的，你拿草莓味的在前面悠着走它是不是不会跟你走，呢所以你要了解他的需求，他的喜好，你才能激励他。,1,0,1
behavior_11,29:06.2,29:11.9,第二个就是为员工设立明确可以达到的目标，将目标管理落到实处。,1,0,1
behavior_11,29:12.0,29:57.0,如果只空谈实际，建立一个很大的虚幻的梦想，那么员工是不是会觉得比如说我明明这个企业只能盈利10亿，我确定价我今年我就要盈利100亿，你们所有人都要给我去做这个100亿，企业员工会不会觉得你这个老板怎么这样子，呢我们明明没有这个能力，你确定这么空白的目标，可是你为什么不能定一个比较实际一点，呢如果他定20亿就说今年我们企业如果总资产翻一倍的话，我就给你们加薪加多少员工是不是会更努力更有动力的去做，将目标落到实处，包括海尔刚才提出的这个在位监控届马文化以及就三公淘汰啊定额淘汰这些，都是为让他们的企业目标能够更好的落到实处，这也是企业激励需要注意和控制的。,1,1,1
behavior_11,29:57.1,30:03.6,那第三个就将绩效工资和报酬联系起来，并确保报酬公平合理，对外具有竞争性。,1,0,1
behavior_11,30:03.7,30:08.4,那么以下就包括两个方面，所谓把绩效跟工资联系起来是为什么？,0,1,0
behavior_11,30:08.4,30:17.6,呢就是因为在大锅饭时期，其实这个效率是很低的，因为不管你做多少或者说你干多少，你的工资都是一样的，那我为什么要努力？,0,1,1
behavior_11,30:17.6,30:40.4,呢可是如果你做一件跟做两件的价格差很多，你是不是会努力的一天去做两件，而不是去做一件，呢这是第一个方面，那么报酬合理就是要分配合理，你不能你的技术人员干很多活的这个高，底层人员他赚的很少，可是高层人员他也许每天就是看几个文件，他赚得很多，这样子的话很容易造成有有技术实力的人流失。,0,0,1
behavior_11,30:40.4,30:55.0,那么第三个就是对外具有竞争力，在现在这种企业不管是传统的家电企业还是高新技术企业，也就是接下来增长到了华为案例，如果你在这个企业中不具有竞争力，那么你很快就会被淘汰。,1,0,1
behavior_11,30:55.0,30:58.1,好接下来就是呃三分钟的讨论时间。,1,0,1
behavior_11,30:58.1,31:02.2,啊每个小组办公你们商量一下提出一个问题。,0,0,1
behavior_11,31:02.7,31:11.7,啊嗯这个呢嗯在张的事还有什么？,0,1,1
behavior_11,31:12.1,31:19.2,最后就是呃我说有技术的。,0,0,1
behavior_11,31:19.3,31:35.8,谢谢大家看一下在这个城市我们管理呃的的关系，呢这个对对这个这个管理还有的还是点的。,0,0,1
behavior_11,31:36.0,31:46.4,谁知他这个这就是我们现在其实嗯要去进行相关的，对可以了。,0,0,1
behavior_11,31:48.5,32:03.4,谁知甚至甚至的这个企业的这个过程吗？,0,1,0
behavior_11,32:04.5,33:04.2,人际关系的Idi的全球上的项目好的，谁知对，这是1个企业的这个来对对单位的，7个就是他那个22，它是的重要的确实我也给了，嗯反正我的都是他说技术工作那个的达到什么情况，还是说我们原来就是游戏的技术了，得二即使啊嗯未明确选代表所，呃不管还有觉得这个的那个那个让你们想着见了。,0,0,1
behavior_11,33:05.6,33:12.5,对，少见建议。好，这一组的成员厂啊什么的。,0,0,1
behavior_11,33:12.5,33:19.7,吧好。,0,0,1
behavior_11,33:20.0,33:23.7,都可以了，吧啊问题代表的选好，这首先第一组。,1,0,1
behavior_11,33:24.3,33:38.0,你们先说嗯刚才这个飞机里面提到一个斜坡球理论，说那个球是员工个人，然后那个托的那个代表的是公司规模，那我想知道在这个理论我们。,0,0,1
behavior_11,33:38.0,33:56.9,也讲过绝大部分的集体理论，所以我们我我我是这么想的，啊我们也呃比较少的涉及到某一个理论一些具体的东西，我要给你们提供一个所有的这些思考这些问题的一个系统的基地的模型是吧？,0,1,1
behavior_11,33:57.1,34:15.0,就是我们怎么样能够在一个模型之中来思考这些所有的问题，把所有的基本理论，啊当然我我觉得是比较经典的，经济人都应该放在一起，怎么去系统的思考问题。,1,1,0
behavior_11,34:15.5,34:26.4,我们在实际生活中，比如说我们其中的某一个问题的时候，我们会有迟疑，不是你们头脑就没有这个疑虑了，是因为你不会用，你为什么不会用？,0,1,1
behavior_11,34:26.4,34:45.1,呢是因为在你头脑中对这些激励理论没有进行编码，可以这样说或者说你没有一个比较好的认知的地图，比如说我们现在这个比较方便，我们微信的QQ好像都有这个位置共享的这个功能是吧？,0,1,1
behavior_11,34:45.1,34:52.4,啊找不到人说你在什么地方发个位置共享给我，你们觉得这个位置共享这个技术最根本的是什么？,0,1,1
behavior_11,34:54.0,35:01.9,最根本的是什么？你们说 GS，GPS只是一个外在的技术。呃有。,0,1,0
behavior_11,35:02.5,35:05.3,手机是吧？,0,1,0
behavior_11,35:06.4,35:16.2,对对地图。地图说得很对，我跟你说如果没有地图，其他的技术都是白的是瞎的，是不是的？,0,1,1
behavior_11,35:16.2,35:27.5,一定是因为有地图已经有地图，你在这个位置，其他的技术就是帮助你识别你在这个位置对不对？,0,1,1
behavior_11,35:27.5,35:48.1,首先要有地图，那我们今天我想讲呢基地理论，我们想给我们一个地图基地的地图我们有这个基地的地图，回头我们思考这些问题的时候，你就能够很准确的定位，我可以用哪一个理论来思考哪一个问题是吧？,0,1,1
behavior_11,35:49.2,35:53.6,啊好，这是我们今天我想讲的这么一个一个整体的一个想法。,1,0,1
behavior_11,35:55.3,36:22.0,那今天呢我们讲的这个呃激励理论，呢接着我们上次的态度来讲的，啊事实上我们整个思路啊大概是这样的，啊我们整个思路我简单的把它梳理一下，啊前面我们讲组织行为学，嘛那他肯定要关注行为，对不对？关注行为。,1,1,1
behavior_11,36:23.4,36:29.8,不同的职工，不同企业的职工，他有不同的行为，为什么有不同的行为？,0,1,0
behavior_11,36:30.6,36:36.3,呢我们前面已经讲了，因为他的能力气质性格不一样是吧？,0,1,1
behavior_11,36:39.5,36:42.2,个性特征不一样，对不对？,0,1,0
behavior_11,36:42.2,36:47.0,好，上次我们陈老师讲了，因为什么？,0,1,1
behavior_11,36:47.9,36:51.9,态度不一样，对不对？态度不一样。,0,1,0
behavior_11,36:54.0,37:14.4,为什么有的人能够在学习困难面前，在工作这个困难面前能够表现出师大赖大佬，为什么会有这种精神呢太非常单纯积极是吧啊态度他能够解释人的行为的。,0,0,1
behavior_11,37:15.1,37:37.3,好，今天呢我们要往前面走，需要人的需要不一样，他也能解释这个行为的啊一个非常注重物质需要的人，和一个非常注重精神需要的人，他的行为表现会是一样吗？对不对？,0,1,1
behavior_11,37:37.3,37:42.2,如果说你吃不饱肚子，你首先要干的活是什么？对。,0,1,1
behavior_11,37:42.2,37:53.0,要要赚钱去买面包吃买米饭吃，对，如果你这个基本的物质需要解决的，你非常孤独，你要去干嘛？,0,1,0
behavior_11,37:53.0,37:56.9,找人找人教，啊对不对？,0,1,0
behavior_11,37:56.9,38:00.9,人的需要不一样，啊他的行为他也是不一样的，这是肯定的。,0,0,1
behavior_11,38:01.2,38:13.8,那么我们这里面它事实上就是整个的就是我们讲不是说要组织行为学，他研究的是行为背后的心理规律，对不对？,1,1,0
behavior_11,38:13.8,38:17.3,心理规律，我们研究这些心理规律，它的目的是什么？,1,1,0
behavior_11,38:18.5,38:21.5,是属于做管理决策。,0,0,1
behavior_11,38:21.5,38:24.0,吧嗯对不对？,0,1,0
behavior_11,38:24.4,38:28.2,然后上面我们制定管理措施措。,0,0,1
behavior_11,38:28.2,38:44.5,啊建立把你自己是不是啊比如说我们今天介绍的这个激励的一些措施或者激励的制度，它都是这么一些属于管理决策结构，对不对？它的依据是什么？,0,1,1
behavior_11,38:46.2,39:10.0,对不对？需要需要是吧啊，那么需要呢我们其实这个概念呢我们其实不陌生那不陌生，那我们与需要有关系的，我们今天有些概念我们来做一个介绍，这个有一个学者在弗兰西斯。他讲这么一段话。,0,1,0
behavior_11,39:10.0,39:27.0,你可以买到一定的时间，啊可以雇到，一个人到指定的工作岗位，可以买到技术操作都可以的可以的吧可以的，但是你买热情创造性，它全世界的投资你买得到吗？,0,0,1
behavior_11,39:27.0,39:30.4,你买不到你给钱也买不到对不对？,0,1,0
behavior_11,39:31.0,39:41.3,这一类问题其实在日常生活中我们经常是能见得到的，比如说我们通常讲做一天和尚撞一天钟，是不是？,0,1,1
behavior_11,39:41.4,39:46.7,啊我为什么说和尚呢因为在这里基本上我还能够有吃的有喝的，对不对？,0,1,1
behavior_11,39:46.8,40:02.9,相对来说有有一点点基本的薪酬福利，但是呢我为什么就是说心不在焉的去做，呢我根本可能没有潜心向左，或者这个组织它没有什么吸引的地方，对不对？,0,1,1
behavior_11,40:02.9,40:20.4,那内在外在的原因都有，总之呢这个人呢他没有积极性，我们所要做的大量的工作，他说管理中间所要做的大量的工作，就是要争取这些东西热情创造性诠释性的投入，而这些问题。,0,0,1
behavior_11,40:20.9,40:32.7,在管的是公司规模，那我想知道在这个理论我们想知道在这个理论里面，员工个人和公司规模的相互关系，以及你这个理论是怎么体现出这个他的激励机制。,1,1,0
behavior_11,40:33.0,40:42.4,噢它这个斜坡球理论它主要是就是海尔从这个斜坡上调出就那个球，其实是员工自己能够发展的。,1,0,1
behavior_11,40:42.5,41:15.3,那这个企业比如说这个坡就是给它提供它能够走多远，就是规模它有它那个坡是它企业能提供的，但这个球的大小以及球的这个发展程度是取决于员工个人的，那么也就是说在这个理论当中，他非常重视员工个人就是企业能给员工提供的平台里，员工个人能够如何的发展，那么他就提出了一个赛马不像马的这个理论，就是这个概念，所以他们才会有三宫文化这种比较具有企业特色的方式。,0,0,1
behavior_11,41:15.7,41:59.3,那三公司轮换的话，它这个涉及的激励就是进就是企业内部的竞争性激励，如果你干得不好，就是它其实是就是企业他就给你选了一个职位，一个高高在上的饼干，他告诉你，不管你是临时员工，优秀员工还是普通员工，你只要能够把自己就是你能拿到那块饼干，这块饼干就是你的不不不不是不管你是什么样的期限内，这样子的话是不是不管是临时的优秀的还是普通人，他们都有自己的，就是他为了要拿到那个饼干，他是不是都会激励自己去做的更好，让企业更好的发展，这就是海尔它在这种有危机意识下的这种岗位，让员工更激励员工更好的去做。,0,0,1
behavior_11,41:59.3,42:09.9,所以我再确认一下，也就是说公司给员工提供这个斜坡的平台，然后呢这个球也就是员工个人，他往上爬的动力是由员工自己发展。,0,0,1
behavior_11,42:09.9,42:16.4,是他往下往下，是因为这个酒的大小是取决于员工个人的。,0,0,1
behavior_11,42:18.5,42:21.4,里面去，这就是你这个吗？,0,1,0
behavior_11,42:22.1,42:36.9,这样就比较长，是它是这样子的行动，你员工是这个球，然后你就是是城市解决，就因为这个暗示我们俩我们就我们这一届就是我们自己理解的意思是。,0,0,1
behavior_11,42:36.9,43:02.4,他下滑并不代表的就是她是她是往不好的方向走，因为你把球放在那里，它是一个斜坡，然后他他就会自己往下走，就就往前进，就往前不停的发展，就相当于是这个公司给你提供的一个你自己发展的平台，但是呢那个球自己你的粗糙程度你的大小，然后你有你滚的有多快，你滚到什么地方停下来就是是由员工。自己来决定的。,0,0,1
behavior_11,43:02.4,43:05.0,所以所以这个才是就是啊。,0,0,1
behavior_11,43:05.0,43:16.2,那个斜坡是公司提供的发展，说他爬了有多高，而且他成功的那个功夫就是斜坡有多长，如果斜坡很短就到底了，你的球滚到底就是结束了。,0,0,1
behavior_11,43:17.5,43:20.7,这可以可以基本上可以讲清楚的。,0,0,1
behavior_11,43:20.7,43:25.5,啊北京星座我是这么理解的，啊就是一般来。,0,0,1
behavior_11,43:25.5,43:29.7,讲就是说我们用的是登山理论，我跟他讲是登山理论。,0,0,1
behavior_11,43:29.8,43:32.2,就是说我能够爬多高是吧？,0,1,0
behavior_11,43:32.2,43:38.5,啊他应该是胁迫理论都可以，二者呢我觉得他应该说都是可以的。,0,0,1
behavior_11,43:39.0,43:49.2,我由此我觉得他们提了一个非常好的问题，为什么呢啊你说一个人他在一个企业里面工作，最关心的是什么？前途对不对？,0,1,1
behavior_11,43:49.2,43:54.2,工作的前途，所以我觉得他斜坡球他其实解决了这么一个问题是吧？,0,1,1
behavior_11,43:57.2,43:59.6,对热钱对不对？,0,1,0
behavior_11,43:59.7,44:21.8,这一个组织里面的工作前途，我想他这个斜坡求灵它会包括一系列的，包括员工的职业思想规划理论，职业思想规划，啊包括职位它的配置，它的权利义务的配置等等之类的，所以说它实际上反映了我们对于工作前途的一个关系，这是所有疾病人他必须解决的一个问题。是吧？,0,1,1
behavior_11,44:21.8,44:35.7,可以很好，啊我觉得这个嗯刚才这个第一个小组的同学关注了这个工作前途的这么一个问题，确实工作前途的问题，它影响职工的根本性积极性是吧？好，第二个小组。,1,0,1
behavior_11,44:36.7,44:41.3,呃您好，我想问一下呃嗯。海尔所提出。,1,0,1
behavior_11,44:41.3,44:46.4,的激励机制，三公并存，动态转换会不会带来一些负面效应？,1,1,1
behavior_11,44:46.4,45:02.0,比如说不利于组织的呃稳定，以及组织里面会有一些非正式组织，如果他不停的在进行在竞争中进行状态转化的话，特别不利于整个组织一个总体。上保持它稳定。,0,0,1
behavior_11,45:02.1,45:07.6,第二个就是关于他斜坡球理论。它会不会有可能。导致个人主义。,0,0,1
behavior_11,45:07.6,45:16.6,就是不利于嗯公司之间的团队合作，以及那种合作的意识，然后针对上面两个问题，海尔公司又是怎么解决的？,0,1,1
behavior_11,45:17.0,45:25.6,嗯首先来讲一下三宫并存动态转换，这个每个理论它肯定是会有它一定的弊端，但是海尔为什么实行这个？,1,1,1
behavior_11,45:25.7,45:55.1,呢是因为它是一个家电企业，也也就是说它这个家电企业它在下面有很多技术人员，它是它每一个技术人员，它每一段时间工作以及它工作质量都是不同的，它用三公命存动态转换，能够使不论是临时人员优秀人员还是普通的人员，他们只要有有能力就能被提升到更好的岗位，就能让企业处在更更具有竞争力的前景下，所以来说这个确实会存在一定的弊病。,0,0,1
behavior_11,45:55.1,46:04.2,但是总体来说它在适应这种家电，因为家电行业也是一个竞争比较激烈的，所以说它它还是比较适合这个行业的这个模式的。,0,0,1
behavior_11,46:04.2,46:07.8,再来就是这个斜坡球理论啊不好意思。,0,0,1
behavior_11,46:07.8,46:10.0,你斜坡求理论的那个问题。,1,0,1
behavior_11,46:10.1,46:20.4,好，我来补充一下，啊我觉得是这样的，这个三公并存呢它必然对这个职工的安全需要啊它是一个重大的这个威胁。,1,0,1
behavior_11,46:21.0,46:31.5,嗯唉根据我个人的理解，如果说这个仅仅只是这个三公并称动态转换这个单一的速度还是不好的，它一定要有辅辅助或者配套性的速度。,0,0,1
behavior_11,46:31.8,46:55.0,就是在你从一个呃合格的员工或者正式的员工，像这个这个临时的，员工不合格员工转化的过程中间，他会给你提供相应的一些培训的配套措施，就说，你不合格了，我给你一个培训的机会，为期半年一年的培训机会，如果你合格了，你可以上岗，或者你可以转岗，对不对？,0,1,1
behavior_11,46:55.1,47:10.9,有很多优秀的企业他们都会这样做的，他们会对这个学呃员工的这个安全需要给予一个适当的满足，这就是我们在管理学中间，我们通常是通过激励这么一个措施和手段来达到的。,0,0,1
behavior_11,47:10.9,47:28.9,啊当然我们说也不光是这个激励激励，它，其实是一个冰山上面的一个面上的东西，它的根本它还是在于嗯它的整个组织它有这么一个架构，啊实际生活中它也很普遍是吧？,0,1,1
behavior_11,47:28.9,47:31.7,我们简单举个例子啊是吧？,1,1,0
behavior_11,47:31.7,47:39.4,这个集体要集体辞职，那个总经理说他说那个想法告诉。我看见没有。,0,0,1
behavior_11,47:39.9,48:02.8,把你们的想法告诉我，这个东西需要这些东西，你要这个能他陈述出来，当然也能看得到，他他怎么说出来，开始职工就开始讲了，所以我们进公司的第一点几，我们只是接受任务，啊一天埋头大脑干活干得不明不白，为什么了解我们的工作是什么？,0,1,1
behavior_11,48:02.8,48:14.5,你想象就像一个人那这个使着这个一夜这个小周啊在这个大海里面航行，不知道航向，你会感觉到很迷茫，对不对？,0,1,1
behavior_11,48:14.6,48:23.8,航海你如果不知道航航线啊基本上就是死路一条，你这个人呢他就觉得他肯定就没有积极性是吧？,0,1,1
behavior_11,48:23.8,48:35.9,接下来说有一个职工说说原来招聘的时候，你们打印的月工资是1600元，啊报道以后呢试用期还没有没有1600，只有850元。,0,0,1
behavior_11,48:36.2,48:48.2,好，这个月底拿到的这个第一次是工资是按天计算的，因为我们一般报道，啊比如说7月15号就报到，可能你只工作了15天，后面你15天14天对不对？,0,1,1
behavior_11,48:48.2,48:55.7,嗯按照按照这个14天15天计算你而前面你用半个月没工作就不给工资，这个也是合理的对不对？,0,1,0
behavior_11,48:55.7,49:00.3,但是呢合理他不一定这个合乎这个情感对不对？,0,1,1
behavior_11,49:00.4,49:02.6,那么他他觉得不好理解对不对？,0,1,0
behavior_11,49:02.8,49:06.8,就是我已经来上班了，为什么不给我一个月工资呢是吧？,0,1,0
behavior_11,49:06.8,49:17.9,工资的高低不是最重要的，物质也很重要，不是最重要的，但是这种计算报酬的方法是对我们的侵蚀。也是对我们母校的公开蔑视。,0,0,1
behavior_11,49:18.7,49:31.1,我们会告诉母校以后不见不会推荐人来这里工作，其实这里面我们学院里我们都很简单，它只是个公平感，对不对？这个机场倒数的方法是不好的。啊根本没有问题。,0,1,0
behavior_11,49:31.1,49:40.0,第三个职工说说你们这么斤斤计较，就是你你的他其实是对什么？,0,1,1
behavior_11,49:40.0,49:48.0,呢是对你这个组织你所做出的管理措施或者管理制度的不满足，它不合理嘛对不对？,0,1,0
behavior_11,49:48.0,49:54.3,不是建立在一个合理的职工的心理规律的基础之上而作出的决策，它有问题嘛对不对？,0,1,0
behavior_11,49:55.0,50:01.1,他说我们以前我们为了完成项目，经常自愿加班，到晚上12点你看到没有？,0,1,0
behavior_11,50:01.8,50:26.1,他们一定是觉得这个工作非常有前途，有内基地双因素里的东西，呢激励因素是非常好的，这个组织能够给他们提供非常好的工作条件，他们工作起来非常有积极性，工作总监有乐趣，但是他说我们学歪了，该下班不要那么卖力，为什么呢？,0,1,1
behavior_11,50:26.2,50:28.4,因为他们的积极性下降了，对不对？,0,1,1
behavior_11,50:28.4,50:35.0,因为你的不合理的这个管理的措施，导致这个人的需要程度降低需要程度降低。,0,0,1
behavior_11,50:35.1,50:47.1,所以说行为方式就是说该下班下班，就比如你没下班我们也下班，所以尽管我的活还没干，完我还想干，但是你们下班了我也下班，为什么？,0,1,1
behavior_11,50:47.2,51:02.3,因为拿你工资，我跟我们的工资的这个收入跟你们是一样的，技术人员的工资水平跟这个行政的技术水平是呃工资水平是一样的的，工资制度不合理，对不对？所以说他们有意见。,0,1,1
behavior_11,51:04.9,51:07.1,好，这个呢现在这个。,0,0,1
behavior_11,51:07.1,51:10.9,职工就是说他说我们也商量好了，我们还暂时不辞职。,0,0,1
behavior_11,51:10.9,51:27.5,那我们学本地以后我们再展开这一步，你说这个领导人听了以后他会很也可能直觉很生气，但是你想一想这些人呢他都是愿意干活的，是因为你的制度本身出了问题是吧？,0,1,1
behavior_11,51:28.1,51:47.5,啊你的制度本身出了问题，所以这个其实我们讲今天我们的主题就是调动员工的积极性，调动员工的积极性，呢一般来说呢是我们通常讲的是一个嗯常识性的说法，日常生活中我们都说学习积极工作，积极劳动积极性对不对？,0,1,1
behavior_11,51:47.5,52:01.6,理论化的术语，我们叫激励，啊一定要注意到激励，那么心理机制其实就是需要动机，啊我们觉得这几个概念它的关系，啊我们做一个基本的了解是吧？,0,1,1
behavior_11,52:01.7,52:09.1,按我前面讲我们整体的目的，我们就是要接触出一个整体的一个基地的模型啊基地模型。,0,0,1
behavior_11,52:09.8,52:18.8,但是呢我想呢就是说关于这个有一些相关的，我们也觉得首先机遇的目的，机遇的直接目的，为什么叫直接？,1,1,1
behavior_11,52:19.3,52:24.2,呢因为它的间接目的肯定是企业的经济效益社会效益对不对？,0,1,1
behavior_11,52:24.2,52:26.9,那么直接目的就是说它直接指向什么呢？,0,1,0
behavior_11,52:27.8,52:33.4,员工的行为积极性，那要，问什么叫行为积极性？,0,1,0
behavior_11,52:34.5,52:48.5,行为积极性呢其实我们通常讲这个唉积极性的时候，我们指的是这样一种良好的心理状态，一种良好的心理状态，那么这种良好的心理状态它是怎么产生的呢？,1,1,0
behavior_11,52:49.1,52:55.6,它这个定义中间讲动机或者群体动力因素被激发以后，人手处的一种良好的平衡。,0,0,1
behavior_11,52:56.5,53:02.2,动机是我们接下来讲的一个概念，因为它是与需要密切相关的一个概念。,0,0,1
behavior_11,53:02.3,53:19.2,啊群体动力因素，我们会在群体这个心理中间它有相关的理论，我们会讲到啊行为定性，首先我们知道啊它是一种良好的心理状态，什么判断这个人有没有良好的心理状态？,1,0,0
behavior_11,53:19.5,53:43.0,可以的，啊这些管理学家心理学家们他们总结了，他说如果说一定有积极性，在行为前他们的行为有强烈的向往的偏向，就是还没做这件事情，呢有极大的热情要投入进去，我愿意去做我想去做，接下来这个人他会有什么反应？,0,1,1
behavior_11,53:43.0,53:58.8,呢这个呢一定会制定明确的目标是，我跟你讲我觉得你理我理解的话，啊就是说我们通常讲每一个职工啊要对这个企业这个组织要有家一样的感觉，对不对？我们通常有学术语言叫什么感？,0,1,0
behavior_11,53:58.8,54:12.1,呢为为什么敢说得很好，啊有的呢能够激励职工的这个制度，一定要能够给职工提供归属感，对不对？,0,1,0
behavior_11,54:12.1,54:21.1,没有归属感的这个企业组织它不是一个好的组织职工，他也不会全身心的同甘共苦，同舟共济，是不是？,0,1,1
behavior_11,54:21.1,54:23.3,啊这是肯定的很好。,0,0,1
behavior_11,54:23.3,54:28.8,啊这个提出这么归属感的问题，我觉得也是我们这个基地中间他要关心的问题。,0,0,1
behavior_11,54:29.9,54:37.2,啊接下来下面那个小组。第第四步吧你。你们这个组都是组织这个是吧？,1,0,0
behavior_11,54:37.2,54:40.8,啊不是，他们是第三组，我们是第四组开始。,1,0,0
behavior_11,54:40.8,54:45.8,第四组你们第三组是准备这个了是吧？你们就不管了。那就是第。,1,0,0
behavior_11,54:45.8,54:48.1,四组的快就那个。,1,0,0
behavior_11,54:48.3,55:06.4,定额淘汰定额淘汰是他把嗯一些不好的员工给淘汰掉，那他的强化培训创造学习，就他强化培训，把一些员工淘汰之后，他引进一些另外的强化培训，它是否是否是会造成成本的提高吗？,0,1,1
behavior_11,55:06.4,55:16.4,工作成本的提高，还有定额淘汰那归属感，他们的归属感也会它安全需要也会遭到一定的员工会没有需求感是怎么解决呢？,0,1,0
behavior_11,55:16.8,55:34.1,嗯首先那个所谓的强化培训创造学习机会这样举例，吧比如说一个员工就是企业员工是百%，我淘汰最后10%，那么优秀的只有20%，那中间70%我不需要培训，嘛我当然是需要培训的。,1,0,1
behavior_11,55:34.2,55:58.2,那他们就是你不能说为了给一个企业的员工，我创造一个归属感，不管你做的多烂，不管你呃培训完之后成绩如何的差，我都还是会要你这样子的话，他就没有这种竞争意识了，所以它一定是要两个配套来做，没错，我可以给你提升自己的机会，我也可以给你在企业里发展自己的机会，但是如果你在我这个企业里，你只要进来你就不会出去了，但会是什么？,0,0,1
behavior_11,55:58.2,56:04.8,有的人他就是混日子，他会20年他30年还是在混日子，他觉得只要企业不开除，我我就依然可以混我的日子。,0,0,1
behavior_11,56:05.0,56:11.4,这样子的话没有定额淘汰，你没有危机感，你只有归属感，没有危机感，这个企业也是没有办法发展的。,0,0,1
behavior_11,56:11.4,56:22.7,再来就是海尔这个公司，它是家电企业，一个家电企业如果没有危机意识，如果没有技术创新的这种能力的话，那它岂不是很危险，嘛这也是他企业的能力。,0,0,1
behavior_11,56:22.7,56:24.9,然后第二个是。,1,0,1
behavior_11,56:26.0,56:38.2,把这个问题。没有就定额淘汰和强化培训，我加在拢在一起了，是它的成本会提高，就你淘汰了100%的数，会进新的10%员工对吧？,0,1,0
behavior_11,56:38.3,57:01.6,我觉得这对企业来讲，他肯定是基于他利益考虑的，噢成本会不会提高，这个问题需要跟比如说他定了淘汰之后，他引进的人他培训完之后，他们创造出来的利益价值，以及他不引进人，就留着那些他想淘汰的人，然后可能会降低企业的效益之类的这些进行一个对比，所以不是说觉得说只要淘汰人，你觉得它的成本就会增加，不一定的。,0,0,1
behavior_11,57:01.8,57:12.8,但是就是说企业它会这样做，它会有这个概念，这个机制来提高它自己的效益，就说明企业的效益远远大于换人的成本，这是我的理解，谢谢。我补充一下。,0,0,1
behavior_11,57:13.0,57:23.2,啊我觉得这样你绝对的利润淘汰肯定是一个不好的制度，因为我们现在不还不是特别就是说非常细节的了解他的定额淘汰。第二淘汰意味着什么？,0,0,1
behavior_11,57:23.7,57:32.1,呢就是说比如说后面5%或者10%你要淘汰它，不管你达到要求没有，我都要淘汰你，这是不合理的，对不对？,0,1,1
behavior_11,57:32.3,57:37.8,企业你的职位我给你规定了任务，我达到的任务就是合格的，你怎么淘汰我呢对不对？,1,1,0
behavior_11,57:37.8,58:34.7,你是不能淘汰我的，所以呢我们讲定额淘汰这个制度，呢严格意义上讲，他在这个制造型的企业不是特别合适的，当然海尔呢它有这个制度，它也许有它有一系列的规定，我理解的话这个定额制度呢如果说要合理的话，啊定额淘汰制要合理必须要增加一个就是说呃职工你到我这个企业里面进来以后，我把任务交给你，明确任务明确了，具体任务交给你，同时我要通过培训，通过师傅带徒弟等等一系列的措施，我要提高这个职工完成任务的能力，我要帮助你完成任务，但是最后你仍然没有完成任务，那对不起，不要淘汰，有道理吧我提我我提高你的能力，你仍然不能完成任务，那是你自己的责任，对不对？,0,1,1
behavior_11,58:34.7,58:41.1,可能是你的能力真的不够，可能是你努力不够，这个定额淘汰它是合理的，对不对？,0,1,0
behavior_11,58:41.3,58:58.4,所以我觉得定额淘汰，我估计里面这里面它肯定有这么一个，唉我们用用这个学术一点的话，就是提高这个人呢完成任务的这么一个可能性，我们学术业的话我们叫期望值是吧？,0,1,1
behavior_11,58:58.4,59:18.6,就是完成任务的可能性，嘛我相信他会有这个辅助的这么一个措施的，否则的话这个定额淘汰在制造型企业它是不能适用的，定额淘汰的这么一个制度，严格意义上讲是从乔布斯他们这个管理学的思想开始的，乔布斯他是说只有20%是优秀对不对？,0,1,1
behavior_11,59:18.6,59:23.9,我只要20%的人，80%我都不要，他是对于这个什么？,0,1,0
behavior_11,59:24.8,59:34.6,呢有一些比较风险性比较高的这一些唉高科技企业，他们采用这个制度，但是它这个也是高风险高收益是吧？,0,1,1
behavior_11,59:34.6,59:54.9,高面对它是有一系列的，当然因为它这个有这个定额淘汰的制度，呢所以它做成了世界一流的公司，我们也慢慢要转变这个观念，啊要有淘汰，但是淘汰的标准到底是定额还是你的绩效，这个他是可以商量的，我认为可以商量的，是不是？,0,1,1
behavior_11,59:54.9,00:03.2,啊唉我们回头再仔细的将来去找一找它的这个定额淘汰，具体是怎么规定的，它的执行效果怎么样？,1,1,0
behavior_11,00:03.3,00:07.7,我们可以去接着去了解海尔的他这个制度好吧？,0,1,0
behavior_11,00:08.2,00:10.3,接下来这是第五组吧是吧？,1,1,0
behavior_11,00:10.3,00:24.1,啊嗯我要针对届满轮流问两个问题，啊第一个针对谁，对象是谁，嗯是管理者呢还是那些科研的工作人员，毕竟这是两种不同的人员。,0,0,1
behavior_11,00:24.2,00:27.8,来第二个就是这个借指的是什么？是指时间吗？,0,1,0
behavior_11,00:27.8,00:31.5,如果是时间的话，那么会导会不会导这些项目的流程是。,0,0,1
behavior_11,00:31.6,00:42.6,我跟你讲，我觉得你理我理解的话，啊就是说我们通常来每一个职工啊要对这个企业这个组织要有家一样的感觉，对不对？我们通常有学术语言叫什么感？,0,1,0
behavior_11,00:42.6,00:55.9,呢为什么看说得很好，啊能够激励职工的这个制度，一定要能够给职工提供归属感，对不对？,0,1,0
behavior_11,00:55.9,01:04.9,没有归属感的这个企业组织它不是一个好的组织职工，他也不会全身心的同甘共苦，同舟共济，是不是？,0,1,1
behavior_11,01:04.9,01:07.1,啊这是肯定的，很好。,0,0,1
behavior_11,01:07.2,01:12.6,啊这个提出这么归属感的问题，我觉得也是我们这个基地中间他要关心的问题。,0,0,1
behavior_11,01:13.7,01:21.0,啊接下来下面那个小组。第第四步吧你。你们这个组都是组织这个是吧？,1,0,0
behavior_11,01:21.0,01:24.6,啊不是，他们是第三组，我们是第四组开始。,1,0,0
behavior_11,01:24.6,01:30.8,第四组你们第三组是准备这个了是吧？啊你们就不管了。那不是第四组的。对。,1,0,0
behavior_11,01:30.9,01:50.1,就那个定额淘汰定额淘汰是他把嗯一些不好的员工给淘汰掉，那他的强化培训创造学习，就他强化培训，把一些员工淘汰之后，他引进一些另外的强化培训，它是否是否是会造成成本的提高吗？,0,1,1
behavior_11,01:50.1,02:00.3,工作成本的提高，唉呦、定额淘汰那归属感，他们的归属感也会它安全需要也会遭到一定的员工会没有需求感是怎么解决呢？,1,1,0
behavior_11,02:00.6,02:17.8,嗯首先那个所谓的强化培训创造学习机会这样举例，吧比如说一个员工就是企业员工是百%，我淘汰最后10%，那么优秀的只有20%，那中间70%我不需要培训，嘛我当然是需要培训的。,1,0,1
behavior_11,02:17.9,02:42.1,那他们就是你不能说为了给一个企业的员工，我创造一个归属感，不管你做的多烂，不管你呃培训完之后成绩如何的差，我都还是会要你这样子的话，他就没有这种竞争意识了，所以他一定是要两个配套来做，没错，我可以给你提升自己的机会，我也可以给你在企业里发展自己的机会，但是如果你在我这个企业里，你只要进来你就不会出去了，那会是什么？,0,0,1
behavior_11,02:42.2,02:55.1,有的人他就是混日子，他会20年他30年还是在混日子，他觉得只要企业不开除，我我就依然可以混我的日子，这样子的话没有这个淘汰，你没有危机感，你只有归属感，没有危机感，这个企业也是没有办法发展的。,0,0,1
behavior_11,02:55.2,03:06.5,再来就是海尔这个公司，它是家电企业，一个家电企业如果没有危机意识，如果没有技术创新的这种能力的话，那它岂不是很危险。嘛这也是他企业的能力。,0,0,1
behavior_11,03:06.5,03:08.8,然后第二个是。,1,0,1
behavior_11,03:09.9,03:21.9,这个问题没有就定额。淘汰和强化培训，我加在拢在一起了，是它的成本会提高，就你淘汰了100%的数，会进新的10%员工对吧？,0,1,0
behavior_11,03:22.0,03:56.6,我觉得这对企业来讲，他肯定是基于他利益考虑的，噢成本会不会提高，这个问题需要跟比如说他定了淘汰之后，他引进的人，他培训完之后，他们创造出来的利益价值，以及他不引进人，就留着那些他想淘汰的人，然后可能会降低企业的效益之类的这些进行一个对比，所以不是说觉得说只要淘汰人，你觉得它的成本就会增加，不一定的，但是就是说企业它会这样做，它会有这个概念，这个机制来提高它自己的效益，就说明企业的效益远远大于换人的成本，这是我的理解，谢谢。我补充一下。,0,0,1
behavior_11,03:56.8,04:06.9,啊我觉得这样你绝对的利润淘汰肯定是一个不好的制度，因为我们现在不还不是特别就是说非常细节的了解他定额淘汰。第二淘汰意味着什么？,0,0,1
behavior_11,04:07.4,04:15.9,呢就是说比如说后面5%或者10%你要淘汰它，不管你达到要求没有，我都要淘汰你，这是不合理的，对不对？,0,1,1
behavior_11,04:16.1,04:21.6,企业你的职位我给你规定了任务，我达到的任务就是合格的，你怎么淘汰我呢对不对？,1,1,0
behavior_11,04:21.6,04:44.9,你是不能淘汰我的，所以呢我们讲定额淘汰这个制度呢严格意义上讲，他在这个制造型的企业不是特别合适的，当然海尔呢它有这个制度，它也许有它有一系列的规定，我理解的话这个定额制度呢如果说要合理的话，啊定额淘汰制要合理，必须要增加一个就是说呃。,0,0,1
behavior_11,04:46.6,05:11.1,职工你到我这个企业里面进来以后，我把任务交给你，明确任务明确了，具体任务交给你，同时我要通过培训，通过师傅带徒弟等等一系列的措施，我要提高这个职工完成任务的能力，我要帮助你完成任务，但是最后你仍然没有完成任务，那对不起，不要淘汰。,0,0,1
behavior_11,05:11.6,05:18.5,有道理吧我提我我提高你的能力，你仍然不能完成任务，那是你自己的责任，对不对？,0,1,0
behavior_11,05:18.5,05:24.9,可能是你的能力真的不够，可能是你努力不够，这个定额淘汰它是合理的，对不对？,0,1,0
behavior_11,05:25.0,05:42.2,所以我觉得定额淘汰，我估计你们这里面它肯定有这么一个，唉我们用用这个学术一点的话，就是提高这个人呢完成任务的这么一个可能性，我们学术业的话我们叫期望值是吧？,0,0,1
behavior_11,05:42.2,06:02.2,就是完成任务的可能性，嘛我相信他会有这个辅助的这么一个措施的，否则的话这个定额淘汰在制造型企业它是不能适用的，定额淘汰的这么一个制度，严格意义上讲是从乔布斯他们这个管理学的思想开始的，乔布斯他是说只有20%是优秀对不对？,0,1,0
behavior_11,06:02.2,06:07.7,我只要20%的人，80%我都不要，他是对于这个什么？,0,1,1
behavior_11,06:08.5,06:18.7,呢有一些比较风险性比较高的这一些唉高科技企业，他们采用这个制度，但是它这个也是高风险高收益是吧？,0,0,1
behavior_11,06:18.7,06:38.7,高风险它是有一系列的，当然因为它这个有这个定额淘汰的制度，呢所以它做成了世界一流的公司，我们也慢慢要转变这个观念，啊要有淘汰，但是淘汰的标准到底是定额还是你的绩效，这个还是可以商量的，我认为可以商量的，是不是？,0,0,1
behavior_11,06:38.7,06:51.5,啊唉我们回头再仔细的将来去找一找它的这个定额淘汰，具体是怎么规定的，它的执行效果怎么样，我们可以去接着去了解海尔的看这个制度好不好？,1,1,0
behavior_11,06:51.9,06:54.1,接下来这是第五组吧是吧？,1,1,0
behavior_11,06:54.1,07:07.8,啊嗯我要针对届满轮流问两个问题，啊第一个针对谁，对象是谁，嗯是管理者呢还是那些科研的工作人员，毕竟这是两种不同的人员。,0,0,1
behavior_11,07:07.9,07:11.6,那第二个就是这个键指的是什么？是指时间吗？,0,1,0
behavior_11,07:11.6,07:15.7,如果是时间的话，那么会导会不会导致这些项目的流程明确。,0,0,1
behavior_11,07:15.7,07:37.2,的目标和周密的计划，啊明确的目标我要达到什么目标，我要达到这个目标，我要一步一步采取机密周密的这么一个步骤，我来达到这个目标，他一定会有目标方案出来，这是有积极和没有积极性在行为它的一个差别。,0,0,1
behavior_11,07:37.4,07:59.1,接下来第二个行为中，如果说他有积极性，思维活跃，情绪高涨，有克服各种困难的信息，实际生活中都是这样的，我们有很多的这个决策其实都是非常英明，都是非常正确的，但是很多的决策半途而废，为什么半途而废？,0,1,1
behavior_11,07:59.4,08:11.3,是因为我们遇到的困难，我们就戛然而止，我们就没有持之以恒的这个恒心把它做下去，对不对？,0,1,1
behavior_11,08:11.3,08:37.6,但是有记性不一样，啊他就把它做下去唉就落下，而且愈挫愈勇屡败屡战，啊就是这种心态你看他就是有积极性的就是这么表现行为后，我们从工作和结果中间能够获得满足和满意之感，获得满足和满意之感，是一个非常高层次的这种享受。,0,0,1
behavior_11,08:38.0,08:44.5,实际生活中我们经常会做作业，吧做了作业以后我们有事没事，我们会拿出来欣赏吗？,0,1,0
behavior_11,08:45.1,08:49.6,嗯这。什么说明很难对不对？,0,1,0
behavior_11,08:49.6,09:12.5,但是有没有有的比如说啊比如说你们父母亲肯定把你们这个高中或者初中或者小学有一些作业留下来，你不信把以往的那个写的作文你拿出来看一看，尤其我相信高中经过训练以后，你看一看你还是有这个满足你满意之感的，你觉得唉呀当时水平怎么这么高？,0,1,1
behavior_11,09:12.5,09:23.9,啊因为老师高中啊他成立的训练他必训练的技术，同时呢又给你提供一些素材，告诉你怎么去利益是吧？,0,1,1
behavior_11,09:23.9,09:47.7,高远等等这些东西，你现在因为你没有训练的，你回过头来他就有的有积极性他就应该有这么些感受，接下来我们要说行为积极性是怎么达到的，这个恰恰是我要解决的问题，激励什么是激励，呢激发鼓励激发鼓励什么东西呢对不对？,0,1,1
behavior_11,09:48.1,10:01.6,如果说仅仅只是一个需要，那我们讲我们的这个理论就很简单，那就是满足需要，只要马斯洛每一个需要城市理论它就解决问题了，对不对？,0,1,0
behavior_11,10:01.6,10:05.4,那还要双因素，你们要公平的你要希望你能干什么？呢不需要了。,0,1,0
behavior_11,10:05.4,10:34.0,吧如果仅仅它的这个激发的东西只有一个需要的满足这么简单的，那就其他的就不要了，但是实际上不是这样的，所以说这个里面我们可以深入的探讨这个问题，我们讲积累的过程主要是持续激发人的动机的心理过程，看起来比较复杂，其实很简单，激发是动词，持续是修饰，思路，宾语是什么？,0,1,1
behavior_11,10:34.5,10:37.7,人的动机的心理过程，人的动机。,0,0,1
behavior_11,10:38.0,11:07.2,当然这个概念已经可以表示为什么加上心理过程，呢它的一个动态的展开的这个形式，我们要探讨它，我们探讨一个这个动机的心理过程，我们要把某一些具体的时间地点、人物，他都把他省区包括思想因素，我们只找这些主要的论述，构建一个模型，通过这个模型它就能够反映它一个整个盖帽是吧？这是我们的一个基本的想法。,0,1,1
behavior_11,11:09.8,11:36.9,好首先呢我们讲，如果我们首先从静态的角度来讲，我前面讲如果说人的动机的心理过程，今年的过程仅仅只是说理解成需要的话，那就是一个很简单的啊就需要完了，实际生活中不是这样的，实际生活中啊仅仅只有需要，如果没有诱因，他也不会有动机产生就说，也不会有行为的直接的原因产生。,1,0,1
behavior_11,11:37.4,12:03.4,所以诱因增加了一个因素，那如果说增加了诱因，那这个时候你看啊我们拿出这么一个文，如果仅仅只有需要，那么我们就是满足需要，但是实际生活中我们激发你的动机，啊它还包括运营，还包括诱因，所以说我们要创设诱因对不对？因为人的动机有两个因素构成的。,0,1,1
behavior_11,12:03.6,12:06.8,好，这个时候我们说什么叫激励？,0,1,0
behavior_11,12:06.8,12:19.9,呢激励啊它其实就是说一个是满足需要，一个是创生诱因，所以我们既要有需要省治理的，也需要有双因素理的，创始诱因就是双因素理论对不对？,0,1,1
behavior_11,12:20.0,12:25.1,就有两个理论的，但是还不够啊我们讲的，还有包括其他的集体理论，这说明什么？,1,0,1
behavior_11,12:25.5,12:36.4,呢说明我们对人的动机的心理过程的理解还不够简单的，所以接下来我们要理解人的动机的心理过程，它的完整的这个形式是什么？,0,0,1
behavior_11,12:36.8,13:09.1,一般来说我们人他有各种各样的需要，然后有些需要被我们意识到需要满足就产生了内驱力，如果有合适的诱因产生，那么这个时候它就形成我们的动机，有动机产生以后我们就去开始做就是行为，啊那么通过行为我们最后达到了目标，啊比如说我们达到了组织的目标，组织，然后他通过他的薪酬满足我们个人的需要。对。,0,0,1
behavior_11,13:09.3,13:20.1,当我们的这个需要获得满足以后，我们的新的需要产生新的需要产生以后，然后又产生内驱力，整个它就是一个循环往复的过程。,0,0,1
behavior_11,13:21.6,13:26.5,如果说一个有积极性的和一个没积极性的，它的差别在什么地方？,0,1,0
behavior_11,13:26.5,13:35.0,呢有积极性的人一定是这个过程，他在不断的正在循环化，对不对？,0,1,0
behavior_11,13:35.9,13:46.2,当然实际是我说我要问他，我们理想的状态当然是希望不断的这个运转，但是实际生活中啊问题是什么？,0,0,1
behavior_11,13:46.2,14:07.6,呢在这个运转的过程中它会遇到各种各样的问题，碰到各种各样的困难，它会使得这个运转的过程受到阻碍受到阻碍我们受到阻碍受到阻碍，我们要把这些阻碍的因素找到，对不对？我们要把这些阻碍因素找到。,0,1,0
behavior_11,14:08.2,14:23.5,从理论上讲，如果说我们有可能把这个阻碍这个不但循环运转的这么一个动机的心理过程这个阻碍你都找不到，我们也就找到了基地的钥匙，我们就知道从哪些方面去激发鼓励的是吧？,0,1,1
behavior_11,14:23.5,14:34.7,所以说这是我们接下来的任务，那么这个任务呢我们把它称之为时间具体时间就是说我们要理解人的动机过程的这个丰富多样性是吧？,0,0,1
behavior_11,14:35.0,14:43.9,我们要把动机的其他的饲料因素纳入进来分析，还要把它这个人的动机的心理过程的主要因素作为变量发动起来分析。,0,0,1
behavior_11,14:44.2,15:02.5,就刚才我们讲的是一个最简单的模型，在实际生活它会有各种各样的辨识变化，我们把这些变化找到，这变化找到以后，啊我们就知道整个他人的动机的这么一个心理过程规律，它的完整的规律。,0,0,1
behavior_11,15:02.5,15:07.4,下面我们来找第一个人的动机的心理过程。,1,0,1
behavior_11,15:08.2,15:19.6,我们前面讲它会有一些阻碍因素，我们把它归纳为7类，第一类，就是在需要和诱因居中的这么一个位置是第一类因素。,0,0,1
behavior_11,15:20.0,15:49.1,实际生活中呢我们员工他有需要我们组织他也提供了目标，提供了激励措施，但是职工的行为啊动机不强烈，或甚至没有，为什么呢你比如说我们组织说说我们现在面临很大的困难，很大的挑战，这个唉我们是一个实体店，啊这个电商啊现在这个发展这么迅猛，我们实体店马上要关门是吧？,0,1,1
behavior_11,15:49.1,16:20.9,马上要关门那我们关门那这里面就是说我们面临挑战，嘛那这个组织他为了激励这个职工，他就说好这样，你我们今年呢唉我们这个行业一般来说呢这个职工的收入也就是一年我估计是8万块钱的收入，但是呢就是说我们这个去年的这个销售额估计是这个500万，好，他这个组织里面这个领导他就说他说今年我们要销售1,0,0,1
behavior_11,16:21.1,16:24.8,或者甚至15万 16万。能够调动自动积极性吗？,0,1,0
behavior_11,16:25.4,16:28.3,不一定，为什么？,0,1,0
behavior_11,16:28.8,16:41.0,因为一个你实体店本身是萎缩的趋势，又受到了电商的冲击，去年我们进的权利也是500万的销售额，今天你要达到1,0,0,1
behavior_11,16:42.4,17:06.2,吧比较难，就在我们这个理论里面讲，职工当然有需要，啊组织也提供了这个岗位提供这个需求啊提供这个诱因，呢但是这个满足的可能性大不大呢比较小，这个时候职工的基金那就不高，而这个理论希望你呢他就就他就研究这个问题，期望你提出这个问题是吧？,0,0,1
behavior_11,17:06.3,17:10.9,这是第一个我们要关注的满足需要的可能性。,0,0,1
behavior_11,17:13.3,17:57.9,啊第二个需要满足的公平，我们在实际生活中一般来说人们他的这个公平感的互动不仅仅是达达到的这个绝对量，比如说啊我在一个组织里，我我现在也是在学校组织里面，嘛我跟我们的老师是吧，这个嗯比如说陈老师是吧，啊我们两个人啊我们两个人我们假如说我们是一年到这个华师公管学院的，啊去年一年我们拿到的这个薪酬收入也是一样的，比如说都是10万都是10万好像没有什么问题，吧你觉得没什么，目前暂时没有问题对不对？,0,1,1
behavior_11,17:58.0,18:02.0,但是我就觉得不公平，我为什么觉得不公平？,0,1,1
behavior_11,18:02.9,18:20.9,我觉得我的年龄比较大，我在这个组织待的时间长，深圳我说啊我上的课比他多，有没有的有也有合理性的，吧有合理的也有不合理的地方。,0,0,1
behavior_11,18:21.8,18:29.3,人呐他都是这样的，他不光是看到自己得到的绝对值，而且要看相对值，就是公平感。,0,0,1
behavior_11,18:29.8,18:38.9,当我觉得有不公平感的时候，我第二年我会适当的酱酒的投入对不对？公平你不就这么讲的吗？,0,1,0
behavior_11,18:39.7,18:59.9,那第二年领导就跟，我说说今年我们想这个给你还是按去年一样的安排两个课程，安排这个10个研究生，啊然后多少任务，我说那对不起，我说完成不了，我只上1门课，我只带5个学生，为什么？,0,1,1
behavior_11,19:00.6,19:22.0,呢因为我说去年成的时候他带一门课带5个学生，他拿的收入跟我是一样的，我降低了，吧我的基金降低了，实际生活中就是这样的，当一个人他有公平感出现问题的时候，他的基金降低，所以这个问题他需要我们去思考，公平理论他就解决这个问题。,0,0,1
behavior_11,19:23.3,19:34.3,第三个方面有可能出现问题的需要需要是个变量，不同人的需要它是不一样的，不同的需要是不一样的。,1,0,1
behavior_11,19:34.9,19:50.0,那么我们对于不同的需要，如果说提供的这个诱因啊提供的这个满足的东西它有差异，比如说现在的新时代的农民工，他们不仅要求有比较好的物质需要的感受是吧？,0,0,1
behavior_11,19:50.4,20:04.0,没有五险一金，根本你不用找他们，他不会给你干的，并且他要有归属感需要的满足，尊重需要满足，于是你的企业你要提供更多的关注，对不对？,0,1,0
behavior_11,20:04.0,20:20.2,早期的这个第一代农民工那个富士康工作的时候是给他一些基本的物资啊奖金，他们就拼命的去跟他干，后面不行，后面还必须要在组织里面营造家一样的，感觉加强这个职工的互动是吧？,0,0,1
behavior_11,20:20.2,20:37.7,参与，然后组织一些这个呃管理者跟职工之间的这些交流沟通的活动尊重和归属需要得到满足，他才有积极性，否则的话我们这个他的措施就有问题，对不对？,0,1,1
behavior_11,20:37.9,20:42.3,所以说需要层次理论，他就解释了这个问题。啊第四个。,0,0,1
behavior_11,20:42.5,20:47.4,的流产，如果是项目的话，会不会导致你的时间如果计算？,0,1,0
behavior_11,20:47.7,21:48.6,嗯它是这样子的，这个届满轮流的话，我详细的讲一下吧它是就是他在一个岗位上待到成熟之后，他会把他换到另外一个岗位上去，也就是说这个届不能指具体的时间，它应该是指一个岗位的成熟期间，但每个岗位它成熟的期间是不一样的，它确实指的是管理者，但是它有比如说像研发部，你也不能说它的管理者就不是技研人员了，所以它有一些是有重叠性，但是它是企业的管理者会把他们就是换掉，换到另外一个岗位上去，所以刚刚也说了这个制度还有一个弊端，就是许多的青年人他会认为是他青云直上的一个障碍，因为我在这个岗位上做出一点成绩就把我换走了，就是这样的一个原因，但它是一种就是让企业可以多多个部门都同时就是发展的比较好，不会说有很拖后腿的落实部门，这是它届满届满轮流的一个意义。,0,0,1
behavior_11,21:49.3,22:05.6,我我理解啊两个方面，第一个就是对管理人员来讲，轮流啊它是你丰富你的这个经验，积累你的这个整个组织理解，对管理理解的这么一个经验，它的一个非常好的渠道。,0,0,1
behavior_11,22:05.8,22:17.9,工作轮换嘛就是从我们讲通常工作轮换，所以这个工作前途中间呢它其实轮换呢它其实也是一个非常重要的手段，那对于技术人员来讲是吧？,0,0,1
behavior_11,22:17.9,22:23.4,它事实上它也会有一些对它的这么一个呃研究经验是吧？,0,1,0
behavior_11,22:23.4,22:27.5,包括这个管理经验上的丰富的一个方面是吧？,0,1,0
behavior_11,22:27.5,22:32.3,有时候我们慢一点是你速度更快是吧？,0,1,0
behavior_11,22:33.1,22:38.6,啊是你这个上市的更高一个平台，一个必经的这么一个手段，所以欲速则不达嘛对不对？,0,1,1
behavior_11,22:38.6,22:42.6,啊唉要这么考虑问题好吧？最后一个小组。,0,1,0
behavior_11,22:42.6,22:52.9,嗯嗯本来我们小组想讲的东西都已经被前任组讲了，所以我希望下一个问题的提出能啊倒过来。啊好行，好。,0,0,1
behavior_11,22:52.9,23:15.0,然后我们还是说一下就是对刚才说的芥兰轮流提出一下我们的疑问，因为我们觉得就是当一个人在那个岗位成熟之后，你会把他调走，那么新的人来到这个岗位要要重新适应这个岗位的内容，工作的机制责任这这嗯这些东西，那么会不会影响企业的效率呢？所以我们就。,1,0,1
behavior_11,23:15.5,23:18.6,届满轮流，它这个为什么会有这个原则？,0,1,0
behavior_11,23:18.6,24:02.6,呢是因为从它是海尔的集团，它是跨跨领域开始经营了，它从白色家电到黑色家电，它的这个产品系列越来越大，但是它本身集团存在一个发展并不平衡的原因，那么它需要根据企业这个本身的需求，培养出一些有长远目光，对市场各方面都了解的比较确切的这种有点像多面手的这种优秀人才，所以它这个届满轮流是为了企业发展它来培养的，而不是说啊比如说就是简单的就是这个岗位成熟，他就调动他还是有这样的一个考虑，所以说新人上手他其实是源源不断的在为企业培养这些适合企业发展方方向的人才，所以对企业本身是利大于弊的。,0,0,1
behavior_11,24:03.2,24:08.5,我我想的话他肯定会有这个我们讲企业里面它也有一个接班人培养的制度，谢谢。,0,0,1
behavior_11,24:08.8,24:14.6,他不会就是说出来了就给他换了，啊他会让一个人可能慢慢的了解一段时间是吧？,0,0,1
behavior_11,24:14.6,24:18.9,啊即将轮流之前呢他会了解一段时间，就三个月是吧？,0,1,0
behavior_11,24:18.9,24:23.1,啊采用师傅带徒弟或者什么方式让他慢慢去接触是吧？,0,1,0
behavior_11,24:23.1,24:38.1,啊并且呢岗位之间一定是有相关性的，啊一定是有技术的相关性或者是管理的相关性，它一定是有的，否则的话它完全是一个省属上，呢他什么都不知道，他必然会影响工作的效率是吧？,0,1,1
behavior_11,24:38.1,24:51.2,啊他唉我认为这个担心都是非常好的，那就是说我们看啊前面这些东西，啊海尔刚才我们这个小组其实谈到的这些东西其实也是我从我们自身的角度出发是吧？,0,1,1
behavior_11,24:51.2,24:55.4,提出的一些问题，那我们的激励我们要解决这些问题是吧啊。,0,1,0
behavior_11,24:55.6,25:01.8,后面第二节课呢我们还会有这一方面来讲，接下来介介绍后面的。啊嗯那么现在进入。,1,0,1
behavior_11,25:01.8,25:12.9,第二个就是华为嗯华为它主要的激励方式有5个，薪酬激励、目标激励、精神激励、情感激励和民主激励。那么我们把它们简单。,1,0,1
behavior_11,25:13.0,25:15.5,的划划分成了外部激励跟内部激励。,0,0,1
behavior_11,25:15.5,25:29.0,现在来看外部激励外部激励主要体现在的是全员持股制度，将老板与员工之间由雇佣关系转换为伙伴关系，增加员工对公司的诚实度和归属感。,0,0,1
behavior_11,25:29.1,25:33.8,员工更像是在为自己而工作，也就是说以前的企业会有一个什么？,0,1,0
behavior_11,25:33.8,25:39.4,就是我们觉得我们每次就是有些人他们加班的时候，他们会抱怨说我为什么要这么累我？,0,1,0
behavior_11,25:39.7,26:02.1,我为什么要每天加班到这么晚，反正赚的钱都是老板的，呀又不是我的，我每天就是领着这么点辛苦的工资，我为什么要这么拼的干活，但是现在不一样，它转化的概念了，你不是在为我干活，你是在为你自己干活，这个公司也有你的一部分，所以你必须要努力，你必须要让这个公司发展的更好，这样你到手的钱才会更多，这是物质上的一种激励。,0,1,1
behavior_11,26:02.7,26:11.7,那么内部激励内部激励就是它典型的两个文化，狼文化跟家文化，其实大家比较了解的是狼文化，所以我们重点是讲这一部分。,0,0,1
behavior_11,26:11.8,26:30.0,华为呢它就是我记得几年前，其实大家还是很少提及华为手机的，嗯大家还是更多的比如说他们会提及像苹果跟三星，但是为什么现在我们的国人对华为印象这么好，呢而且很多人都觉得华为的价格，它的配置它的技术都是物美价廉的，对吧？,0,1,1
behavior_11,26:30.0,27:02.6,也不有有些不价廉就对了，就是就是总的来说性价比非常的高，它的用的非常的舒服，但这是为什么呢正是因为它有这个狼文化的驱动力，以就是它的狼的三个特性贯穿人心，第一个是敏锐的嗅觉，敏锐的嗅觉就是在现在这种创新型企业，它必须要把握科技的前端潮流，它必须要把握就是使用高科技这些人群的这些就是需求，他才能更好的创造出大家喜欢的大家受欢迎的，不会在更新换代中就被淘汰掉的东西。,0,1,1
behavior_11,27:02.7,27:06.7,然后接下来就是不屈不挠，奋不顾身的进攻精神。,1,0,1
behavior_11,27:06.8,27:19.4,就是华为它为什么能够在这么短短几年间变成一个非常大企业，而且我们现在经常听到一些华为新闻，比如说华为又开发出了什么新新技术，华为的市场份额又提高了多少，为他们的工资有多高了是吧？,0,1,1
behavior_11,27:19.4,27:25.9,经常会有这种对，然后所以就是说他整个企业都是处于一种奋勇前行的状态，他整个企业都非常。,0,0,1
behavior_11,27:25.9,27:53.7,第四个又一是一个变量，啊这个里面呢这个何时不苟，他跟我们讲得非常清楚，工资奖金这些东西他不可能无限制的提高你的积极性，这些东西有职工只能说没有不满意，但是真正要达到职工达到满意，他是受另外一类因素的制约，对不对？,0,1,1
behavior_11,27:53.7,28:10.8,它是激励因素的制约，他把它化成两点双因素理论他就很好的解释了这个问题，啊其实我们只需要找到变量，真正怎么去解释这个变量，已经有成型的理论已经告诉我们了，你把这理论看清楚，它基本上它都能帮助我们分析出来。,1,1,0
behavior_11,28:10.8,28:15.1,啊好，这是第四类。,1,0,0
behavior_11,28:15.1,28:19.5,第五类动机的强度，他们受到个性倾向的因素影响。,1,0,0
behavior_11,28:21.2,28:26.4,比如说啊我们现在这个组织啊我们不可排斥，有些企业确实坑蒙拐骗是吧？,0,0,1
behavior_11,28:26.5,29:09.4,有些不好的这个唉组织风气在这里面，但是是不是在这个整个组织风气里，每一个职工他的资金都是一样的，呢都是有一些职工他们受到家庭教育，受到了学校教育，他们觉得人他就应该城市应该给国家提供一点正能量，即使他们会去做这些东西，他们的动机的强度也会非常弱，就是说人的动机啊他还受到他的态度，尤其受到的价值观的影响，我们讲三观正，人生观、价值观、世界观三观正，它往往会对他某一些不好的行为动机会有抑制作用，对不对？减弱和抑制作用。,0,1,1
behavior_11,29:09.6,29:13.4,反之如果是好的，它有加强的作用是吧？,0,1,0
behavior_11,29:13.4,29:17.1,我们讲的个性特征讲的态度就是第五个方面是吧？,0,1,0
behavior_11,29:17.1,29:28.6,第五个方面，第六个方面，实际生活中当我们行为受阻的时候，我们会产生动力冲突，有冲突以后怎么办？,1,1,0
behavior_11,29:28.6,29:32.2,呢强化理论，对不对？,0,1,0
behavior_11,29:32.5,29:50.1,我们对于这个好的行为，我们鼓励的行为期望的行为我们给他奖励，对于违背妨碍我们组织的行为，我们给他惩罚，人是趋利避害的，它慢慢的它的形式就会发生改变，对不对？所以第六个面向就是行。,0,1,1
behavior_11,29:50.7,30:08.3,第七个目标设置的合理性，目标本身是一个变量，当我们这个组织我们要制定目标的时候，无论是组织的任务的目标和生产的目标发展，包括个人的奖励的目标，我们都要明确。,1,0,1
behavior_11,30:09.4,30:19.5,比如说对于销售人员，我们这个组织销售额达到了1,0,0,1
behavior_11,30:19.8,30:37.7,明确的放在这个地方，你达到了它就是你的，他会极大的调动职工机器嘛会的，凡是如果模糊来说，你们如果说尽最大的努力，那我们这个组织有一个飞跃的发展，你们就会有一个不菲的报酬。什么意思？,0,1,1
behavior_11,30:38.5,30:42.3,啊他会调动职工的积极性吗？,0,1,0
behavior_11,30:42.3,30:54.0,模糊的目标不行，都有明确的目标，并且要有阶段性的反馈，阶段性的反馈，不断的要有反馈，他才能够调动进去。,0,0,1
behavior_11,30:55.7,30:59.9,好，我们做这些，呢我们事实上它就是我们激发你的动机的心理功能。,0,0,1
behavior_11,31:00.5,31:10.2,它的这个激发点我们刚才讲了，在实际生活中啊这个需要它不是这么一个简单的这一个模型，其实就是那个模型看到没有？,0,1,1
behavior_11,31:10.9,31:20.1,这个单子太大了，我们划不过来，啊我们把它搬过来，把这个模型搬过来搬过来就意味着什么呢？,0,1,0
behavior_11,31:20.3,31:36.2,就是说我们做决策，我们在制定措施的时候，我们要针对人的动机的心理过程中的7个方面，7个方面，我们看到哪1个问题出了问题我们就解决它，对不对？,0,1,0
behavior_11,31:36.3,31:45.1,它整个这个模型就是我们这么一个我们在做管理决策的时候，我们要遵循的一个基本的这个心理规律是吧？,0,1,1
behavior_11,31:45.1,31:57.9,需要动机的规律，建立在这个需要动机的规定基础上，我们做出的这个激励我们做出的管理措施它才是合理的，它能够帮助我们思考的问题，也能够帮助我们解决问题是吧？,0,1,1
behavior_11,31:58.6,32:02.9,啊那后面的那个基地的概念呢我们就不用去多啰嗦了。,0,0,1
behavior_11,32:03.2,32:35.3,我想呢那你们看一个东西，啊比如说我们前面讲的这个一个案例，我们把它简单的把它放在里，其实这个职工提出了几个问题全部在这里面，核心的问题都在里面，我们要去分析它怎么分析它，呢你看下面我们头脑里面有这个地图，我们一个一个来你看它其实很简单，第一个期望理论是吧？,1,1,1
behavior_11,32:35.3,32:46.5,期望理论就是期望值和效价期望值和效价这些职工，那么对于他们能不能完成任务，呢他们任务他们是能完成的是吧？,0,1,1
behavior_11,32:46.7,32:52.2,他关键是销价，就是这些东西不能满足他们的需要，对不对？,0,1,0
behavior_11,32:52.2,32:58.3,钱太少，希望你们能够解释一部分，钱太少要把钱增加对不对？,0,1,0
behavior_11,32:58.3,33:02.2,我们这这是可以看到的。第二个公平感你们有没有？,0,1,0
behavior_11,33:02.3,33:10.4,有的你比如说这种稽查报酬的方法是对我们的侵蚀，这种既然报酬的方法是什么？,0,0,1
behavior_11,33:10.4,33:24.2,是行政人员常规性的任务的行政人员，他们的投入和产出，他的计算方法，你在机场我们研发里面这种报酬的计算方法它肯定是不合适的，对不对？,0,1,0
behavior_11,33:24.2,33:27.8,所以公民理论一定是有的怎么解决的？,1,1,1
behavior_11,33:28.1,33:38.2,行政人员制定行政人员的薪酬制度，研发人员要制定研发人员薪酬制度对不对？,0,1,0
behavior_11,33:38.5,33:48.4,那里面一般来说就是采取年薪制部门，你一件事都没干成，我仍然给这个钱给你，他要有保障，他实际上是风险性的收入，对不对？,0,1,0
behavior_11,33:48.4,33:54.0,营销人员是营销人员的这个报酬计算方法，这是你你看到问题就能解决。,0,0,1
behavior_11,33:55.1,34:04.2,嘛然后第三个需要城市里，你看虽然我们这个无从了解我们的工作是为了什么，我们不知道珍珠吗？,0,0,1
behavior_11,34:04.2,34:11.1,我们没有家的感觉，需要城市里面讲，那就应该经常拼搏。这也是他们狼文化的一个代表。,0,0,1
behavior_11,34:11.1,34:32.3,第三个就是群体奋斗的意识，因为一个人就算他再聪明，就算他是一个天才，他要开发一个技术，他他可能只能开发一项技术，他不可能连连不断的出现一些新的技能，就算他自己有他精力也不也不允许，那么就需要一个团队合作，你研发一个项目你是需要团队合作，你才能把这个项目做得尽善尽美的。,0,0,1
behavior_11,34:32.5,34:48.4,团群体的意识呢这个在狼当中也体现得非常的明显，一只狼它的战斗力很强，但是最可怕的是狼群不是狼，所以这也就是华为在这个市场上他能有自己的一族之地的这个关键所在，也是他的企业文化的一个核心。,0,0,1
behavior_11,34:48.8,35:08.6,那么他们提出了几个观点，就是用胜者举杯相庆，败者拼死相救，他们是属于那种就是就是强调说不管怎么样，企业就是如果你你在这个科技上取得领先一步，那是非常值得高兴的事情，因为在创新领域上你只有做得更好，你的企业才能发展更好。,1,1,1
behavior_11,35:09.8,35:35.0,再者的话就是说这个方面做得不好那你就要去弥补，那么在刚刚的华那个海尔的案例当中，他们其实是另外一种观点，他们要宣扬的那种氛围是好，好的就是很好，不好的一定使人厌恶，这也是跟两个企业的特性是有关系的，因为在质量上那种在海尔那种家电质量上，你坏的东西你肯定是不能要的，员工技术如果不过关，你肯定是要淘汰掉的。,0,0,1
behavior_11,35:35.0,35:48.8,但是在华为它是一个电子领域，它一定要股权自己在创新这些领域，比如说我有一些芯片技术我做不来，我不能说我就放弃这一块以后全部靠进口，是不可能的，我肯定是要这方面我也要攻坚克难的做上去。,0,0,1
behavior_11,35:49.0,36:24.5,然后还有就是狭路相逢勇者胜，我觉得是很贴切的，因为就像我们国产当中，我们买手机进手机店，我们会看到有小米、有魅族，有华为、有苹果甚至啊，还有担心这些等等很多的品牌，每个品牌都有它自己的受众，那么华为如何在激烈的手机竞争市场能够有自己的一席之地，并且影响力越来越大，正是它奉行这种狭路相逢勇者胜，我们都很艰难，我们都在竞争，可是我们一定要在竞争当中做得更好，那么它使一线年轻员工很容易进入大无畏的精神状态，以令对手头晕的气势展开了。,0,0,1
behavior_11,36:24.5,36:50.7,我他的意思就是说他们华为的员工很多年龄都很偏向他们，他们一般就是进入大学，就是就是读完大学就直接进那个企业，然后他们就是我有听说过华为他们形容自己的去进入另外一个更艰难的大学，应该叫大学高三混合体，就是他们每天都要提升自己，每天都要锻炼自己，每天都要使自己活的就是技能更加的提升，才能在这个企业当中更好的生存下去。,0,0,1
behavior_11,36:50.7,36:56.5,那么之前有说过就是他们开除了一批就大概三十几岁的，为什么会开除那些高管？,0,1,0
behavior_11,36:56.5,37:07.8,我觉得有一个原因就是当狼群当中出现了老狼或者变成羊的狼的话，它就不适合在这个人群狼群当中生存了，所以这也是华为的一个文化特点。,0,0,1
behavior_11,37:08.2,37:21.3,还有就是他的家文化，因为我了解到的华为他们的加班制度，啊其实他们也不能算加班制度，因为他们每天都是到那么工作到那么晚，等于你的企业环境相当于可以占你生活当中很大的一部分。,0,0,1
behavior_11,37:21.3,37:48.6,那么为了使团体合作更好的话，第一就是说你要是你的企业为你的家，这样的话你才会愿意为自己的家做归属感，那包括前面的这个全民持股制度，也体现了一种就是人工对华为这个企业，我是在为我自己的家做建设，我是在为我自己的家做贡献，我的同事就是我的家人，这种观念才能使他在这种长时间的工作时间里面，还能保持着一种比较向上的积极的这种态度。,0,0,1
behavior_11,37:48.7,37:58.4,然后他的精神激励是包括荣誉奖跟职权的，就是荣誉奖跟职权其实没办法界定它是外部激励还是内部激励，为什么？,0,1,1
behavior_11,37:58.4,38:13.3,因为荣誉奖跟职权既有物质上的增加，又有就是满足你名誉上的这种需求，所以等于是两个都有，那就是现在就是华为公司的内外部激励，我现在是讲到这里，那然后是三分钟的讨论时间，好。,0,0,1
behavior_11,38:13.3,38:24.3,这个这样呢我们换一个规则，唉你们琢磨这么个问题，就是内部基地外部基地一般来说没什么特别的，我认为别的组织都有，对不对？,0,1,0
behavior_11,38:24.4,38:26.5,它的内部激励确实有自身的特点。,1,0,0
behavior_11,38:27.8,38:37.0,你们归纳一下，看它能够体现哪一些比较典型的特点，能够跟我们从管理的角度啊能够结合起来谈的是吧？,1,1,0
behavior_11,38:37.0,38:39.3,啊有哪些典型的特点好不好？,0,1,0
behavior_11,38:39.3,39:01.4,你们思考这个问题，思考这个问题，同时我补充一个任正非呢他曾经回忆过这个问题，他说我们这个华为啊不能允许这个工程研究者躺在功劳路上睡觉，我相信他是个开除，啊不是这个组织啊他无情的表现，而是什么呢？,0,1,1
behavior_11,39:01.6,39:10.7,而是有一些职工啊他因为他有持股，有些职工他已经通过持股，通过他努力挣了很多的钱，他不想再去奋斗，有没有的？,0,0,1
behavior_11,39:10.7,39:18.5,有的不想再去奋斗的职工，华为认为你们可以离开我这个啊组织，对不对？,0,1,0
behavior_11,39:18.6,39:27.3,我就是要强调不断的去奋斗的，而不是说这个因为别的原因要去这个开除他们，我相信是他们主动辞职的，对不对？,0,1,1
behavior_11,39:27.3,39:34.7,他有的人他有了相当的积累以后，他希望能够过一种安稳的生活，这是个人的选择，对不对？,0,1,0
behavior_11,39:34.9,39:39.3,个人的选择那企业它尊重个人的选择。,0,0,1
behavior_11,39:39.6,39:52.4,对，因为华为它就是一个以竞争是吧，以这个开拓进取为他的整个组织文化的这个特点，所以这个呢我们不能够克制华为是吧？,0,0,1
behavior_11,39:52.4,39:54.4,啊我我我是这么理解的。,0,0,1
behavior_11,39:54.5,40:09.9,啊我们不分组，我们看同学自动的，有没有同学说，啊他如果是从我们管理的角度来讲，啊内部机制中间有一个非常显著的特点，你们觉得是什么？全体分给我们。,1,1,1
behavior_11,40:11.8,40:12.6,先决策就这个。,0,0,1
behavior_11,40:16.1,40:20.0,一般来说我们说为什么而奋斗为什么而奋斗？,0,1,0
behavior_11,40:20.0,40:22.7,啊就是这个屏幕。,0,0,1
behavior_11,40:23.1,40:27.2,家庭目标对不对？,0,1,0
behavior_11,40:27.3,40:37.1,不管你是生活的目标，工作的目标或者事业的目标为目标而奋斗，为什么样的目标而奋斗，呢你发现没有？,0,1,0
behavior_11,40:37.2,40:54.1,他的这个狼文化的核心，他就是提出挑战性的目标，挑战性的目标，明确而富有挑战性的目标，这是他的这么一个整个管理的一个非常显著的特点，你觉得是不是拼搏。这也是他们狼文化的一个代表。,0,0,1
behavior_11,40:54.1,41:15.3,第三个就是群体奋斗的意识，因为一个人就算他再聪明，就算他是一个天才，他要开发一个技术，他他可能只能开发一项技术，他不可能连园不断的出现一些新的技能，就算他自己有他精力也不也不允许，那么就需要一个团队合作，你研发一个项目你是需要团队合作，你才能把这个项目做得尽善尽美的。,1,0,1
behavior_11,41:15.5,41:31.4,团群体的意识呢这个在狼当中也体现得非常的明显，一只狼它的战斗力很强，但是最可怕的是狼群不是狼，所以这也就是华为在这个市场上它能有自己的一族之地的这个关键所在，也是它的企业文化的一个核心。,0,0,1
behavior_11,41:31.8,41:51.6,那么他们提出了几个观点，就是用胜者举杯相庆，败者拼死相救，他们是属于那种就是就是强调说不管怎么样，企业就是如果你你在这个科技上取得领先一步，那是非常值得高兴的事情，因为在创新领域上你只有做得更好，你的企业才能发展更好。,1,1,1
behavior_11,41:52.9,42:09.2,再者的话就是说这个方面做得不好，那你就要去弥补，那么在刚刚的华那个海尔的案例当中，他们其实是另外一种观点，他们要宣扬的那种氛围是好的，就是很好，不好的一定使人厌恶，这也是跟两个企业的特性是有关系的。,0,0,1
behavior_11,42:09.3,42:18.0,因为在质量上那种在海尔那种家电质量上，你坏的东西你肯定是不能要的，员工技术如果不过关，你肯定是要淘汰掉的。,0,0,1
behavior_11,42:18.1,42:31.9,但是在华为它是一个电子领域，它一定要补全自己在创新这些领域，比如说我有一些芯片技术我做不来，我不能说我就放弃这一块以后全部靠镜头，这不可能的我肯定是要这方面我也要攻坚克难的做上去。,0,0,1
behavior_11,42:32.0,43:07.6,然后还有就是狭路相逢勇者胜，我觉得是很贴切的，因为就像我们国产当中，我们买手机进手机店，我们会看到有小米、有魅族，有华为，有苹果，甚至啊还有担心这些等等很多的品牌，每个品牌都有它自己的受众，那么华为如何在激烈的手机竞争市场能够有自己的一席之地，并且影响力越来越大，正是它奉行这种狭路相逢勇者胜我们都很艰难，我们都在竞争，可是我们一定要在竞争当中做得更好，那么它使一线年轻员工很容易进入大无畏的精神状态，以令对手头晕的气势展开了。,0,0,1
behavior_11,43:07.6,43:33.8,我他的意思就是说他们华为的员工很多年龄都很偏向他们，他们一般就是进入大学，就是就是读完大学就直接进那个企业，然后他们就是我有听说过华为他们形容自己的去进入另外一个更艰难的大学，应该叫大学高三混合体，就是他们每天都要提升自己，每天都要锻炼自己，每天都要使自己活的就是技能更加的提升，才能在这个企业当中更好的生存下去。,0,0,1
behavior_11,43:33.8,43:39.6,那么之前有说过就是他们开除了一批就大概三十几岁，为什么会开除那些高管？,0,1,0
behavior_11,43:39.6,43:50.8,我觉得有一个原因就是当狼群当中出现了老狼或者变成羊的狼的话，它就不适合在这个人群狼群当中生存了，所以这也是华为的一个文化特点。,0,0,1
behavior_11,43:51.2,44:04.3,还有就是它的家文化，因为我了解到的华为他们的加班制度，啊其实他们也不能算加班制度，他们每天都是到那么工作到那么晚，等于你的企业环境相当于可以占你生活当中很大的一部分。,0,0,1
behavior_11,44:04.4,44:41.5,那么为了使团体合作更好的话，第一就是说你要视，你的企业为你的家，这样的话你才会愿意为自己也家做归属感，那包括前面的这个全民持股制度，也体现了一种就是员工对华为这个企业，我是在为我自己的家做建设，我是在为我自己的家做贡献，我的同事就是我的家人，这种观念才能使他在这种长时间的工作时间里面，还能保持着一种比较向上的积极的这种态度，然后他的精神激励是包括荣誉奖跟职权的，就是荣誉奖跟职权其实没办法界定它是外部激励还是内部激励，为什么？,0,1,1
behavior_11,44:41.5,44:56.5,因为荣誉奖跟职权既有物质上的增加，又有就是满足你名誉上的这种需求，所以等于是两个都有，那就是现在就是华为公司的内外部激励，我现在是讲到这里，然后是三分钟的讨论时间好。,0,0,1
behavior_11,44:56.7,45:07.0,这个这样呢我们换一个规则，唉你们琢磨这么个问题，就是内部基地外部基地一般来说没什么特别的，我认为别的组织都有对不对？,0,1,0
behavior_11,45:07.3,45:20.0,它的内部机遇确实有自身的团队，你们归纳一下，看它能够体现到哪一些比较典型的特点，能够跟我们从管理的角度啊能够结合起来谈的是吧？,1,1,1
behavior_11,45:20.0,45:22.3,啊有哪些典型的特点好不好？,1,1,0
behavior_11,45:22.3,45:44.3,你们思考这个问题，思考这个问题，同时我补充一个，任正非呢他曾经回忆过这个问题，他说我们这个华为啊不能允许这个功成名就者躺在功劳路上睡觉，我相信他是个开除，啊不是这个组织啊他无情的表现，而是什么呢？,0,1,1
behavior_11,45:44.6,45:53.8,而是有一些职工啊他因为他有持股，有些职工他已经通过持股，通过他努力挣了很多的钱，他不想再去奋斗，有没有的？,0,0,1
behavior_11,45:53.8,46:01.5,有的不想再去奋斗的职工，华为认为你们可以离开我这个啊组织，对不对？,0,1,0
behavior_11,46:01.7,46:10.3,我就是要强调不断的去奋斗的，而不是说这个因为别的原因要去这个开除他们，我相信是他们主动辞职的，对不对？,0,1,1
behavior_11,46:10.3,46:17.7,他有的人他有了相当的积累以后，他希望能够过一种安稳的生活，这是个人的选择，对不对？,0,1,0
behavior_11,46:17.9,46:22.3,个人的选择那企业它尊重个人的选择。,0,0,1
behavior_11,46:22.6,46:26.8,对，因为华为它就是一个以竞争是吧？,0,0,1
behavior_11,46:26.8,46:35.4,以这个开拓进取，因为它的整个组织文化的这个特点，所以这个呢我们不能够克制华为是吧？,0,0,1
behavior_11,46:35.5,46:53.1,啊我我我是这么理解的，啊我们不分组，我们看同学自动的，有没有同学说，啊他如果是说我们管理的角度来讲，啊内部机理中间有一个非常显著的特点，你们觉得是什么全体的问题？,0,1,1
behavior_11,46:54.8,46:56.3,就这次呢。,0,0,1
behavior_11,46:58.9,47:03.0,一般来说，我们说为什么而奋斗？为什么而奋斗？,0,1,0
behavior_11,47:03.1,47:05.1,啊对呢？,0,1,0
behavior_11,47:06.2,47:10.3,嗯家庭目标对不对？,0,1,0
behavior_11,47:10.4,47:20.1,不管你是生活的目标，工作的目标或者事业的目标为目标而奋斗，为什么样的目标而奋斗，呢你发现没有？,0,1,0
behavior_11,47:20.2,47:52.7,他的这个狼文化的核心，他就是提出挑战性的目标，挑战性的目标明确而富有挑战性的目标，这是它的这么一个整个管理的一个非常显著的特点，你们觉得是不是经常把组织的这个整个规划目标跟这些职工进行交流，最后这些职工他就有安全的需要，归属的需要、尊重的需要、他的满足，他这个无从了解我们工作是为了什么，他就解决了问题啊对不对？,0,1,0
behavior_11,47:53.3,48:04.9,第四个双因素，双因素你呢他告诉我们说激励因素好不好好的，他说我们资源工作到这个呃12点嘛对不对？,1,1,0
behavior_11,48:05.1,48:09.8,激励因素很好，他们不满意的是什么？保健因素是吧？,0,1,0
behavior_11,48:09.8,48:23.1,保健因素有若干，比如说他们这个物质方面的需要整体的关键是他们跟管理人员之间的关系啊关系可能要处理好，我觉得这个方面可能会好一些。,0,0,1
behavior_11,48:23.1,48:27.3,第五个这个我觉得他们可能没什么问题，对不对？,0,1,0
behavior_11,48:27.4,48:34.6,你看从直观的这些小孩啊都是非常积极主动非常优秀的，是不是啊没什么问题？你放在一边。,0,1,0
behavior_11,48:34.6,48:48.4,第六个组织对他们这种自然加班到晚上12点给你的奖励，没有没有强化理论，那就是说对于这种行为你要额外的有奖励，鼓励他是吧？,0,1,1
behavior_11,48:48.4,49:05.2,鼓励他加班到12点，不仅仅给他基本的薪酬，比如说年薪20万，另外呢还是月，这个比如说这个整个组织里面拿出一部分基金来对这种行为予以特别的奖励，这些职工他就积极他就高涨了，对不对？,0,1,1
behavior_11,49:06.1,49:16.6,第七个目标设置明确合理的目标，按照应该说我们讲也是可以的，就是我们讲它这里面有一些暗含的是吧？,0,1,0
behavior_11,49:16.6,49:26.6,啊比如说这个呃我们公5年公司了解我们的工作是什么，就是也也可能对目标啊他都不了解有关系有关系对吧？,0,1,1
behavior_11,49:26.7,49:55.8,好，整个呢我们看啊我们今年主要的任务，呢我们就是把我们所知道所有的集体理论，我们用一个动机的心理过程这种模型把它集成起来，形成一个激励的地图，将来我们要按照这么一个思维方式来诊断我们所面对的面所看到的案例，我们所面对的这个生活中的激励的困境，对不对？,0,1,0
behavior_11,49:55.8,50:05.8,我们一个一个的来，你最后你总能把你所面对的问题全部找到，你找到了问题解决问题就是比较简单的事情，对吧？,0,1,0
behavior_11,50:06.0,50:18.3,所以呢在我们今天我们主要讲的这么一个呃基地，啊它的这个主要的这个过程和内涵，那我们这里面也用了一个典型的安全的一个方法是吧？,0,1,1
behavior_11,50:19.3,50:28.1,啊那后面呢我们这个可以回去看一看这么一篇论文，啊它事实上对这个。,1,0,1
behavior_11,50:28.8,50:31.2,嗯我们这个时代。,0,0,1
behavior_11,50:31.3,50:35.7,有一些比较这个高科技企业直接。创新的这么一个动机。,0,0,1
behavior_11,50:35.7,50:38.5,啊我们这里讲的从个体的角度讲。,0,0,1
behavior_11,50:39.3,50:42.7,他们肯定的这个拿到自己过来是吧？,0,1,0
behavior_11,50:42.8,50:58.6,咱们自己的嗯好，这个作业呢我们简单的这个看一看，啊回去把作业呢中国调度学的学习情绪是我们自己表演的。,0,0,1
behavior_11,50:58.9,51:17.2,啊3月21号，第四组同学啊能把这个照下来，大家分享法的训练，啊所以书上也有啊的的那个时间时间，好，那我们今天也讲这么多是吧？,0,1,1
behavior_11,51:20.7,51:24.3,价格非常显著的特点，你们觉得是不是的？,0,1,0
behavior_11,51:25.0,52:31.4,因为有挑战有困难的目标，我们不断的达到这个目标去努力，这样他才去不断的去拼搏进取，啊这个我觉得可以把它列到我们这来，挑战性的目标啊它是它的一个显著的特征，啊目标是我们所有的方案和手段，我们去努力的一个依据，啊他这个不断的提出挑战性的目标，比如说最近任正非他就讲到，就是说所以以后我的职工凡是说要灭掉山西苹果的，说一次罚款100元，你们看这个消息没有，嗯说一次你不能说灭掉三星灭了苹果，他说恰恰相反，我们要向三星向苹果的服务质量学习，要向别人学习，不是说要面对面，是在公平的竞争中间，在我提供的这个产品质量和服务是超越你的的时候，我胜出你，而不是要消灭谁。,0,0,1
behavior_11,52:31.8,52:36.2,任正非他亲自在他的这个大会上面讲对不对？,0,1,0
behavior_11,52:36.3,52:39.7,所以说有些时候呢我们可能有些外界有一些误解是吧？,0,0,1
behavior_11,52:39.7,52:49.6,啊但其实可能任正非包括华为，它的这个整个这么一个企业文化，它的境界是很高的，境界确实是很高的是吧？这是一个。,0,1,1
behavior_11,52:49.6,53:03.0,第二个呢我们还可以看到一个它不光是有挑战性，如果仅仅是一个人走在一个漆黑估计的这个道路上，人会感到很孤单。,0,0,1
behavior_11,53:03.5,53:05.8,吧他们还有一个显著的特点是什么？,0,1,1
behavior_11,53:06.0,53:09.8,家庭文体和家文化合作对不对？,0,1,0
behavior_11,53:09.8,53:21.2,唉他们有合作啊有合作，那么合作呢这里面挑战性的目标跟合作，它的结合呢它往往是必然。挑战性的目标。,0,0,1
behavior_11,53:21.5,53:24.7,他这样个人代理是压力对不对？,0,1,0
behavior_11,53:24.7,53:27.3,个人带的是压力压力，带来的是什么？,0,1,0
behavior_11,53:27.3,53:55.9,接下来带来就是说个人的他会有一些唉消极的情绪，甚至说这个对于这个未来有一些困惑，但是如果你看一看你周围有同盟，有同伴，你遇到困难的时候有同伴在帮助你，有组织在帮助你，那么即使这个目标困难一点，你也会增强你完成这个目标的这个信心是吧？,0,0,1
behavior_11,53:56.1,54:02.1,所以说他后面有知识性的条件好的组织的激励制度就是应该这样是吧？,0,0,1
behavior_11,54:02.2,54:07.1,既要给你提供压力，同时也可以提供动力，是吧？,0,1,1
behavior_11,54:07.1,54:12.0,既有挑战性也有支持性，它的结果一定是这样的是吧？,0,1,1
behavior_11,54:12.0,54:19.0,啊所以说我个人认为呢就是说这里面分为外部基地和内部基地，我觉得还是很好的。,0,0,1
behavior_11,54:19.4,54:24.4,就是下面呢一般来说我我们所理解的，啊比如像薪酬基地是吧？,1,1,1
behavior_11,54:24.7,54:34.1,他目标激励精神激励情感的民主基地，这些东西它的划分呢它不一定是同时放在一起，不一定特别科学，它不一定特别科学是吧？,0,1,0
behavior_11,54:34.1,54:37.7,啊唉它是不同的划分方法出来划分方法。,0,0,1
behavior_11,54:38.3,54:41.9,嗯好，后面接下来还有一个公司。,1,0,1
behavior_11,54:41.9,55:11.1,呢噢还有一个公司，这个就是之前我们讲了家电公司，然后还有电子行业的这种做手机的那，那这个它是应该是就是应该算饮食业的吧啊星巴克公司，它是1971年成立的，是全国啊不是全球最大的咖啡连锁连锁公司，但是这个公司我们会发现一个特点，就是我们每个人都知道星巴克这个名字，但是很少有人就是见过它比较多的广告对吧？,0,1,1
behavior_11,55:11.1,55:59.0,就是就是在吃的东西上面，比如说像三只松鼠，它就有各种插入广告，可是星巴克我们真的很少见到它有广告的这种比较大量的插入，那么他的这个钱不用在广告上，它用在哪个上面，呢它用在了员工的福利和培训上面，他从1988年就为临时工提供了全民医保，也就是说他在1988年他的员工福利就已经非常的高了，也因为这样子，他的在员工当中的医保覆盖面积非常的大，吸引了很多好的员工，而且员工认为你的员工福利这么好，我愿意在你的公司待得久一点，这也是星巴克公司能够发展并且就是并且保就是其改变的员工这种比较就是认真工作的这种态度，他的员工福利起到了很大的作用。,0,0,1
behavior_11,55:59.1,56:12.7,那么接下来介绍一下它的三个制度，这个是股票期权制度，我觉得这个跟华为那个有异曲同工的意思，就是说把老板的员工他们变成了一个利益共同体，我还是在为我自己做工。,1,0,1
behavior_11,56:12.7,56:29.7,它这个主要总称是叫股票期权制度，那他第一个提出的就是股票投资计划，它为符合公条件的员工购买公司股票的这个机会，从而将公司的总体业绩联系起来，借此激发员工的积极性。,0,0,1
behavior_11,56:29.8,56:37.1,卖的越多，公司赚的越多，实际上也是我赚的越多，所以就这样的逻辑练下来之后，员工就会更愿意工作。,0,0,1
behavior_11,56:37.1,57:02.0,那么这个咖啡豆精神计划其实非常简单，它是在第一个计划的基础上提供了更多的机会，让员工就有可能有些员工他已经在第一个计划他已经赚到了足够的顶额了，他可能没有办法继续前进，那他他到顶了之后他是不是就觉得我债券的话，我也就是这个份额我就不愿意了，那么他就提供了第二个咖啡豆期权计划，让这个计划能够进一步上升的空间。,0,0,1
behavior_11,57:02.4,57:25.4,第三个叫做股票期权奖励计划，就是对符合条件的人员给予一定的股票期权作为奖励，而员工获得股票期权的数量又由公司的经营状况和员工的自身条件决定，那么这两个决定条件就就代表了第一公司的经营状况，公司不好我就不好，所以公司必须要经营的好，公司经营的好是什么？,1,0,1
behavior_11,57:25.4,57:36.5,我的业绩要很好，我的店的业绩要很好，我的店的业绩要很好，就是员工要很积极努力的工作，他要卖出更好的咖啡，开更好的连锁店，这样子的话他的公司经营状况才会变好。,0,0,0
behavior_11,57:36.5,58:04.1,第二个就是员工自身条件，不是说卖咖啡它就没有技术含量，其实星巴克公司他们有很多的就是也有这种类似于培训，我要把自己提供的在这个行业当中做得更好，比如说我服务态度更好，我对产品更了解，我就是推销的时候，我更让客户喜欢或者客客户更对我这家店有一个就是粘粘稠性，就是这家客户认准了这个品牌，我就只要这个品牌不管它怎么变对吧？就是类似于这种。,1,1,1
