db_1,00:03.6,00:35.6,嗯下面我们开始学习第一节啊第一章的第一节，第一章的第一节是数据库系统，概述这一节我们要完成三个方面的内容。,1,0,0
db_1,00:35.8,00:55.1,在这一节里边，第一个就是我们要学习数据库里边几个最最基本的概念，这个很重要是我们数据库的基础，啊它的基本的概念就这么几个就这么几个4个。,0,0,1
db_1,00:56.9,01:05.9,然后呢我们要说一下数据库技术是怎么产生的，啊他不是说一开始就有的是不记得是吧？,0,1,0
db_1,01:06.1,01:14.3,它是经过了啊一定的这个计算机发展的时期而产生的啊产生的。,0,0,1
db_1,01:15.8,01:22.1,第三个就是我们要说一下数据库系统的特点是什么，这是第一节。,0,0,1
db_1,01:22.1,01:29.2,好，首先我们来看4个基本概念，4个基本概念，第一个什么是数据？,1,1,0
db_1,01:33.2,02:05.9,啊什么是数据库？第二个第三个数据库管理系统，dbms第四个数据库系统，尤其是第三个和第四个，啊嗯有些同学学的时候不是太明确这两者之间的概念，我们有同学是这个呃参加这个计算机等级考试，计算机等级考试，你如果它可以考数据结构，也可以考数据库是吧？,0,1,0
db_1,02:05.9,02:16.4,你考数据库的话，他经常会出现这样的一些题目，他就是呃问这个 Dbms和DBS之间是个什么样的关系？,0,1,0
db_1,02:17.5,02:29.4,那么我们待会说了以后，我们再来看这个问题，啊首先看什么是数据数据，啊我们说它就是一种符号，一种载体。,0,0,1
db_1,02:30.0,02:36.4,刚才我们看京东那个网站调出来，那个小米的信息是以数据的形式呈现的，对吧？,0,1,0
db_1,02:37.2,02:55.8,那么我们所说的这个数据是一个很广义的概念，也就是说它包括数字型数字数据或者数值型的数据，像我们在中学里面接触比较多的数据都是数值型的数据是吧？,0,1,1
db_1,02:56.0,03:13.6,那么除了这个以外，呢我们说啊所有的文字、图形、图像、音频、视频等等，这些对于计算机而言，它通通都是它的数据啊统统都是它的数据。,0,0,1
db_1,03:14.0,03:32.3,那么为什么呢大家可能不是很理解啊，我想说一下，他是呃学计算机原理学了吧大一的道理，有没有计算机原理，计算机基础。,0,0,1
db_1,03:32.3,03:43.9,唉好，那么你们应该清楚计算机的这个这个机器它用到的是什么？,0,1,0
db_1,03:43.9,03:47.8,进制的这个二进制，对吧？二进制。,0,1,1
db_1,03:47.9,03:54.0,唉二进制，我们说它就是1和0，对不对？,0,1,1
db_1,03:54.0,04:00.2,唉它所有的这个为什么会用到二进制？呢有没有大家有没有想过？,0,1,0
db_1,04:01.9,04:24.2,啊你像我这个学物理我就知道从物理实现上来讲，啊就是说两种稳定的状态在物理上是比较容易实现的，啊比如说这个电灯两种稳定的状态，哪两种要么是开，要么是关对吧？,0,1,1
db_1,04:24.2,04:28.1,那么我们把这两种状态分别用1和0来表示。,0,0,1
db_1,04:28.4,04:51.8,在计算机里面一它是高点的状态，零是低电瓶装的，啊在我电脑里面它这个高电瓶是正的12平米，低电平是负的12伏，这是两个啊在物理上可以实现的那种可以稳定的状态可以区别的，啊这是一种状态这是一种状态。,0,0,1
db_1,04:52.9,05:07.6,那么我们在这个这个电脑里面，你比如说你一个打开后，这像这个主板上面，啊我不知道大家有没有注意过，哈理论打开过，主板上面它很多有插那个集成块，对吧？,0,1,1
db_1,05:07.6,05:11.7,它的集成块这个是它的这个环角，对不对？,0,1,0
db_1,05:11.7,05:18.0,唉环角啊我们还看到这个电脑里面有数据线吗？对不对？数据线。,0,1,0
db_1,05:23.4,05:44.3,好，那么二进制我们说从物理实现来讲，它是比较容易实现的两种状态，无非就是一个高的一个低电瓶，啊那么我们其他的比如说10进制的数，啊10进制的数，呃比如说10进制的8，我们如果用二进制怎么表示？,0,1,0
db_1,05:46.9,06:03.2,这个呢学了吧应该是111，我如果用一个字节的话分8位8位，二进制是一个字节，这是个存储的单位是吧？,0,1,1
db_1,06:03.2,06:05.4,唉这个就是10进制的8。,0,0,1
db_1,06:06.2,06:08.3,啊17。,0,0,1
db_1,06:09.0,06:11.7,2ooo这是7是吧？,0,1,0
db_1,06:11.9,06:19.6,啊这种嗯这是吧对吧？唉这是吧？,0,1,0
db_1,06:20.8,06:38.6,唉我讲了三个班，前面两个班都没有人指出这个错误，啊好，那么这样一发，我如如果我要把它在数据线上面送过去的话，简不简单？,0,1,1
db_1,06:38.9,06:42.8,啊如果我要把他送过去的话，我可以这边是什么？,0,1,0
db_1,06:42.9,06:48.0,低电瓶低电瓶低电瓶高电瓶低电瓶低电瓶低电瓶，对不对？,0,1,1
db_1,06:48.7,06:52.0,啊这是不是就是可以从一个数据过去？,0,1,0
db_1,06:53.3,07:01.2,好，所有的数字数据，所有的文字，比如说我们汉字可不可以编码？,0,1,1
db_1,07:02.1,07:25.2,可以编码吧都可以变成二进制的码，包括我们的图形、图像、这个音频、啊视频全部可以转换为二进制的码，还有我们计算机里面一些指令，啊我们一些指令都是用二进制代码，啊就说我这个可以说数据也可以说指令过去对不对？,0,1,1
db_1,07:25.3,07:28.8,啊唉所有的指令可以通过编码，为什么？,0,1,0
db_1,07:28.8,07:41.3,你你像我们这个原来搞这个硬件的时候，用c元比较多，它因为c元它是可以直接对二进制的胃进行起作用的是吧？,0,1,1
db_1,07:41.4,07:45.5,唉所以它是比较贴近硬件的啊比较贴近硬件。,0,0,1
db_1,07:46.0,08:00.6,呃那就是说我们所有只要我这样说，啊只要可以转换成二进制编码的，我们统统称为计算机的什么？数据对吧？,0,1,1
db_1,08:01.1,08:26.0,称为计算机的数据，所以我们在这里啊数据是个很广义的概念啊很广的概念，呃那么这个数据呢它只是一种符号，它要呃这个带上一定的寓意才能表达出一定的信息，也就是说它要具备一定的内涵是吧？才是它的信息。,0,1,1
db_1,08:26.3,08:39.1,啊比如说大家看我屏幕上这个例子，九10 93、这两个这两个这样一个数据，你给你以后你不知道他什么意思是吧？,0,1,1
db_1,08:39.1,08:52.5,给不出什么信息来，你可能会联想到噢93，那可能是某一啊某一门这个某一个学生的，我们课程的成绩是93，我可以这样理解吧？,0,1,1
db_1,08:53.0,08:59.0,也可以理解成某个人的体重啊93斤或者93公斤是吧？,0,1,0
db_1,08:59.4,09:22.0,唉还有你还可以理解为某个比如计算机系啊13级的这个学生的人数是93位同学，所以他这个啊这个数据它是一个形式，啊它要是赋予它一定的内涵以后，它才能表达出一定的信息出来。,0,0,1
db_1,09:22.7,09:36.9,比如说我举个例子，唉这个2016年是吧11月10号这个朗朗要在武汉啊举办刚性演奏会，这个当然是我瞎编的。,0,0,1
db_1,09:36.9,09:51.4,哈但是这一句话是不是传达给你信息了，吧是不是唉这句话它就是它的载体是数据，吧对不对？,0,1,1
db_1,09:51.4,09:54.9,2016年有数字数据，也有文字的数据。,0,0,1
db_1,09:54.9,09:59.0,啊2016年这个10月10号是吧？,0,1,0
db_1,09:59.0,10:06.6,谁谁谁哪个地方谁是谁举办的，这个啊他们委员会啊这个称为数据啊称为数据。,0,0,1
db_1,10:08.0,10:10.6,好，我们书上给的这个例子看见没有？,0,1,0
db_1,10:11.1,10:43.7,我们在数据库里边，啊我们会碰到一些像经常碰到这样一些学，比如说学生的信息，啊有学生的姓名、性别、出生年月，他的这个出生地啊所在的戏，呀啊入学的时间，唉这个就是他表现出来形式是数据，但是他给出你的信息是这个学生的相关的一些啊信息啊与学生相关的信息。好。,0,0,1
db_1,10:44.5,10:49.8,有了数据以后，我们来看看数据库的定义是什么？数据库的定义。,1,1,0
db_1,10:50.2,10:54.2,数据库的定义大家看一下啊它的落脚点什么是数据库？,0,1,0
db_1,10:54.2,11:03.9,啊所谓的库顾名思义就是像个仓库一样的，唉就是数据的集合对不对？,0,1,0
db_1,11:04.1,11:11.2,唉所以它的落脚点是数据的集合，我们叫做数据库，就是把数据集中起来进行管理。,0,0,1
db_1,11:11.3,11:18.6,好，我们再来看它的定义，前面的一些定语，啊它的定语什么样的数据集合呢？,0,1,0
db_1,11:19.4,11:37.0,唉我们来看看啊首先大量的数据计量，啊大量数据，啊再一个就是它是存储在计算机内的，我们现在所指的数据库都是和计算机有关的，啊就是存储在计算机内，请问存储在计算机是什么地方？,0,1,1
db_1,11:37.0,11:46.8,啊数据库计算机的存储设备有啊存有有内存和外存对吧？,0,1,0
db_1,11:46.9,11:50.1,是存在长期存储应该存在哪里？,0,1,0
db_1,11:50.2,11:56.9,外存存在外部存储设备上，比如说磁盘啊或者光盘啊或磁盘阵列啊等等是吧？,0,1,1
db_1,11:57.8,12:07.7,好，那么这些数据它不是说随意的把它堆放在一起，它是有组织有结构的，我们后面要谈到数据模型对不对？,0,1,1
db_1,12:07.7,12:29.9,所以它是有组织可以共享，啊可以共享，你你看一下我们那个平时呃学期结束了，我们要回家，我们去购票、火车票、高铁票、飞机票，整个这个购票系统，所有的这个数据信息它有后台数据库支撑对吧？,0,1,1
db_1,12:30.2,13:04.1,那么这个购票系统是不是北京的同一个航班或者同一个车次的话，你北京的可以看到他的数据，武汉的也可以看到数据里，那么广州也可以看到数据是不是大家都可以共享，啊数据是可以共享，数据库里的数据是可以共享，啊还有银行里面数据也是这样的，啊唉它应该是都是可以共享，啊当然我们需要有权限，啊我们每个人只能看到我们自己的数据，啊当然他是有权限的人，他是都可以看得到的。,0,0,1
db_1,13:08.1,13:11.2,好，那么这样一来什么叫数据库？,0,1,0
db_1,13:11.2,13:16.6,你需不需要去背它？不需要对吧？,0,1,0
db_1,13:16.6,13:29.8,唉它就是可以长期存储在计算机内的大量的数据的计费，这些数据是有组织的，可以共享，啊有结构的，这又是数据库，这个是数据库。,0,0,1
db_1,13:33.3,13:35.8,那么什么是数据库管理系统？,0,1,0
db_1,13:37.4,13:42.1,呢数据库管理系统是DB什么？,0,1,0
db_1,13:43.1,14:47.3,再强调一下第一批数据库，我们以后凡是DB啊数据库管理是用、m管理系统、数据库、管理系统它是一个软件，请注意是一个软件，我们知道计算机的软件分几种，应用系统软件和应用软件，请问数据库管理软件属于系统软件，唉您今天还有不少同学说的是系统软件，啊它和操作系统一样，是属于系统软件，呃属于系统软件，我们这里应该有计算机专业来辅修的，啊属于系统软件，不是补修的，啊他选课没选大选，我们这来啊呃呃那么计算机的系统软件三类，一个是操作系统，一个是数据库管理软件，还有一个是编译系统，啊还有一个是编译系统，这三种都是系统软件。,0,0,1
db_1,14:47.6,15:06.7,在数据库系统之上，我们再用这个开发工具去开发出应用应用软件应用程序，或者是呃这个用户直接用户的界面和这个前台啊是这样一个关系。,0,0,1
db_1,15:06.7,15:20.6,啊好，记住了数据库管理系统它是一个软件，也就是说它是一个大型的程序，是由专门的专业人员开发的和操作系统流量啊是系统软件。,0,0,1
db_10,00:03.6,00:40.3,嗯我们给大家讲的这个是单表的查询，单表的查询，呢我们说它会在 select语句里边可以出现well子句，出现from子句，另外还有分组的托换子句，加上排名短语以及排序的证据。,0,0,1
db_10,00:42.7,00:52.8,好，当一个查询语句里边，唯有子句和汉语短语同时出现的时候，我们最后讲的这个例子是吧？,0,1,1
db_10,00:53.0,01:05.8,同时出现的时候，当时下课以后有同学啊就来问，就是说能不能先分组再做where子句。,0,0,1
db_10,01:05.8,01:34.7,啊那么据说在上机的时候，我们肖军老师给大家演示了吧啊这个，那下一次叫他们跟你呃跟你们演示一下，就是你们自己也可以去执行一下，就是我们啊这个肖军老师他去试了一下，就针对我们这个例题去试了一下。,0,0,1
db_10,01:35.0,01:41.8,啊如果说先分组再执行while，子句它就出错了。,0,0,1
db_10,01:43.4,01:50.2,啊如果先执行while子句再分组，那么这个结果就出来了，什么原因？,0,1,0
db_10,01:50.2,02:18.9,呢我们的数据库软件它在执行，在那个语句的时候，它的顺序是这样的，啊我们书上面也强调，他执行的时候，首先如果有will子句的话，首先是根据while子句的检索条件，然后在from后面所指指定的那个表里边，根据这个条件做筛选对吧？,0,1,1
db_10,02:19.0,02:37.1,唉然后有不 Phi这个子句的话，就按照group by后面的子句进行分组，有条件在组的基础上进行条件的筛选。,0,0,1
db_10,02:37.1,02:50.2,好，回到我们上一次课后面给大家嗯北大家看的这个例子是吧？,0,1,0
db_10,02:50.7,03:19.5,给大家看的这个例子里边，它同时出现威尔和heavy都是条件啊 Happy短语不会有子句，那么注意这两个的作用对象不一样，威尔子句是对这个表里边的所有的行进行条件筛选，也就是说他首先从SC表里边把成绩及格的挑选出来是吧？,0,1,1
db_10,03:19.9,03:43.3,然后再按照学号进行分组，在及格了的成绩基础上，哪一个学号及格了的课程是三门以上，然后把这个成绩啊他的这个成绩之和及格了的成绩之和按照什么项目序排列出来。,0,0,1
db_10,03:43.5,04:02.9,所以有的时候那个中文有的时候啊会产生理解的时候有点歧义，啊他的意思说选课在三本以上，铁个门就是三门都是要及格的，所以他一开始有个威尔子子句把及格先挑选出来，是吧？,0,1,1
db_10,04:02.9,04:26.5,唉如果而且这个数据库软件在执行这个语句的时候，它是有will就先执行will，啊在有 will有分组的情况下先执行real，然后再分组分组以后看有没有分组的条件再进行条件筛选，然后再执行，其他啊是这样一个执行顺序啊。,0,0,1
db_10,04:28.3,04:35.2,那么连接查询呢它就涉及到一个连接条件，两个表之间的连接条件。,0,0,1
db_10,04:35.2,04:53.0,啊我们来看一下，首先我们看一下等值里啊连接与非等值连接，大家看这个例题啊这个例题，这一类题呢他查的是什么？呢谁来到后面？,0,1,0
db_10,04:54.4,04:58.8,它的是学生这个表里面所有的属性是吧？,0,1,0
db_10,04:58.8,05:07.6,还有SC表里面所有的属性，但是from后面和我们以前所讲的例子不同，是出现了什么？两个表对吧？,0,1,0
db_10,05:07.8,05:21.2,出现两个表因此他在唯有子句里边要写上一个连接条件，这个连接条件是你看是这两个表里面相同的属性上面做等值连接是吧？,0,1,1
db_10,05:21.2,05:31.2,唉因为他查询的是每一个学生，所以他没有查询条件，没有说是哪个系的学生或者是年龄小于多少，没有是吧？,0,1,1
db_10,05:31.4,05:39.9,唉没有查询条件，只有连接条件，那么这查询出来的结果大家看一下啊这个结果是不是这样一个结果？,0,1,1
db_10,05:39.9,05:46.1,吧嗯这个学号等值连接过去，他选了三门课，对不对？,0,1,1
db_10,05:46.1,05:53.0,唉这个学号等值连接选了两门课，我们看来完全是有两个完全重复的什么？,0,1,0
db_10,05:53.4,05:56.2,属性，嘛这么两个学方对不对？,0,1,0
db_10,05:56.6,06:04.7,唉如果我们想啊因为没必要，嘛只要一个学号就可以了，那就是我们在关系在这里面所说的什么？,0,1,0
db_10,06:04.7,06:11.6,连接啊4个人次的语句，好，那么在语句里面怎么怎么写？呢大家想一想可以怎么写？,0,1,0
db_10,06:12.2,06:16.1,嗯我们回到前面这个女婿可以怎么写？,0,1,0
db_10,06:17.7,06:23.8,呢几种方式啊我可以这么写，student星号我还是这样写对吧？,0,1,0
db_10,06:23.8,06:31.9,然后s11点像我这个不要全部属性出来，我只要课程号和什么成绩就可以了是吧？,0,1,1
db_10,06:31.9,06:37.0,唉特称号的成绩，呃我们书上是怎么写的？找你看一下。,0,1,0
db_10,06:44.8,06:47.7,那我们书上是这样写的是吧？,0,1,0
db_10,06:47.7,07:02.6,唉他写的student点学号，其他的这个呢他就不用写上student的点了，为什么其他的属性在这两个里边，你看就知道是哪个表里面对吧？,0,1,1
db_10,07:02.8,07:10.3,只有这个容易不知道是哪个部分，所以他这里强调一下写一下，然后是课程好成绩是吧？,0,1,1
db_10,07:10.7,07:15.0,这样出来的它就是自然连接，啊这样出来就自然好。,0,0,1
db_10,07:18.8,07:33.8,下面我们看一下自身连接，自身的连接，我们书上有一个例题啊书上有个例题我们先看这个题目，他是要查什么呢？,0,1,1
db_10,07:34.6,07:42.8,查每门课程的间接先行课，每一门课程在什么表里面有？,0,1,0
db_10,07:43.2,07:49.2,嗯唉唉就是 Coarse就是课程表里面有是吧？,0,1,0
db_10,07:49.5,07:53.9,嗯我们可以翻到52页，大家再回到52页看一下这个课程表。,0,1,0
db_10,07:55.4,08:02.4,每一门课程的间接线性课程在课程表里边我们看到课程报是、CEO对不对？,0,1,0
db_10,08:02.6,08:06.4,还有个属性叫cpno那个是什么？,0,1,0
db_10,08:07.7,08:14.9,直接先行课对吧？唉直接先行课，你比如说数据库的直接先行课是什么？,0,1,0
db_10,08:15.0,08:27.8,数据结构，那么数据结构的直接限行课，呢从他他是开开源期是吧？,0,1,0
db_10,08:28.1,08:33.3,唉它的CPU是7，那么这个7是1的什么呢？,0,1,0
db_10,08:34.4,08:39.7,7就是一的间接先行课，也就是它的先行课的先行课，对吧？,0,1,0
db_10,08:39.8,09:08.4,唉你像我们原来的数据结构，我们都是教材都是用帕斯卡语言写的，因为帕斯克语言非常严谨，大家说过，啊那么现在我们学的数据结构是c语言写的，啊嗯那就是说我们刚才是怎么找的，大家再回想一下我们怎么找到这个7的，我们是把1号课程的先行课5把它又带回到这个课程里边，作为课程好，对不对？然后再找他的什么？,0,1,1
db_10,09:08.4,09:21.0,Cpo所以它实际上牵涉到这个课程表课程表做了一次连接，就自身连接，啊那么为了写这个语言的时候方便它因为是一个表那怎么办？,0,1,1
db_10,09:22.0,09:28.6,呢我们就把它做成两个啊就相当于备份备份出来是吧？,0,1,0
db_10,09:28.6,09:44.9,所以做了两个注意啊写的时候from本来是写上两个表明，它在这个表的后面空一格写上的这个是表的别名，就像我们前面不是讲过那个列的别名吗？也是这样对吧？,0,1,1
db_10,09:45.0,09:50.8,这个表的别名同样还是这个表再做一个别名，所以它就是一个first的表，一个second。,0,0,1
db_10,09:51.2,10:02.7,啊好，这两个表呢大家看一下，这两个表我们最后要输出的是课程，每一门课程那就是CEO要说出一个是吧？,0,1,1
db_10,10:02.8,10:09.1,每一门课程的间接先行课，那就是要输出一个second的什么？,0,1,0
db_10,10:09.8,10:12.7,C一撇o吧你看是不是？,0,1,0
db_10,10:13.0,10:18.8,它的线性课是5，我再带进去它的现金流是什么？7是不是？,0,1,0
db_10,10:18.9,10:25.1,所以他要输出是一个first的seo和second什么？,0,1,0
db_10,10:25.1,10:44.2,Cpoa然后它的连接条件是first的ce o连，什么噢 First的CPU连什么连，3的什么CEO就这个5年的，这对不对？唉是这样的一个。,0,1,1
db_10,10:44.2,10:57.3,好，你看他写的时候我有子句连接条件是first cpo直接先行课连到三课的那个课程，好里面找它的间接先行课是吧？,0,1,1
db_10,10:57.7,11:02.7,然后它的输出是first课程号和seven的什么？,0,1,0
db_10,11:03.0,11:22.6,Cpno啊要注意自身连接的状况，所以这学这些语言它有很多细节的东西，啊你不能说呃听一下就就可以，下一节课一定是要把它再理解一下，啊琢磨一下琢磨一下思考一下，唉其实这个不不是很难是吧？,0,1,1
db_10,11:22.6,11:27.0,我把它理解一下就行了，这是它的输出结果是吧？,0,0,1
db_10,11:27.0,11:55.2,一号课程的间接性，可是呃7号课程啊西，好，下面呢我们继续啊继续给大家这个说一下，还有啊思科语句里面还有一种查询叫做嵌套查询啊嵌套查询，签到查询大家在高地原生源学过什么情况下出现嵌套，啊嗯在循环是吧？,0,1,1
db_10,11:55.2,12:06.6,唉有时候不循环那我也循环里面在签到，那么我们这个呃矢口的查询语句的签到就是在一个select里面会再出现一个select。,0,0,1
db_10,12:06.8,12:39.5,啊我们先看在唯有自觉里面出现三类的这种情况，哈这个嵌套查询，呢我们说它可以理论上它可以迁到多少层，呢啊理论上所迁到了多少层是两可以到256层，啊但实际上你想你要写程序你要签到这么多，那那人都是把要么就是写晕了，要么就是晕了是吧？不可能有这么多。,0,1,1
db_10,12:39.6,12:58.3,呃所以我们对大家的呃这个要求也到第三层啊到三层，大家看这个例子，这个例子在没有子句里面，我有子句里面是不是又出现一个三代，啊又出现一个三a？,0,1,1
db_10,12:59.1,13:12.8,嗯我们来看这个里边的这个查询语句，我们称为纸查询，一，外面外层的我们称为父查询，只查询我们现在看它是查什么？,0,1,1
db_10,13:12.8,13:20.9,呢 Sc表里面查SC表里面查选了二号课程的什么？,0,1,0
db_10,13:21.2,13:25.1,序号，选了二号课程的学生的序号是吧？,0,1,0
db_10,13:25.4,13:36.4,完了以后再回到学生表里面，只要是学号in选的，二号课程的学号可能不止一个，吧他这个后面可能是一个集合对不对？,0,1,1
db_10,13:36.4,13:43.0,唉然后只要在学生表只要学号是专业这个集合里边的，把他的姓名怎么样？,0,1,1
db_10,13:43.2,13:57.1,梳理出来，那就是查的是选了二号课程的学生的什么姓名，大家看这个查询你想一想，用我们刚才所讲的直接查询可不可以做？,0,1,0
db_10,13:57.6,14:02.6,嗯啊怎么做怎么做？,0,1,0
db_10,14:03.9,14:20.7,我请一个线正好消化掉娄云玉，嗯一啊龙玉，好，你能在这个大字写一下，对。,0,1,0
db_10,14:21.4,14:42.4,其他同学在下面你自己研究一下，啊我们刚才的连接查询，你首先看这个子查询涉及到几个点，嗯啊嗯一个表吗？这是一个表。,0,1,0
db_10,14:42.4,14:58.8,吧嗯这边有表，唉这边的这一个表唉两个两个表，好，因为我们刚才连接查询，首先就把problem仔细写出来，problem后面应该有两个表对吧？,0,1,0
db_10,14:59.1,15:18.3,好，你写唉两个表明一个still的表，一个 Sc表对吧？,0,1,0
db_10,15:19.2,15:25.1,两个表之间用一定要用逗号分割开，啊 SC。,0,0,1
db_10,15:27.4,15:33.0,好，然后两个表的话它肯定有连接条件，对不对？,0,1,0
db_10,15:33.0,15:36.5,连接条件我放到will子句里边，你先写will子句。,0,1,0
db_10,15:43.4,15:47.9,好，这两个表student的什么？连到SC的什么？,0,1,0
db_10,15:48.4,16:05.2,序号，对，好，那你写student点括号对吧？,0,1,0
db_10,16:05.3,16:13.4,连到哪个表等值连过去是吧？,0,1,0
db_10,16:19.3,16:26.3,学好，然后他除了连接条件外，他还应该还有个查询条件对不对？,0,1,0
db_10,16:26.3,16:48.2,能够去报，所以你有个单子 end end，然后它的查询条件是CEO seo，它肯定是出现在SC表面，是吧？,0,1,1
db_10,16:48.6,16:57.5,唉那么直接就写c课程号，等于2，就是他挑选出选择二号课程的。,0,0,1
db_10,17:00.9,17:31.4,对，然后把三那个写上去查什么，呢最后选了二号课程的，通过选了二号跟学号，小那个应该写在上面呢唉写在最上面不让照片啊唉查的是学生的姓名，最后选了二号课程的通过学号连过去到学生表里边，查出学生的姓名对吧？,0,1,1
db_10,17:31.7,17:58.0,Ok好完成不错，因为还是上来呢也可能在下面知道，上来以后可能有点紧张，啊就有点呃不知道怎么写，呃一定要虽然有时候听的时候是懂了，但是一定要自己要动，啊或者上机的时候，上机是其实没有多的时间的，啊你要赶紧把这些书上这些这些例子啊都都去都去试一下。啊,0,1,1
db_11,00:03.6,00:14.2,嗯数据更新操作应该包括什么？,1,1,0
db_11,00:14.9,01:00.4,操作就是对数据的插入，数据修改和删除，就是表里面数据啊这三三个操作，我们首先看数据插入的啊数据插入，这个大家上机的时候是不是用过啊英国，但是我们一定要把它的语法得失啊这个命令语法得失一定要记清楚，超率数据的命令是incident into b都不要掉了，根上表明注意要插入的值啊要插入值是写的value是后面，这个表明后面写不写水侵略，我们待会通过例子来说明。,0,0,1
db_11,01:01.4,01:09.9,它这个是个可选项，看看这个公式里面方法哈方法表示这一项可以写也可以不写，啊可以选项。,0,0,1
db_11,01:12.7,01:30.9,来看这个例子，啊看这个例子这个例子是instead into什么表里边，学生表里面插入数据插入的这个数据啊 values，唉这学号、姓名、性别、所在系和年龄。,0,0,1
db_11,01:32.0,01:40.1,大家注意一下，啊如果我这个表的后面没有写上属性列的话，就是缺损的情况。,0,0,1
db_11,01:40.4,01:48.4,缺省的情况表明它要插入的值，它是和这个表里边原来那个属性列的顺序是对应的。,0,0,1
db_11,01:48.6,01:56.2,大家还记得原来这个所谓的顺序是学好姓名、性别、年龄，然后是细是不是？,0,1,0
db_11,01:56.2,02:05.5,所以你如果不上面不写属性的，他可能把这个付给年龄，这个付给系啊系别那就不对，是不是？,0,1,1
db_11,02:05.5,02:15.9,啊所以如果你这个插入数据的时候，你的这个数据和原来这个表里面是一些数据不一样，啊那你就要怎么样？,0,1,1
db_11,02:16.0,02:31.7,啊你就要把它列出来啊把它列出来，或者说你插入的数据不是原来表里边的所有的属性，我只插入几个属性的，那你也把它列出来，否则他就顺着插入了，对不对？,0,1,1
db_11,02:31.7,02:35.5,唉这个数据对应就不对，了把，数据对应。,0,0,1
db_11,02:35.9,02:51.1,好，这个这个values后面跟的是常量，所有都是常指码字符型常量都要打上单引号，啊这个是数字型的，不用这个是8不用，其他都要打上单引号。,0,0,1
db_11,02:51.6,03:06.6,啊好了，你再来看，这个插入是SC表里面插入数据，SC表里面插入数据，插入是一个学号一个课程，哈成绩他没给出来对不对？,0,1,1
db_11,03:06.6,03:16.5,他没有列出来就啊就是就是没有卖6，卖60里面没有值要给成绩这一项他没有列出来。,0,0,1
db_11,03:16.5,03:22.2,啊也就是说这个表里面不是所有的属性都要给他指认，那这种情况下怎么办？,0,1,0
db_11,03:22.2,03:53.5,呢系统就会自动的在成绩这一项上面，就是这个分量上面就是空子啊就是空子，相当于这样啊相当于给了空值，他这个后面不写就三个属性都有吧，唉顺着这三个属性，啊学号、课程号，成绩，好嗯好，再看这种这样的情况下，大家看这个值的顺序是不是和原来表的这个属性顺序是一致的，对吧？,0,1,1
db_11,03:53.5,03:56.3,所以它这个后面可以不写，可以省去不行。,0,0,1
db_11,03:58.7,04:09.7,好，刚才的value是它是每一次只能插入一行数据，啊大家上一期的时候也去试过，啊每一次只能抄一行。,0,0,1
db_11,04:10.2,04:12.8,那有同学说我要插入多行怎么办？,0,1,0
db_11,04:13.6,04:22.3,呢差不多行，就是说因为这个语句执行一次只能插入它，你可以把它写在啊循环语句里面，可以对吧？,0,1,1
db_11,04:22.3,04:28.6,每循环一次插入一下每循环一次要插入纸，你可以比如说用c元的话，就是从键盘上输入是吧？,0,1,1
db_11,04:28.7,04:49.0,出姓名出姓名每一行的值，嗯还有呢就是说我们也可以通过查询，啊我们前面讲的资产，通过只查询来达到一次插入多行数据，啊下面我们就来看，通过只查询一次插入。,0,0,1
db_11,04:49.6,04:53.3,我们先来看这个这个上这个上面是一个什么？,0,1,0
db_11,04:54.8,04:58.2,Three table。放进去对不对？,0,1,0
db_11,04:58.3,05:03.6,创建一个新的表，这是表明嘛唉这个表有两个属性对吧？,0,1,0
db_11,05:03.9,05:06.9,一个是系，一个是这个系的什么？,0,1,0
db_11,05:07.0,05:12.8,平均年，好，这个表创建以后，它是一个空表，吧有没有数据？没有。,0,1,0
db_11,05:12.8,05:16.0,好，我们怎么给这表数据呢到这来？,0,1,0
db_11,05:16.0,05:23.1,啊 Inch into这是不是刚才这个表啊是吧？这是表的两个属性。,0,1,1
db_11,05:23.1,05:29.7,嘛好，通过一个子查询，啊通过一个子查询，我们来看子查询是什么？,0,1,0
db_11,05:29.7,05:33.9,子查询在学生表里面以什么？,0,1,0
db_11,05:35.2,05:50.9,分组，以细分组啊查询出每一个，系以及这个系的平均什么年龄，是不是正好和这个对应吧唉在学生表里面查出每一个系以及这个系的平均点，这个是不是有多行吧？,0,1,1
db_11,05:50.9,05:56.3,嗯比如计科系平均年龄多少，信息系平均年龄多少，数学系平年是吧？,0,1,0
db_11,05:56.3,06:31.5,唉这个查的这个结果直接插入到这个空调了，啊这是可以的啊这是可以的，嗯具体应用之后他写程序的时候，我们后面要讲的就是怎么把社科语句嵌入到主语言，比如说c语言里面去去完成啊数据库相关的一些操作，啊那么在嵌入的时候，具体怎么用啊我没有看，这个实际开发时候它的应用情况需要的情况下，我们可以用纸查询来做到一次性的插入多行数据。,0,0,1
db_11,06:31.5,06:47.8,啊所以我们老说这个第三章很重要，啊就是我们作为这个专业的学生，啊我们不是说仅仅是会用鼠标在数据库软件上面操作一下就行，不是这样的。,0,0,1
db_11,06:47.8,07:13.4,啊我们要学会就是说你怎么样在应用程序里边去把这个思考语言去啊去应用，那么因为呃它是要嵌入到主语言去用，我们不可能是去去讲这个主语言，大家有其他的课程来学，我们学的是先把数据库语言学好以后，然后我们在后面的商界里讲怎么去迁入，啊这是我们要做的工作。,0,0,1
db_11,07:16.5,07:22.6,好，关于数据的插入的话，我们有一些要注意的地方，什么注意的地方？,1,1,0
db_11,07:22.6,07:31.4,因为你数据插入是往表里面插入数据，而这个表在创建的时候，还记得我们在创建表的时候，我们曾经给过一些约束，是不是？,0,1,1
db_11,07:31.4,07:43.7,啊唉比如说给的组建约束，它是体现实体完整性的组件约束，那么这个组件它是不能去控制的，对吧？这是所谓的实体完整性。,0,1,1
db_11,07:43.9,07:57.3,还有你给的是外界约束的话，它是它是有参照完整性的，就是外界的取值一定要参照已有的相应的这个组件的值是吧？,0,1,1
db_11,07:58.1,08:05.1,等等，还有非空约束，啊维新约束，啊还有一些像这种词语我们说的check约束是吧？,0,1,0
db_11,08:05.2,08:42.8,成绩0~100之间这种指引，呃那么你有这样见表的时候有这样一些约束，当我们往这个表里面插入数据的时候，它是会啊注意我们插入数据的时候，我们说它是会检查啊你这个插入的数据是不是符合这个表所定义的一些完整性规则，比如说破坏掉它原有的完整性规则没有，啊如果破坏啊那你当时就这个这个这个操作就不能执行，是不是这样？,0,1,1
db_11,08:42.8,08:56.1,唉就是说它是不能破坏表上面定义的完整性会议，这是它的前提，就是你插入数据的话，啊一定要符合这个表的相应的完整性规则。,0,0,1
db_11,08:59.2,09:09.6,啊好了，刚才我们讲的是插入数据，其实这个还是比较简单，啊因素into号修改数据的语句，啊对。,0,0,1
db_11,09:10.2,09:45.5,啊对的后面注意直接跟上表明，它不像那个插入，有一个into删除，有个delete，from有个from，而修改啊不对的，后面直接跟上表明修改某个表，然后三三个后面注意，啊这个后面可以是属性类，也可以是以表达式，甚至可以是一个只查询就是你要修改的项目，它的新的值不管它原来是什么值，3%，后面是它新的值，啊是要修改的新的值。,0,0,1
db_11,09:45.7,09:58.6,然后呢有一个where条件这个外条件大家看是一个方法就是说你可以有也可以没有啊没有的情况下，它是修改所有的行是吧？,0,1,0
db_11,09:58.8,10:17.8,唉有的情况下就是满足这个条件的原组的数据我要修改啊来看这个例子，这个例子大家可以看一下啊啊这个修改哪一个表，student表修改什么列？,1,1,1
db_11,10:18.6,10:31.8,呢唉学生表里边的年龄，不管原来年龄是多少，啊我们看有没有条件，它是满足什么条件的学生的年龄？,0,1,1
db_11,10:31.9,10:40.2,呢学号为121的学生的年龄，原来啊不管他是多少，我现在把它改成22对吧？,0,1,0
db_11,10:40.4,10:49.9,现在改成了如果不写这个条件，呢那就这个表里面所有学生的年龄改成什么？22，啊就这个意思，好。,0,1,0
db_11,10:51.4,10:55.1,这个呢这个没有条件吗？,0,1,0
db_11,10:55.1,11:11.8,学生表里面所有学生的年龄加一，然后再付给他，啊就是这所有的学生年龄增增加一岁啊增加一岁，这个是一个只查询。,0,0,1
db_11,11:11.8,11:19.2,嘛唉大家看到没有条件里面有一个子查询啊条件里面有子查询，这个是修改什么呢？,0,1,0
db_11,11:19.7,11:34.3,修改SC表里面的成绩，啊嗯什么样的成绩要修改，呢它在条件里面有个自查，就是 Sc表里面学好属于这这这个集合里边的这个是什么？,0,1,0
db_11,11:34.3,11:38.1,呢这个是查的既科系的学号对吧？,0,1,0
db_11,11:38.5,11:45.4,啊也就是说在SC表里边是集科系的学生的成绩把它称为0。,0,0,1
db_11,11:45.5,11:56.8,啊不管是哪一门课了，只要他这个学号是计科系的，啊怎么知道学号是即刻，你非要在这个表里面才知道还是即可写对吧？,0,1,1
db_11,11:56.9,12:07.3,因为在学生表里面才有系，嘛唉在学字表里面通过细把学号查出来，然后在学号里这里这里面只有学号啊对吧？,0,1,1
db_11,12:07.6,12:11.6,然后通过这个学号来把它的乘积置为0。,0,0,1
db_11,12:17.1,12:33.7,啊好，再来看啊我们在做数据修改的时候同样的道理，你在修改表里面数据的时候，你修改来修改去，你不能说把它的呃当时当初建表的时候一些完整性的约束你要遵守，啊不要破坏掉它的完整性。,0,0,1
db_11,12:34.1,12:39.8,比如说他原来是微型约束，你把那一修改修改微信约束没有重复值是吧？,0,1,0
db_11,12:39.8,12:42.5,你一修改修改了有重复值了，那不行。,0,0,1
db_11,12:46.4,13:24.5,好，最后我们看一下删除删除数据的动词语句是用的比例，而且有个from咱讲的表面啊从什么表里边删除数据，它有个条件，啊带上条件呢就是满足这个条件的原组，我要删掉没有条件的情况下，呢嗯所有的这个表里面所有的元素删掉，啊大家看这个例子删删什么条件没有在学生表里面找到这个学号对不对？,0,1,1
db_11,13:24.5,13:33.8,然后把这一行数据什么删掉，唉这个呢这个这个三组。,0,0,1
db_11,13:36.4,13:38.9,从SC表里边没有条件是吧？,0,1,0
db_11,13:38.9,13:52.2,Sc表里面所有的圆柱都删掉了，吧唉就是因为他的所有原组是所有的选课记录都删掉了，那么我请问一下，这个表还存不存在？,0,1,1
db_11,13:52.3,13:58.2,存在，表的结构还存在，只不过它是个空表了，啊没有数据。,0,0,1
db_11,14:01.7,14:24.4,好这个删除也是在条件上面条件上面加了一个子差距，它在SC条里边要删什么样的记录呢数据记录呢原组记录呢三的是啊学号是属于即科系的那个对应的学号，啊就计科系学生的选课记录删掉。,0,0,1
db_11,14:26.6,14:35.7,关于这一章里面还有最后一点，就是我们数据库里边呢另外一个对一下叫做视图啊都有视图视图。,1,0,1
db_11,14:38.8,14:54.9,我们要讲的是关于怎么创建这个仕途，然后这个在仕途之上我们可以做一些什么查询，可以做一些什么更新，唉然后仕途有什么作用，就是要掌握这几个知识点。,1,0,1
db_11,14:55.1,15:04.2,首先我们看视图的概念，前面我们说过仕途它是一个虚拟的表，为什么这样说？,1,1,0
db_11,15:04.3,16:05.6,因为仕途本身它不保存数据的，唉它没有数据，啊仕途美术它只是一个结构，一个定义，而且一个仕途它是由基本给督导出来的，它是由一个或几个基本表导出来的导出来的一个表这个表里边不保存数据，不保存任何数据，啊它是一个虚拟的，啊是一个虚拟只有结构，唉这就可以，但是我们你比如说上机的时候，你专门试图有上机，你上机的时候你可以把这个视图打开，像打开表要打开，你可以看得到数据，那么这个数据是你打开的时候，系统沿着这个软件，它根据这个视图的定义，从计划表里边把数据啊提取出来，是这样一种情况。,0,0,1
db_11,16:06.9,16:12.4,啊好，首先看怎么定一个视图啊定一个视图，我们用到什么动词？,0,0,1
db_11,16:12.9,16:36.0,语句，create view你这个地方就不是table啊 Great view，然后是视图名，相当于这个表明一样啊给它起个名字视同名的后面要不要写上属性列，我们待会通过例子来说明啊这个是个方口，好，可写可写。,0,0,1
db_11,16:36.5,16:56.7,好，下面这个很关键，你这个视图是怎么导出来的，所以有个s它是由只查询有一个是来，select语句导出来的，啊对基本表的查询导出来，所以它这个地方是一个自查询啊一个自查询。,0,0,1
db_11,16:57.1,17:01.9,另外有一个可选项，方口方啊可写可不写？Vs check option。,0,1,0
db_11,17:02.3,17:11.2,Wechat op我们待会来看起什么作用，哈我们先看一个例子，大家看这个例子这个例子看能看懂吗？,1,1,0
db_11,17:11.2,17:20.5,这个依据创建一个什么司徒，so great view。这个是仕途铭是吧？,0,1,0
db_11,17:20.5,17:27.3,Is16的创建一个这个仕途，然后这个视图后面没有跟上属性列。,0,0,1
db_11,17:27.3,17:32.5,啊好，我们来看s这个视图是怎么导出来的呢？,0,1,0
db_11,17:32.6,17:41.4,它是由这样一个场景打出来的，它是在学生表里边找信息系是吧？,0,1,0
db_11,17:41.4,17:51.3,学生所在的系是找信息系，学生的学号、姓名和年龄，这样构成了一个构成了一个表。,0,0,1
db_11,17:51.7,17:57.3,好，就叫这个视图，那么我先问这个视图它它有哪些属性嗯？,0,1,0
db_11,17:59.3,18:05.6,这个仕途这个仕途他只有学好姓名和什么？,0,1,0
db_11,18:05.7,18:24.4,年龄拍，如果这里没有写属性链，那表明这个视图的属性链就是省来的后面的啊这三个方面如果，我们在这个基础上带上后面的一个可选项wechat。Ok是什么意思？,0,1,1
db_11,18:24.4,18:43.4,呢就是说你因为在建这个视图的时候，你是经过了这样一个筛选的吧就是信息系的，好，当你这个仕途建好以后，你要对这个仕途进行操作的时候，比如说要插入数据对吧？,0,1,1
db_11,18:43.4,18:49.7,那你就如果带他有这样一个可选项，这是check是一个检查的意思是吧？,0,1,1
db_11,18:49.7,19:03.4,他就会用试图定义里边的这个条件去检查你的操作，是不是违反了他的这个视图定义里面的这个这个这个条件，对吧？,0,1,1
db_11,19:03.4,19:09.7,也就是说说通俗你要插入的数据必须是信息系的学生，吧对不对？,0,1,1
db_11,19:09.7,19:25.8,唉或者你要修改的数据也必须是信息系的，就是说你如果带上这个 Wechat东西，你之后对这个视图的操作一定要带上这样一个检查，就是这个意思，啊带上这样一个检查。啊,0,0,1
db_12,00:03.6,00:20.0,嗯关系数据，理论就是关系数据库的规范化理论啊规范化理论理论。,1,0,1
db_12,00:21.4,00:36.7,那么我们首先要看这个问题的提出啊问题的提出，我们说规范化理论是我们之前讲的图灵奖和得主之一的这个靠的，我们第二张图靠的他的提出关系模型吗？,1,1,0
db_12,00:36.8,00:43.7,那么关系数据库的理论也是他啊也是他提出来的，啊有那几种，他为什么要提他一个理论？,0,1,1
db_12,00:43.7,00:53.9,就说我们在实际应用里边我们去设计数据库，开发数据库不是像大家这个上机这么简单，我上去就就开始建库建好对不对？,0,1,0
db_12,00:54.0,01:08.9,那么在这之前它是有一个啊要深入到应用领域，有一个需求分析的一个过程，有个设计的过程，这个是花费很长时间，真正的你去用能力去实现这个时间不长是吧？很很快。,0,1,0
db_12,01:09.2,01:23.0,唉那么你在去设计的时候，一个数据库里边它应该有我们平时看的，你像我们看罗斯文数据库，它有将近20个表，那你有没有想过他为什么要20个表？为什么不是10个表？,0,1,1
db_12,01:23.2,01:26.8,啊我们学生数据库为什么是3个表？为什么不是4个表？,0,1,0
db_12,01:26.8,01:29.1,为什么不是1个表对吧？,0,1,0
db_12,01:29.1,01:31.8,1个数据库里面到底有多少关系模式？,0,1,0
db_12,01:32.0,01:35.9,每一个关系模式就是每一个表的行啊对吧？,0,1,0
db_12,01:36.1,01:39.2,每一个关系模式为什么是这些个属性？,0,1,0
db_12,01:39.8,01:53.5,啊什么样的这个数据库或者表接好以后，它的这个质量是比较高的，也就是说在他使用的过程当中不会带来太多的这个异常的问题，那么怎么衡量呢？,0,1,1
db_12,01:53.6,02:00.9,我们用什么去衡，呢这不是怎么去评判，这个就需要我们的规范化理论啊需要我们规范化。,0,0,1
db_12,02:01.6,02:39.9,好，我们来看首先看问题的提出啊问题的，提出好，大家看我们还记得这个学生关系，吧大家都记得吧学生关系啊学生关系里边属性之间，啊我们来看看一个学生关系可以有学号姓名姓名，还包括有性别啊年龄这些属性是不是？,1,1,0
db_12,02:40.8,02:56.0,啊那么在实际应用里边，我们说一个学号对一个学生，一个学生只在一个系里面学习，啊也就是说学好的值确定以后，学生的姓名和在的系的值会唯一确定啊不唯一确定？,0,1,1
db_12,02:56.8,03:06.7,那么它们之间的这种关系，大家想一想，在数学里边它可以什么样的这种关系和它类似？,0,1,0
db_12,03:08.1,03:18.6,啊数学里面唉有同学说了函数关系，数学里边的这样一种函数关系，这是单值函数吧？,0,1,0
db_12,03:19.1,03:23.9,给一个xy是不是只有一个值与它对应，唯一的值与它对应？,0,1,0
db_12,03:24.0,03:37.6,吧唉我们在学生表里边我给一个学号，是不是只有一个学生所在的系呀给一个学号，你是不是只只在一个系吧确定了？,0,1,1
db_12,03:37.6,03:42.4,吧唉所以这种关系它有点类似，看见没有？,0,1,0
db_12,03:42.4,03:44.6,有点类似这个函数关系。,0,0,1
db_12,03:44.9,04:09.6,所以啊注意我下面这个结论在数据库的表里边或者在一个关系模式里边，属性之间它不是孤立的，啊在二维表里边属性之间它不是孤立的，相互之间有制约关系，啊比如说学生表里面给一个学号，一定可以决定一个系对吧？,0,1,1
db_12,04:09.8,04:17.2,同样给一个学号，他的姓名确定下来，没有确定下来了，给一个学号，他的年龄确定下来没有？,0,1,1
db_12,04:17.5,04:41.4,我随便在座的我给一个学号，他的年龄一定是确定的吧唉不确定，比如说在我们数据库里边，啊它的属性之间存在有类似于这种啊函数啊这样的这种关系，啊我们把这种关系称为函数依赖关系，啊称为函数依赖关系。,0,0,1
db_12,04:41.8,04:57.8,那么函数依赖关系是单值的，在我们数据库里边属性之间的数据依赖，它有函数依赖关系，单词的有多值的依赖关系，啊也有多值的依赖关系的。,0,0,1
db_12,04:57.8,05:13.4,啊好，还有大家看一下，啊这个地方姓名它是有学号，给一个学号，一个姓名，给一个学号一个系。,0,0,1
db_12,05:13.4,05:25.1,好，在这种情况下我们待会有定义的，啊我们把数据库里边的函数依赖关系，我们一般是用这样一个箭头来表示，这是我们的表示符号。,0,0,1
db_12,05:25.2,05:49.5,啊那么这个箭头的左边我们称为决定方，函数的确定方或者决定方，这个是函数的依赖方，我们称学好函数的确定，学生的姓名，反过来学生姓名函数的依赖，什么学号，啊这是一样的道理啊这样。,0,0,1
db_12,05:52.2,06:21.7,唉好了，我们现在来看这样一个数据库，啊我们刚才讲了函数依赖关系，啊我们来看这样一个数据库，它称为教务数据库啊学校用户他说嗯要建立一个教务数据数据库，在学校里边他应该有这么一些个信息，包括啊有学号学生所在的系系的著名课程好和什么成绩啊课程好的成绩。,0,0,1
db_12,06:22.3,06:30.5,好这样一个那我那我不妨把它放在一个表里边，呢是不是？,0,1,0
db_12,06:30.5,06:39.4,我把它放在一个表里面，哈这个表表达二写出它的关系模式，他应该有学号，还有什么？,0,1,1
db_12,06:39.5,06:45.9,学生所在的系，啊还有细致闻名，对吧？,0,1,1
db_12,06:48.1,06:56.4,还有课程。好，还有什么成绩嗯放在仪表表里面。,0,0,1
db_12,06:57.8,07:04.3,好，我们就来分析一下我这样设计的这个关系模式是不是一个好的关系，模式呢。,1,0,1
db_12,07:05.0,07:08.2,我们来看一下啊是不是一个好的关系模式。,1,0,0
db_12,07:12.0,07:31.8,首先看我们要对这个关系模式进行插入数据，啊要插入数据要插入数据大家上机的时候是不是你得先给马先赋值，吧理财数据其他只插得进去，吧那么这个关系模式的码是谁？,0,1,1
db_12,07:31.8,07:36.1,唉学号吗？就是学号吗？,0,1,0
db_12,07:36.1,07:41.6,给另一个学号是不是一行的确定，啊我们来看看这才是马嘛对不对？,0,1,0
db_12,07:41.9,07:48.2,唉细确定给定学号，细确定了吧细分确定了吧课程怎么确定？,0,1,0
db_12,07:48.7,07:55.8,给一个学号，唉因为他可以选多门课程，嘛成绩可不可以确定？不能。,0,1,1
db_12,07:57.3,07:58.7,那它的码是谁？,0,1,0
db_12,08:00.4,08:05.5,唉这个这个关系模式的码应该是学号和什么？,0,1,0
db_12,08:05.6,08:13.5,课程号，唉学好课程，好好，嗯现在我要插入数据，实际情况是什么？,0,1,1
db_12,08:13.5,08:35.6,呢有一个系刚刚成立，啊那应该有戏名和戏主的话，唉但是他还没有招生啊还没有开始招生，我现在要把这个信息插进去，插不插得进去，他没有开始招生，有没有学号，有个课程哈唉肯定没有对不对？,0,1,1
db_12,08:35.7,08:42.2,唉没有的话这个马没有这个这个系和系主的名差不差的经理，大家上去一楼上课是不是？,0,1,0
db_12,08:42.2,08:52.0,啊你可以去试，你竹马不给他纸你，其他纸你们插不进去插不进去的啊插不进去的，那么就造成一个什么现象？,0,1,0
db_12,08:52.0,09:09.2,就是我要插入的数据插不进去这种现象我们称为插入异常，啊我们称为插入一张，所以说你你这个表就好了，数据插不进去啊数据插不进去。还有一种情况是什么情况？,0,1,1
db_12,09:10.0,09:14.0,呢我们再来看啊要删除数据会不会出现问题。,0,0,1
db_12,09:14.0,09:36.2,啊他说假设有一个系的学生全部毕业了，啊就是在毕业的过程中他没有再召集学生，那么这世界都毕业出去了学生都毕业出去了，那么学生的信息要删掉，吧啊学生的信息删掉是不是连同系和系作名的信息也删掉了？,0,1,1
db_12,09:36.2,09:43.1,吧唉因为你在上一组三行第三一行嘛对吧？唉但是这个系还在不在？,0,1,0
db_12,09:44.4,10:02.6,呢这个系和系主还在吗？对吧？啊学生毕业生说了不在学校的系和系中还在，也就是说他把不该删掉的数据删掉，啊这种现象我们称为山水域场，啊称为山水域场。,0,1,1
db_12,10:03.5,10:15.3,再来看如果要更新，比如说系主任换了，我要修改系主文明，吧这个是修改数据对吧？属于更新操作。,0,1,1
db_12,10:15.8,10:30.8,啊大家想一想，啊以我们现在的这种显卡的这种估计的话，这个表里边我一个系400个学生有吧，尤其400个学生，那我们现在更重要是吧？,0,1,0
db_12,10:30.8,10:32.9,4个年级400个学生对吧？,0,1,0
db_12,10:33.4,10:38.1,每学生一学期10门课选10门课应该差不多对吧？,0,1,0
db_12,10:39.0,10:50.5,唉那么400个学生，因为它这个是这个是每一个学号一个课程，好每一个学员课程化，那就是说400个学生应该每个学生10门课就4000条信息吧对不对？,0,1,1
db_12,10:50.5,10:53.9,4000型的这个系数名是不是重复4000次？,0,1,0
db_12,10:53.9,11:00.6,吧唉从事先是不仅是冗余重复杜达是不是？,0,1,0
db_12,11:00.6,11:08.1,而且你要修改4000个这个系数零的话，唉有可能会出现错误，对不对？,0,1,0
db_12,11:08.1,11:23.6,啊你在修改过程当中一个一句的修改会出现错误，而且4000呃这个数据的冗余，那么在这个空间上面也造成一定的浪费吧唉也造成一定的浪费，啊这数据容易。,0,0,1
db_12,11:23.8,11:33.7,总而言之，你这样一个关系模式，它肯定不是好的一个关系模式，对不对？,0,1,0
db_12,11:33.7,11:49.5,啊因为你把它放在数据库里面，你要插数据，它不仅仅要三页，啊把该删的删掉了，而且数据容易这么大，唉所以这个关系模式是一个不好的版本，它直接影响这个数据库肯定是质量不高的一个数据库，对不对？,0,1,0
db_12,11:49.5,11:55.5,啊那么我们只是从直观的来看他沟通了，那什么原因不好呢？,1,1,0
db_12,11:55.9,12:34.0,我们后面学到这个函数依赖关系和这个发饰的，我们就可以用范式来分的，啊因为它里边属性之间存在很多函数依赖关系，啊这些函数依赖关系降低了它的这个规范化的形式，所以这个关系模式它实际上只满足一范式的第一范式，规范化程度很低，我们在实际应用里面，我们在设计的时候我们有个基本的要求，要使关系模式至少达到三范式，它才可以是一个比较好的关系模式，啊是这样一个道理。,0,0,1
db_12,12:34.3,13:03.8,对于问题的提出是这样提的，因为在是应用里面，你不能随便的去把一些属性放在一个关系膜上，啊你想想看我如果大家看啊我如果把这个关系模式，我把它分开，大家看一下，分成三个关系模式，这就是我们之前我们一开始学习说唉为什么这个表都是有三个，呀不是这一个，啊对不对？,0,1,1
db_12,13:04.0,13:07.3,唉你分成三个的话，那你看哪哪三个？,0,1,0
db_12,13:08.0,13:11.0,啊第一个SS里面有什么？,0,1,0
db_12,13:11.5,13:26.1,学号和系就放两项，而且它的函数依赖关系是学号决定系，啊第二个是学号课程号和什么成绩，那就是它的码，是学号课程号决定成绩对吧？,0,1,1
db_12,13:26.1,13:33.4,好第三个第三个是系和系主的名，那么系是马对吧？细节好。,0,1,0
db_12,13:34.1,13:41.4,这样一来大家看一下，我这个系成立了有系主任没有招生对不对？,0,1,0
db_12,13:41.4,13:49.0,没有招生他他跟学生没关系，嘛唉这个鞋盒系数名我可以往这个表里面插入进去对不对？,0,1,0
db_12,13:49.0,13:58.5,啊唉数据是可以插入进去没问题，而且一个系就一个系，说明吧在另外一个系一个系尊明嘛这个系作的名字出现一次对不对？,0,1,1
db_12,13:58.9,14:03.8,唉你要修改它就修改一次对不对？在这个表里面修改细则内容。,0,1,1
db_12,14:04.4,14:15.2,好，如果一个系的学生都毕业出去了，学生都毕业出去，啊关于学生的信息这个删掉，这个删掉对他有没有影响？没有影响是吧？,0,1,1
db_12,14:16.4,14:20.5,唉也没有那么多的数据的冗余对吧？,0,1,0
db_12,14:22.5,14:38.5,唉这个这个就是我们后面要谈到的，啊所谓的把一个关系模式不好，规模化程度第一，我们要把它规范化的高一点的这个发饰怎么办？,0,1,1
db_12,14:38.5,14:46.0,呢我就消除掉它的一些个函数依赖，对不对？怎么消除？我就把它分开了，是不是？,0,1,1
db_12,14:46.0,14:50.3,唉我们同学这你两个同学打架，我把它分开，铺盖就完了是吧？,0,1,0
db_12,14:50.3,14:54.0,你在这个架子趴在那个架子也打不起来了，吧是不是？,0,1,0
db_12,14:54.1,15:01.5,唉把它分开，但是注意这个模式分解，我们会问他他不是说随便分的，啊它里面也有讲究的。,0,0,1
db_12,15:01.5,15:06.5,好，我们有个分解的原则，啊可以分解的原则这个我们后面有没有讲过？,0,1,0
db_12,15:12.0,15:20.5,啊刚才我们就是说的这个问题的提出啊问题的提出，嗯它的原因是什么呢？,1,1,0
db_12,15:21.0,15:42.6,它的原因就是我们刚才说的它存在一些函数依赖关系，啊存在一些函数依赖关系，我们来看我们在分析的时候，我们常常用这样一个图来分析它的函数依赖关系，就在这我们这个关系模式里边，啊我们这个关系模式里边存在的函数依赖关系，大家看它的码是学号和，课程好，对不对？,0,1,1
db_12,15:44.0,15:54.2,那么成绩是由学号顿号决定的，而学生所在的系是由学号决定的，系主任名又是由谁决定？,0,1,0
db_12,15:54.3,16:08.2,由细决定，这就是它的函数依赖关系，我们把它写出来，学好决定系，系决定系作名，学好课程好决定什么成绩，对不对？,0,1,1
db_12,16:08.5,16:17.8,唉这个是关系模式，r里边它所有的基本函数依赖关系，吧它构成一个集合，这个集合我们称为什么？,0,1,1
db_12,16:17.9,16:21.2,F这个f我们在之前什么地方见过？,0,1,0
db_12,16:21.3,16:24.6,啊大家想一想，我们在什么地方见过？,0,1,0
db_12,16:25.8,16:30.9,在讲关系模式的时候对吧？关系模式这个不是有个f吗？,0,1,0
db_12,16:31.2,16:40.5,这个关系模式里边所有的函数依赖关系构成一个集合，这个是所有的属性的集合是吧？这个属性的玉对吧？,0,1,1
db_12,16:40.5,16:44.1,唉这是唉属性到玉的这个映射。,0,0,1
db_13,00:03.6,00:16.6,嗯说说这个规范化，我们首先要给大家说一下什么叫做函数依赖？,1,1,1
db_13,00:17.2,00:23.9,就是可以有的啊可以存在的函数依赖，我们有啊有哪些？,0,1,1
db_13,00:24.4,00:41.3,首先我们看一下函数依赖的定义啊函数依赖的定义，ru这是一个关系模式，吧唉这是关其名，u代表所有的属性，啊 a一到a一，n所有的属性。,0,0,1
db_13,00:42.6,00:55.8,假设一个关系模式，ru是一个属性集合u上面的关系模式，x和y是u的子集，说明xy是什么？,0,1,1
db_13,00:56.4,01:02.4,属性唉可以是它的一个属性，也可以是几个属性的组合，对吧？,0,1,1
db_13,01:02.4,01:14.0,Xy啊好，对于ru的另一个可能的关系，r注意一个小r这个另一个可能关系这个本来是一个关系模式，是一个形对不对？,0,1,1
db_13,01:14.4,01:24.5,一个关系模式的形，我们把它在某一时刻有直的情况下，它就有横向信息，吧那就是一个二维表，嘛对不对？,0,1,1
db_13,01:24.5,01:40.5,这个小r啊注意小二是某一时刻的这个关系，我们在前面讲过行和直吧这个值是和这个时刻有关系的，比如说我这个学时表这一时刻的数据和下一次的数据不会是一样是吧？,0,1,1
db_13,01:40.5,01:43.6,这1时刻9个数据下一次的10个数据对不对？,0,1,0
db_13,01:43.7,02:11.5,唉那么某一时刻的一个关系用小r表示啊带上鼻子，那么有很小心就是说它有这个圆组啊唉有值啊注意有值，大写的RS表示行，一个框架，小写的r是代表有纵向信息，有横向信息，啊任意两个圆组不可能存在这样的现象，就是什么现象？,0,1,1
db_13,02:11.5,02:22.1,呢这两个圆组的x的相等，但是它的y不等，这个话换一句话的意思就是x相等，y必须什么？,0,1,1
db_13,02:22.1,02:29.2,相等的情况下，我们称为x可以函数确定y对不对？,0,1,0
db_13,02:29.6,02:51.3,如果任意两个元素x相等，y必须相等，也就是说给定一个x只有唯一的一个y给它对应，啊只有唯一的一个y与它对应，我们书上有个有的有的表，大家看一下图a书上的表6.1这种情况对不对？,0,1,1
db_13,02:52.1,03:03.3,呀啊表6.2表6.2，学号s一，学号相等的情况下，它的什么？,0,1,0
db_13,03:03.3,03:09.6,信息唉系系不同，对不对？,0,1,0
db_13,03:09.6,03:22.7,唉系不同，那就是说给定一个xy不能唯一确定，吧唉那么这个时候戏就不是由学号来决定的，对吧？,0,1,1
db_13,03:22.8,03:32.0,唉我们说有学号决定情况下给定一个学号，但实际情况是这样，啊给另一个学号应该系是只有唯一的一个指引它，对，是不是？,0,1,1
db_13,03:32.0,04:08.2,唉因为你呃好，回到这个屏幕上，大家看，如果说它不存在不存在我们书上表中这种情况，啊不存在x相等，y的值不等，啊也就是说给定一个xy的值是唯一确定的，这种情况下，我们称为x函数，确定y反过来y函数依赖于x它们之间是这样的，函数有点关系，因为箭头表示啊好这个定义。,0,0,1
db_13,04:08.9,04:18.0,那么大家分一下student这个表，分析啊 Student这个表它的函数依赖关系啊它的函数依赖关系。,0,0,1
db_13,04:18.2,04:40.6,还有个假设就是假设这个表里边的学生的姓名是不重名的，学生的姓名不重名，那么我们来看一下啊给另一个学号是不是只有一个性别，唉给另一个学号只有一个年龄，嗯给另一个，学号只有一个系对不对？给另一个学号只有一个什么？,0,1,1
db_13,04:40.7,04:53.9,学生姓名，啊因为他的学生姓名是不能重复的，按说我给定一个姓名是不是只有一个学唉性别，啊他没有重名的嘛给另一个姓名，他就只有一个性别，是不是？,0,1,1
db_13,04:53.9,05:01.8,啊唉比如给那个张三他只只是这个人，他的性别就定了，嘛他不会有重名的，另外还有一个叫张三的对不对？,0,1,1
db_13,05:01.9,05:05.1,不过还出现一个女生叫张三福位是吧？,0,1,0
db_13,05:05.1,05:11.2,给定一个姓名是不是只有一个年龄给定一个姓名是不是只有一个姓对吧？,0,1,0
db_13,05:11.3,05:14.4,那么给另一个姓名是不是只有一个学科？,0,1,0
db_13,05:14.6,05:18.4,所以他这个双镜头这个意思啊这个双镜头是什么？,0,1,0
db_13,05:18.4,05:27.1,呢就是说呃学好可以函数的确定姓名，反过来这个姓名也可以函数的确定什么？,0,1,0
db_13,05:27.3,05:32.1,徐浩，他们互为确定方，又互为依赖方，对吧？,0,1,1
db_13,05:32.2,05:55.9,唉互为依赖方唉啊就是我们这里说的，如果x能够函数确定关系，may点的函数确定x它可以记为这个双箭头，啊如果这个x不能函数确定班，像我们这个表上面给另一个学号，它的系出现不是唯一值是吧？,0,1,0
db_13,05:56.0,06:10.0,那么不能还是确定同样求啊这个箭头上面打上一个斜杠，哈表示yx给定后y不是唯一的值，与它对应，不是唯一的值，不是我一直就是没有确定嘛是吧？,0,1,1
db_13,06:12.7,06:26.1,我我这里是框框打出来，应该是打在这个上面啊，嗯实际情况是给定一个学号，只有唯一的幸福，啊唯一的幸福，唯一的年龄。,0,0,1
db_13,06:26.1,06:36.3,唯一的幸福好，下面我们再继续看有哪些种函数依赖关系。,1,0,1
db_13,06:36.3,06:49.9,啊首先我们要看的是什么是平凡函数依赖，什么是非平凡函数依赖它的决定条件就是在这个依赖方和决定方之间的关系，这是一种什么关系？,1,1,1
db_13,06:49.9,06:54.5,呀好，唉包含是吧包含的这种关系。,0,0,1
db_13,06:55.2,07:13.9,唉我给个例子你就很好理解了，啊给个例子，比如说这个决定方式，课学号和课程号依赖方式学号，这个函数依赖关系存不存在？,0,1,1
db_13,07:14.9,07:19.5,给定一个学号给定一个课程号，学号确定唯一确定没有？,0,1,0
db_13,07:19.8,07:29.1,确定了你都不给定了，啊确定，唉但是这两者的关系你看这是y吧这是x它们之间是什么关系？,0,1,0
db_13,07:29.2,07:33.8,它被包含在x里，对吧？所以这个函数依赖是什么？函数依赖？,0,1,0
db_13,07:34.1,07:57.3,平方平方还出一半，好，平方还注意了，那我再写一个学好课程，好，嗯函数确定成绩，吧这个函数关系依赖关系是成立的，吧唉给一个写好给一个测算好，成绩唯一确定吗？,0,1,1
db_13,07:57.7,08:01.8,但是这个y有没有被包含在里面？没有。,0,1,0
db_13,08:02.1,08:13.8,所以这个函数依赖关系是非平方形式的关系，我们在后面的一些呃定义里面会用到这个非平衡的关系，啊这就是非平衡。,0,0,1
db_13,08:16.4,08:21.7,好，所以很简单，吧好，非常的对吧？把它理解。,0,1,0
db_13,08:25.2,08:35.0,好了，我们再来看什么叫做完全的函数依赖和部分的函数依赖，唉完全的函数依赖和部分的函数依赖。,1,0,0
db_13,08:38.7,08:55.2,嗯它是说如果一个关系模式里边有挑出一个函数依赖关系x函数决定y啊那么现在x决定方它有一个真子集x一撇，什么叫增值集？,0,1,1
db_13,08:55.7,09:04.9,就是这个地方这个地方没有这个是吧？,0,1,0
db_13,09:04.9,09:16.9,是不是唉这个叫增殖集，吧唉这个叫物质，啊有有样本有有这个吧有这个是吧？,0,1,1
db_13,09:16.9,09:27.5,把的，好，除了叫什么名字，下面是不等号，对，下面是这样的，是不是？,0,1,0
db_13,09:27.5,10:15.6,啊好，那么如果它的榛子集还能够函数确定y注意，啊如果它的增值集还能够函数确定y我们称为部分函数以来，如果真子集不能函数确定y我们称为完全的函数例外，啊这个定义呢我老觉得书上这个定义他总是有点不是不清楚，啊你看我这里我我只要把它举个例子你就很好懂了，啊在这个里边大家看一下，给定一个学号给定课程号，p是不是给定了嗯？,0,1,1
db_13,10:15.6,10:32.8,唉但是我这个是x这个是y吧这个学号是不是x一撇，吧啊学号是x一撇，这个 X一撇能不能函数确定宽，可以给一个学号就可以确定系了？,0,1,1
db_13,10:32.8,10:40.6,吧嗯也就是说这个戏对他的依赖实际上仅仅是依赖他的一部分，嘛对不对？,0,1,1
db_13,10:40.6,10:47.0,所以这一种函数呢回到xy上面，这个之间的函数域呢我们称为什么？,0,1,1
db_13,10:47.3,10:56.4,部分函数第一呢一，啊也就是说它对它的对这个 X的依赖，实际上它只依赖于x撇是吧？,0,1,1
db_13,10:56.4,11:08.6,好，那么乘积对它的依赖，呢大家看一下，他能不能由学校决定或者能不能由课程化决定，他必须完完全全由这两者决定，对吧？,0,1,1
db_13,11:08.6,11:17.3,所以它们之间的函数依赖关系是完全的啊完全的完全的函数依赖关系，啊完全还是依赖依赖。,0,0,1
db_13,11:18.0,11:37.4,我们在分析有关系模式的时候，如果这个关系模式里边存在非主属性，对于码的部分函数100，这个关系模式是不满足二范式啊不满足二范式的，像我们刚才讲这个关系模式为什么不好？,0,0,1
db_13,11:37.4,11:40.2,啊它里面就有部分函数，对吧？,0,1,0
db_13,11:40.5,11:54.2,唉就有部分函数，如果你把部分函数进来都消除掉了，它全部是啊像我们分解出来的那三个关系模式，它都不存在部分还是应该非码的，哈都是完全还是不同的。,0,0,1
db_13,11:54.9,11:58.7,那么它就是二范式啊它叫二范式，所以就这么简单。,0,0,1
db_13,11:58.7,12:20.4,啊嗯好，我们来他在分析啊分析这个关系模式，就是SC啊我们之前多次提到了啊 Sc里边乘这个学号是不能函数决定什么成绩的，对吧？,1,1,0
db_13,12:20.6,12:28.4,课程号也不能函数决定成绩，那么学号课程号是完全可以确定的吗？,0,1,1
db_13,12:28.4,12:38.2,唉层级的，那么学号课程号对于学号而言，学号他只只是学号定了还学好就定了对不对？,0,1,1
db_13,12:38.3,12:45.9,唉它是一个部分含税量，就是学号对这两项是一个部分函数依赖课程号，对这两项也是一个部分。,0,0,1
db_13,12:50.4,12:59.7,啊最后一种函数依赖关系，我们把所有可以存在的函数依赖关系你一定要先理解，函数依赖管理你才能分析对不对？,0,1,1
db_13,12:59.8,13:06.8,像我们要考核你呃对这个知识点掌握不给你关系模式，让你去分析它存在一些什么函数来。,0,0,1
db_13,13:07.1,13:13.1,完了以后我就问你，他啊至少满足批判式对吧？,0,1,0
db_13,13:13.2,13:23.9,唉如果不满足34,0,0,1
db_13,13:24.3,13:38.4,所以他必须你必须要很熟悉这个理论知识以后你去分析它，啊分析并不难，啊但是你要准确的掌握它啊什么叫做传递的函数依赖，呢传递的函数依赖呢。,0,0,1
db_13,13:41.9,14:05.1,有时候啊读这个定义确实比较抽象，一段的理解啊在多年的这个教学过程当中，其实呃萎缩你就很容易明白，啊你比如说数学上假设a大于BB要大于c那么请问a和c之间什么关系？A大于4b对吧？,0,1,1
db_13,14:05.1,14:13.3,好，我现在一个关系模式里边存在x函数决定y嗯 Y有函数确定什么？,0,1,0
db_13,14:13.3,14:20.1,Z啊那么x和z之间有没有这样传过去的这个关系？,0,1,0
db_13,14:20.8,14:44.0,呢我们说还不像这个数学那么简单，它有一个前提非常重要，啊我们在判断的时候，它有个前提是这个 Y反过来，不能函数确定x的情况下，如果存在这样一种关系，那么x和z一之间是一种什么函数依赖？,0,1,1
db_13,14:44.0,14:54.4,呢是一种传递的题，啊是一种传递的函数依赖关系，也就是说y是依赖x的，z要依赖于y对不对？,0,1,1
db_13,14:54.5,15:01.9,在x不用来y的情况下，c变成依赖于x了，它不能依赖关的，是吧？,0,1,0
db_13,15:01.9,15:07.2,它依赖于x啊是这样一种传递的关系，啊传递的函数。,0,0,1
db_13,15:07.8,15:12.4,呢大家看这个里面有个传递的函数，有没有学好？,0,1,0
db_13,15:14.7,15:31.0,学历系嘛嗯系是不是要决定系主任，嘛这个是xyz我们来看前提慢慢就，前提是这个不能函数确定啊给力一个系是不是只有唯一一个学号？不是。,0,1,1
db_13,15:31.1,15:37.2,那么满足这个吧给另一个系，它不是只有唯一一个学号嘛对不对？,0,1,0
db_13,15:37.2,15:48.9,也就是说系不能函数确定学号这种前提下，学号和系说明之间它是有一种传递的函数有点关系对吧？,0,1,1
db_13,15:49.0,15:54.8,唉也就说这个系数呢它间接的通过系来依赖于什么？,0,1,0
db_13,15:54.8,16:13.0,学号啊依赖于学号，注意x确定yy确定c反过来y不能确定x确定方向，它们之间还有函数依赖关系，啊就是这样啊系作名传递函数依赖一个学号。,0,0,1
db_13,16:13.8,16:45.1,好了，一个关系模式里边，如果一个关系模式里面，它存在于对于马的函数啊传递的函数未来关系，我们说它是不满足三范思维啊不，满足三范思维，也就是说你要使它能够达到三份时，你必须在一个关系模式里面消除掉，传递的还是一般关系，啊你把它分开分开还是还是不能相互依赖的，是不是？,0,1,1
db_13,16:45.1,16:58.4,那么到这里为止，所有的函数依赖关系，我再梳理一下，啊可以有的函数依赖关系，因为关系模式里边我们讲了有什么？,1,1,0
db_13,16:58.8,17:06.2,有平凡函数依赖，非平凡函数依赖，部分的函数依赖，完全的函数语言和传递的函数。,0,0,1
db_13,17:07.2,17:14.0,啊自己的做法还要理解，啊在理解的基础上其实花不了很多时间是吧？你把它理解一下。,0,1,0
db_13,17:16.7,17:24.0,而有了这个以后，我们再来看后选码，获取码我们之前给大家讲过是吧？,1,1,1
db_13,17:24.0,17:44.8,陈老师又提过问题了，我们现在用函数依赖关系来定义它，用函数依赖关系来定义它，很简单就这样一个事实看大家可能看不懂，啊这个地方k这个地方的k满足这样一个关系，它就是互联网，首先我们看k是什么？,0,1,1
db_13,17:45.1,17:52.9,K是这个关系模式里面的一个属性或者是属性组合对不对？唉反正是属性之一。,0,1,1
db_13,17:52.9,17:59.0,啊他满足这样的关系有两层意思，大家看看啊看我说的对不对？,0,1,0
db_13,17:59.0,18:07.7,第一层意思就是说我把k的值给定，那么这个u就被唯一确定了，这是还是依赖关系的，嘛对不对？,0,1,1
db_13,18:07.7,18:09.9,啊唉那么这个u是什么？,0,1,0
db_13,18:09.9,18:22.3,这个u是不是它的每一个属性，嘛也就是说这个关系模式的一行被确定了，吧唉给定k的值这一行被确定这满足这个货品码的一个唯一性。,0,0,1
db_13,18:22.4,18:32.4,嘛唉但是这个候选码还有一个限制，就是它一定是能够唯一确定银行的最小的组合，是不是？什么叫最小的组合？,0,1,0
db_13,18:32.4,18:42.6,呢他就用这个完全看出来，所谓的完全和这些就是它对它的依赖，每一个属性对它的依赖，它是完全的依赖。,0,0,1
db_13,18:42.7,18:54.4,也就说在这个里边它如果有属性组合的话，我去掉任何一部分都不行，吧我去掉任何一部分他就不能完，就不能函数决定他了，嘛对不对？,0,1,1
db_13,18:54.4,19:04.4,因为他对他是完全利的，他不是部分的依赖，如果它对它仅仅是部分含税，那么它这里面还可以去掉一份，它还可以决定它是不是这样？,0,1,1
db_13,19:05.5,19:09.7,它这个不能去掉了，那么它就是一个最小的什么？组合。,0,1,1
db_13,19:10.2,19:33.5,唉所以这个是一个候选法，满足这样一个条件，k能够完全的函数确定u啊就是 U是代表所有的属性，啊如果是部分的，你看k这个上面是部分含蓄力，呢啊它就不是候选码，它就是超码，啊为什么是超码啊为什么是？,0,1,1
db_13,19:34.2,19:46.2,超码唉想一想看这个想想想出来那样，啊他想为什么是超嘛之前。,0,0,1
db_14,00:03.6,00:26.4,嗯这一张是对我们将来以后出去以后啊去开发这个数据库是很有帮助的，啊就是我们进行啊数据库设计，我们该从什么地方入手，啊该怎么下手。,1,0,1
db_14,00:26.4,01:15.1,啊首先我们看一下关于数据库设计的一个概述，啊嗯数据库设计它是指啊对一个给定的应用环境，就是比如说一个企业一个学校或者一个医院啊一个给定的应用环境，我们来给它构造设计一个优化的数据库，物理模式和逻辑模式，啊并且啊根据这个呢我们来建立数据库系统以及应用系统，啊能够有效的存储和管理数据。,1,0,1
db_14,01:16.1,01:39.3,开发数据库的目的注意，啊它是对信息系统做一个支撑的，它主要是有效的存储和管理处理，啊满足各种用户的需求啊嗯这个需求，包括什么呢信息管理的要求和数据操作的要求。,0,0,1
db_14,01:39.7,01:46.8,信息管理要求就是说你这个数据库里边你该存储哪些数据，对不对？,0,1,0
db_14,01:46.8,01:54.7,你说我们要开发数据库，这个数据库里对于这个应用领域啊对于这个企业来说，它应该包括哪些数据？呢啊数据库。,0,1,1
db_14,01:54.7,01:58.1,第二个呢是对数据操作的要求。,0,0,1
db_14,01:58.2,02:06.0,就是这个企业你给他建好之后，他对这个数据会做哪些操作啊会做哪些操作？,0,0,0
db_14,02:07.0,02:16.8,那么我们说对数据操作无非是查询操作更新操作更新，包括增删的，还有统计操作。,0,0,1
db_14,02:19.9,02:25.6,啊好，我们来看一看啊这个数据库设计的目的是什么？,1,0,0
db_14,02:25.6,02:38.5,呢啊我们说它是要呃为用户和应用系统提供一个信息基础设施，信息基础设施就是一个库对不对？,0,1,1
db_14,02:39.0,02:50.6,和高效率的运行环境，所谓高效率运行环境，就是说你有一个库，你对数据的存取的这个效率一定是要高才行，对吧？是吧？,0,1,1
db_14,02:50.6,03:03.1,对于这个存储空间的利用率要高啊要尽量高，然后这个整个数据库系统运行管理的效率也高，唉这是我们的目的，啊化验结束。,0,0,1
db_14,03:04.1,03:09.8,好数据库设计的特点我们要把握一下，啊这个是它的特点，这句话很重要。,0,0,1
db_14,03:09.8,03:17.2,啊我们将来出去后你去设计数据库开发数据库，那么对于数据库设计什么最重要？,1,1,0
db_14,03:17.7,03:49.3,我们说技术并不重要，啊3分技术7分管理12分的基础数据，所以最重要的是基础数据，对于数据库设计而言，啊也就是说你应该收集哪些数据，啊把收集整理以后，然后你还要对它进行组织，就是所谓的建模嘛是不是啊构成什么样的结构？,0,1,1
db_14,03:49.5,03:52.2,啊我们现在用的关系模型嘛对吧？,0,1,0
db_14,03:52.2,03:59.0,关系模型其实就是二倍，表它的模模型就是关系模式，嘛你怎么设计对不对？,0,1,1
db_14,03:59.0,04:04.5,每一个表的关系模式啊这个是很重要的，这个很重要。,0,0,1
db_14,04:05.7,04:09.4,那么技术是成熟的是吧？拿来实现就可以了。,0,0,1
db_14,04:09.6,04:46.2,我们当然我们是开发数据，我们都是用成熟的技术来实现啊管理，呢啊我们说指的是这两个部分，啊一个是本身你这个数据库开发的这个项目的管理，啊第二个就是你所涉及到的这个应用领域，比如说是一个企业，啊那么这个应用领域的业务管理，如果是一个企业，就是企业的业务管理是学校是学校的业务管理，啊医院那么就医院的这个业务过程中。,0,0,1
db_14,04:50.1,04:55.9,唉好，我们再来看啊数据库设计的一个很重要的特点是什么？,1,1,0
db_14,04:56.0,05:06.4,呢它是啊数据库设计是静态的结构设计和动态的行为设计，是啊叫做什么呢？,0,1,0
db_14,05:06.5,05:12.1,就是呃相辅相成的一个过程啊相辅相成的过程。,0,0,1
db_14,05:12.8,05:35.8,静态的结构设计就是这个库里边的数据啊库里边的数据的设计啊来建模啊它的这种结构的设计，我们说是静态啊静态，然后动态的行为设计呢就是对这些数据我要做一些什么操作和处理对不对？,0,1,1
db_14,05:36.0,05:39.5,唉这个是要涉及这个就涉及到编程对不对？,0,1,0
db_14,05:39.5,06:02.5,啊涉及到编程，我们说传统的软件工程，实际上我们说数据库的开发也是属于软件工程，的啊传统的软件工程，呃呃当然现在还没有开这个课，后续要开的啊后续要开这个软件工程的课，那么它是比较偏重什么？,0,1,1
db_14,06:02.5,06:13.4,呢偏重行为设计的，我们知道两性工程它基本上就是怎么怎么来用软件来编程呢噢开发界面呢呃比较偏重这个方面，是不是？,0,1,1
db_14,06:13.8,06:25.1,啊唉而早期的数据库设计呢又比较偏重于仅仅是静态的结构，就是数据库的这个数据的结构的设计，对吧？,0,1,1
db_14,06:25.5,06:39.8,而现在的数据库设计我们是不仅仅要重视数据库静态结构，也要对这个行为设计就是相应的一些个编程实现一些功能，对不对？,0,1,1
db_14,06:39.8,06:51.4,啊我们实际上在第八章我们要会讲到，比如说嵌入式的circle，啊还有这个呃存储过程和这个触发器对不对？,0,1,1
db_14,06:51.4,06:58.3,存储过程就是要编程的，嘛相当于我们c语言的一个函数啊还是一个一个过程啊一个过程。,0,0,1
db_14,06:58.3,07:22.8,好，这个图就说明了在数据库设计里边，呢啊我们一条路是静态结构设计，啊静态结构设计就是对数据库里面的结构，我们从数据分析开始，先这个库里面数据建立概念模型，再把它转化为逻辑模型，像我们的就是关系模型对吧？,0,1,1
db_14,07:23.1,07:30.1,在啊到物理结构的设计，就是这关系模型怎么存，呢存储结构是什么，存储方式是什么？,0,1,1
db_14,07:30.3,07:37.3,唉然后我们还有必要设计一些子模式，就是比如说在表的基础上建立试图啊对不对？,0,1,0
db_14,07:37.4,07:43.5,啊根据用户的需要建立制度来鉴定，这个静态结构设计最终是建立一个数据库对吧？,0,1,0
db_14,07:43.5,07:58.7,把数据组织好，啊有一定的结构，那么动态的呢啊就是对用户的数据处理，也就是说你这个数据库系统应该具备哪些功能是吧？,0,1,1
db_14,07:58.7,08:17.7,所以它是要进行功能分析，然后进行功能模模型的这个设计，啊那么它的功能来实现的话，我们说在数据库里边对数据的处理，啊我们是用以事物为基本单位啊数据的处理。,0,0,1
db_14,08:17.7,08:36.7,还记得我刚开学的时候，啊那个课上给大家讲过一个转账事务，吧银行转账事务嗯啊在数据库里边一个事物它是由若干啊个基本操作组成的，数据库的基本操作是什么？,0,1,1
db_14,08:36.7,08:40.3,查询插入数据修改至35点对不对？,0,1,0
db_14,08:40.4,08:44.4,好一个银行转账事务，它是由什么？,0,1,0
db_14,08:44.4,08:53.9,基本操作，也是从a账户转到b账户，那么转1000块钱，那么a账户要减1000对不对？,0,1,1
db_14,08:53.9,08:56.2,这个属于什么操作啊明白？,0,1,0
db_14,08:56.4,09:04.6,修改操作对了，唉他的余额减1000，b账户的这个余额要加1000，什么操作？,0,1,0
db_14,09:04.7,09:07.3,修改就是他两个修改操作是吧？,0,1,0
db_14,09:07.4,09:27.1,说的那个一点就是两个修改造构成一个转账是啊他为什么以事务为基本单位，就是这个事物是一个整体，如果这个事物里边的某一个具体的操作没有执行成功的话，那么整个这个事务是不提交的，啊就是没没相当于没做对不对？,0,1,1
db_14,09:27.1,09:39.2,你想想看我如果在a的余额上面减了1000我 B的上面不加1000，b上面加1000没有成功的话，这个转账事务算不算成功？啊不算成功对不对？,0,1,1
db_14,09:39.2,09:51.3,唉所以它的这个一个事物它可以包含若干条操作的，但这个若干的操作是完成一个一个整体的一个功能是吧？,0,1,0
db_14,09:51.3,09:58.4,我们把它做成一个事物，啊要进行事物的设计，哪些操作构成一个事物是吧？,0,1,0
db_14,09:58.7,10:16.7,完了以后我们要做应用设计，啊做应用开发就是大一点的程序是不是啊编程，唉然后呢开发这个甚至开发应用系统，啊包括我们这个在数据库上开发这个用户的界面也属于对吧应用系统。,0,0,1
db_14,10:16.7,10:23.9,唉然后还要进行调试啊，这个这个线下来是动态的行为设计。,0,0,1
db_14,10:24.6,10:47.6,下面我们就来看第一个阶段啊需求分析阶段，我们今天可以开个头啊需求分析阶段，第一个阶段需求分析阶段，大家后续你们要学到管理信息系统啊这些课的时候，那么你要开发一个信息系统，它也是要做需求分析。,1,0,1
db_14,10:47.6,11:02.0,啊好，这个阶段大家看啊我说了每一个阶段要掌握什么？第一你要做什么？就他的任务是什么，对吧？第二他的方法是什么？第三他要得到什么？是吧？它的结果是什么？,1,1,0
db_14,11:02.0,11:04.8,好，我们先来看它的任务是什么？,1,1,0
db_14,11:06.0,11:31.7,啊需求分析呃它的这个重要性，我刚才说了，它是整个数据库设计的起点啊很重要，嗯它做的好不好，唉他就是要了解用户的需求，那么他做的好不好，直接影响了后面的设计，也就说后面你设计的再好，但是你不符合用户的需求，那也没用，是不是？,0,1,1
db_14,11:31.7,11:46.4,啊唉所以说呃是否准确的反映了用户的实际要求，它将直接影响到后面各个阶段的设计，啊影响到设计结果是否合理和使用好。,0,0,1
db_14,11:48.9,12:21.5,我们来看它的任务啊它的任务就是详细的调查现实事件要处理对象，一个现实领域、一个企业、一个医院、一个学校，我们要对这个用语进行详细的调查，啊详细的调查呃也我记得这个毛也有一句话啊很经典，就是你要知道梨子的滋味，你就得什么？,0,1,1
db_14,12:21.5,12:27.7,就是我们吃的那个梨子，你就得亲口尝一尝，对不对？,0,1,0
db_14,12:27.7,12:39.7,这是毛爷爷说的，嗯那么呃我们要为这个应用领域去做这个系统，你必须得深入到这个应用里面去。,0,0,1
db_14,12:39.7,12:56.5,啊第一个我们要了解原系统是一个什么状况，这个原系统有两种情况，一种情况就是有的企业他从来没有建立过这个计算机系统，啊没有信息系统那全部都是手工方式。,0,0,1
db_14,12:56.5,13:09.1,呃那么原系统就是手工系统，啊手工系统那你要了解他的手工的一些业务流程，啊唉从里边找到一些用的一些什么数据啊是吧？,0,1,0
db_14,13:09.2,13:53.4,唉还有一种情况下，他的原先他原来做过，啊因为做过，但是那个时候呃呃你像我们很多，我们再给像老景林给钱江市做这个啊这个社保系统，啊就是呃他们是各个这个局部地区做的这个社报系统，他用的这个数据库当然都是小型的那个数据库，但现在国家有个大平台，呢又重新把它啊合到这个呃大平台里面，啊就就要呃大平台，我们都是用r和这个大型的数据库，啊大型库就把它原有的数据来进行呃清理，啊把它加在了这个大平台上面。,0,0,1
db_14,13:53.8,14:15.0,你在加载的清理的同时，他每天还有不断的有新数据，啊这个就需要我们来做一些这样的一些工作，啊就是你要了解原系统的工作情况，然后要明确用户啊目前的这个需求，在这个基础上确定新系统的功能。,0,0,1
db_14,14:15.0,14:33.3,唉那么而且这个新系统我们做的数据库系统它不是一个死的，啊他必须要考虑今后啊他要进行扩充，啊甚至某些地方要进行改变的这样一种可能啊这样一个问题。,0,0,1
db_14,14:35.9,14:40.8,好，进一步来说刚才我们说的需求分析我们要做什么？,1,1,0
db_14,14:40.9,14:53.9,进一步来说我们把它归结为两点，啊就是说你要了解原系统和新系统是不是啊的用户的需求，原系统是个什么状况，新系统用的需求。,0,0,1
db_14,14:54.3,15:13.3,那么所谓的用户的需求，我们说就分这三个方面，啊一个是啊我们称为数据需求，啊它称为信息需求，唉实际上就是数据需求唉就是在数据库中到底要存储哪些数据？,0,1,1
db_14,15:13.8,15:23.1,下面我们来看方法是什么，你怎么去做调查研究，怎么去了解需求，啊你采用的方法是什么？,0,1,0
db_14,15:25.9,15:42.1,呃采用的方法呢这个地方我们要给大家讲，啊这个是呃我们在做需求分析的时候，我们有一个叫做适时发现技术啊我们可以采用的手段。,0,0,1
db_14,15:42.1,16:38.6,啊书上他没有这样提，刚才他实际上说到了哈叫做事实发生地图，这个对于我们将来大家啊学这个信息系统的时候都有啊说的很深奥，其实很简单，啊事实发现技术有这么几个常用的，啊第一个第一个我们可以怎么去了解用户的需求，我们可以采用面谈的方式啊面谈对这个领域里面，比如说一个企业不同的用户，啊比如企业的主管，分公司的经理，普通的资源，那么这些不同的用户你想一想他将来用这个数据库的时候，他所关心的数据可能是不一样的，对吧？,0,0,1
db_14,16:38.7,16:49.4,你比如说公司的主管，他肯定是要全面的了解这公司的这个情况，啊比如说这个呃人员的情况或者整个销售的情况或者怎么是吧？,0,1,1
db_14,16:49.4,17:02.8,唉那么分公司的经理他肯定只关心他这个分公司的是吧这情况一般的职员的话，我们说他用这个数据，他他只是在他的工作范围内是吧？,0,1,1
db_14,17:02.8,17:16.8,涉及到的一些数据，所以你要分别对这些用户进行面谈啊，了解他们的需求啊以及他们的这个业务操作进行面谈。,0,0,1
db_14,17:17.7,17:26.7,第二种这个事实发现技术，呢就是说假设你一个一个面谈，你没有这么多时间，是不是？啊你可以怎么样？,0,1,1
db_14,17:26.7,17:29.9,啊可以把它们集中起来，是不是？,0,1,0
db_14,17:31.1,17:34.5,啊开什么座谈会是吧？,0,1,0
db_14,17:34.5,17:42.7,唉集中起来，就是把这些人集中起来，完了以后围绕一些个主题是吧？,0,1,0
db_14,17:42.7,17:52.1,唉我们来进行了解啊用户有些什么需求，有些什么要求建议和意见，是不是？,0,1,0
db_14,17:52.5,18:04.6,啊唉但是这个座谈会就需要大家对于我们设计人员来讲，你就要对这个状况有一个把握，起码你事先要拟一个提纲对不对？,0,1,1
db_14,18:04.6,18:16.8,唉然后再谈的过程当中要围绕这些问题，啊比如说开玩笑，不像我们这个院里面老师有时候开会的时候开着开着就扯着东南西北去了是吧？,0,1,1
db_14,18:16.9,18:21.4,唉时间也花了，这个都没说到点子上，那就不行，是不是？,0,1,0
db_14,18:21.4,18:33.6,唉你看我们看央视有些访问就他有些做的好的那些啊主持人做的好的，第一他的问题提得相当尖锐，不是没幼稚是吧？,0,1,0
db_14,18:33.7,18:37.1,唉第二，他是前期要做功课的，是不是？,0,1,0
db_14,18:37.1,18:43.6,啊唉所以呃这个座谈会的方式啊注意，这是第二种。,0,0,1
db_14,18:43.8,18:55.5,啊第三种就是说假设这些人都没有啊不好集中，啊没有这个共同的时间，那么我们还可以采用的这个手段是什么？,0,1,0
db_14,18:55.5,18:58.6,呢我们可以采用什么？,0,1,0
db_14,18:58.6,19:09.7,这个大家经常也做就是调查问卷的方式，吧唉对我们采用调查问卷的方式来了解用户的需求。,0,0,1
db_14,19:09.7,19:22.3,啊那么这个调查问卷该怎么设计是有讲究的，我们说调查问卷我不知道大家做过这个没有，你是不是随便的在写这个调查问卷？,0,1,1
db_14,19:22.4,19:41.0,我们在那个考那个系统分析员的那个那个书里面，大家可以关注一下，他有专门怎么来设计一个调查问卷，啊包括哪些问题呃放前面了，因为你放后面啊他还是有有讲究啊有讲究的。,0,0,1
db_14,19:41.1,19:52.7,还有就是你在呃问这个问题要这个用户去回答的时候，我们说一般唉有这么两种方式就是说一个是你给出这个问题对不对？,0,1,1
db_14,19:52.7,20:02.3,给出这个问题以后我下面不给答案，那就是说唉你每一个用户你按照你自己的理解，你来回答这个问题对吧？这是一种方式。,0,1,1
db_14,20:02.3,20:10.1,还有一种方式就是我给出问题，我把答案用abcde是吧？,0,1,0
db_14,20:10.5,20:24.1,给出，那么这个用户只能在我的这个答案范围内，就是说我要让用户你的答案不要超出我这几个选项，是不是啊他在里面去勾，唉这也是一种方式啊这种方式。,0,0,1
db_14,20:25.3,20:32.5,第四种方式，呢我们说唉还可以通过叫做什么？,0,1,0
db_14,20:33.0,20:41.6,查阅文档啊来了解用户的需求，查阅相关的文档，包括什么？,0,1,1
db_14,20:42.2,21:20.8,呢你比如说到企业，呃它的每一次开会的会议记录，啊你都可以找到一些你呃所要收集的数据，了解他的业务，啊还有他的一些电子邮件啊电子邮件，甚至一些报表，啊企业里面报表都可以进行查阅，啊除了这些相关文档以外，我们说你还可以查你的这个应用领域里边相关的一些期刊杂志，啊了解这个行业里面最新的动向和技术，啊这个也可以。,0,0,1
db_14,21:21.0,21:26.5,关键啊因为对你设计这个数据库还是有有好处的。,0,0,1
db_14,21:27.9,21:52.1,啊最后一个我们说可以采用实地观察，啊还有就是有些啊通过这些手段可能了解的这个收集数据不是很全，有些呢用户也表达不出来，啊查也查不到，那怎么办？,0,1,1
db_14,21:52.1,22:28.1,呢就啊到实地去观察，啊你比如说你要到医院为他做这个啊数据库系统开完，你就到医院去啊实习，啊实习个两周，跟着他们医生呢这个护士啊跟他们上下班，他们做事情，就跟着啊看他们呃这个做一些什么工作，从中啊来找到你所需要的一些数据，啊和一些业务的这个流程，啊这个我们把它称为事实发现技术啊事实发现技术。,0,0,1
db_15,00:03.6,00:42.4,嗯那么有了需求分析的数据字典，啊有了需求分析报告以后，而且我们和用户啊沟通以后，啊对呃这个我们所收集到的这个数据啊唉有了比较明确的啊明确的这个描述，唉建立了相应的文档以后，我们进入到第二个阶段，啊就是概念结构性阶段。,1,0,1
db_15,00:42.8,00:46.5,那么概念结构设计阶段，大家想一想它的任务应该是什么？,1,1,0
db_15,00:49.2,00:57.7,呢概念结构就是一个数据库的概念结构就是一个概念模型，嘛对不对？,0,1,1
db_15,00:57.8,01:09.6,啊所以在这个阶段里边，他的任务啊用简单的一句话来说，就是要为这个数据库构建一个概念模型啊构建一个概念模型。,0,0,1
db_15,01:09.8,01:31.1,啊好，我们来看一下屏幕，啊这个将需求分析得到的用户需求书抽抽象为信息结构，将用户需求抽象为概念模型，这是我们的任务啊我们要做的工作。,0,0,1
db_15,01:31.3,01:46.9,那么这个过程就是概念结构设计，啊那么这个它的特点呢我们说在建立概念模型的时候，我们是的一个是要求这个模型一定要能很啊真实的反映现实世界啊是吧？,0,1,1
db_15,01:46.9,02:10.0,要这个模型是对现实世界的一个描述，啊他要啊能够很真实的充分的反映这个现实事件，再一个呢予以理解，因为你是要用这个模型和用户进行沟通的啊和用户进行沟通，所以实际上我们前面看过这个呃概念模型它就是er图对不对？,0,1,1
db_15,02:10.0,02:12.3,Er图应该还是很好，懂的是吧？,0,1,0
db_15,02:12.3,02:15.4,它里边的元素也就不多，就那么几种。,0,0,1
db_15,02:15.4,02:31.6,啊再一个易于更改，啊就是你和用户沟通了以后，我们说是呃有些是要根据用户的需求啊进一步的进行修改，最后一个这个模型啊要很容易向什么？,0,1,1
db_15,02:31.6,02:39.4,呢向数据模型转换，数据模型里边这个这两个我们都非关系，我们现在不用了是吧？,0,1,1
db_15,02:39.5,02:47.7,那么像数据模型就是向关系模型转换，向关系模型转换就是转化为关系模式，对不对？,0,1,1
db_15,02:47.7,02:52.3,关系模式我们把它实现不就到那表嘛这个库就建好了是吧？,0,1,0
db_15,02:52.4,03:02.3,唉那么这个向数据模型转换是我们在下一个阶段，也就是逻辑结构设计阶段，我们要做的是对吧？,0,1,1
db_15,03:02.3,03:10.0,唉这是啊所谓的概念模型它的特点啊它的特点。那么方法是什么？,1,1,0
db_15,03:10.1,03:13.2,啊任务是建立一个概念模型，方法是什么？,0,1,0
db_15,03:13.2,03:24.3,呢就是我们要借助于这样一个工具，就是er图，就是实体联系图对吧？唉实体联系图。,0,1,1
db_15,03:24.3,03:33.2,啊好，因此我们来看看这个 Er模型，我们该怎么来用工具来描述。,0,0,1
db_15,03:33.2,04:05.0,呢啊啊我们在前面第一章概述的时候，我们就说过啊我们就说过在信息城世界啊信息世界这个层次上面，我们是用这个概念模型来描述数据库，那么它对于现实世界的人事物或者客呃客观概念，它都是用一个实体，用一个矩形框表示，啊而且实体之间是存在有联系的，对吧？,0,1,1
db_15,04:05.0,04:07.7,我们说过一对一一对多和多对多。,0,0,1
db_15,04:07.9,04:25.7,那么我们也举过例子，啊比如说一对一的情况，我们再可以再来啊复习一下实体班级和班长正的啊正的班长，班级和班长是两个实体系，啊这两个之间是一个什么关系？,0,1,1
db_15,04:25.7,04:30.2,呢一个班级只有一个班长对吧？,0,1,0
db_15,04:30.2,04:52.8,反过来一个班长对应于什么，一个班级啊一对一的联系，那么一对多的联系，比如说班级和学生，这是两个实体，一个班级，有多个学生对应多个学生，那反过来一个学生只对应一个班级，这个是一对多，啊反过来是一啊。,0,1,0
db_15,04:54.2,05:09.2,好，那么多对多情况这个大家很熟悉了，比如说学生和课程这两个实体，一个学生可以选多门课，唉反过来一门课又可以为多个学生选对吧？多利多的联系。,0,1,1
db_15,05:09.2,05:34.4,啊好，大家看在液压图里边，我们是这样来画啊这样来描述这两个词，嗯然后这个菱形代表他们之间的联系，这个联系可以取取名，啊这个名字取的时候呃就是说尽量能够使看的人能够懂这个意思啊能够懂这个意思。,0,0,1
db_15,05:34.9,05:47.0,然后这两边呢标上联系的类型，啊你比如说我们说班级和学生之间是一对多，那么班级应该是作为哪个实体是实体a还是实体不一样？,0,1,1
db_15,05:47.4,05:54.3,嗯啊嗯班级应该是放在医方对不对？唉学生是多方是吧？,0,1,0
db_15,05:54.3,06:14.4,唉嗯好，我们再来看两个以上的实体，两个以上的实体共用一个联系，啊这种情况下我们也见过啊没见过，比如说我们在啊第二张后面那个习题里面就有一个spj这个表对吧？,0,1,1
db_15,06:14.6,06:27.1,啊有供应商项目和零件它是多对多的联系，啊 Mnp最呃两个实体时候是mn是吧？,0,1,1
db_15,06:27.1,06:53.0,三个实体mnp我们在前面两班啊有同学在我们在课堂上练习画的时候，他没有按这个啊来，他是用m一m二啊 m三这样，我们说我们还是按照这个规范要求啊这样这样来，啊好一个供应商可以为多个项目提供不同的零件是吧？,0,1,1
db_15,06:53.0,07:11.3,唉反过来一个项目也可以被多个供应商供应不同的零件，啊那么呃那么一个零件也可以被多个供应商为不同的项目共赢共赢是吧所共赢。,0,0,1
db_15,07:12.0,07:23.7,唉唉这个呢这个地方是100多啊这个怎么理解一门课程可以由多位教师来讲对应多么多本参考书是吧？,0,1,1
db_15,07:23.7,07:27.1,但反过来一个教师只能什么？,0,1,0
db_15,07:27.1,07:30.6,一个教师只对应什么？,0,1,0
db_15,07:30.6,07:48.4,一门课程，一门课程可以被多个教师讲，啊这个意思啊分过来，比如说我数据库的课，我可以有三个老师讲，但是每一个老师成了，我只能讲一门课，我只能讲数据库，我还不能讲其他的课，是这个意思。,0,0,1
db_15,07:48.4,07:57.4,好，比如说一本参考书对应一门课程，但是一门课程有多本参考书是吧？唉这个这个好理解吧？,0,1,0
db_15,07:57.4,08:19.5,唉好，那么除此之外，我们说在液压图里边含类存在这样一种现象，就是说单个实体之间它有一种自身的联系，啊比如说职工职工的话，它里边有领导对吧？,0,1,1
db_15,08:19.5,08:21.6,领导他也是职工啊对不对？,0,1,0
db_15,08:22.1,08:34.3,那么他这个领导与其他职工之间的关系是一个一对多的关系，就是他领导其他的职工，嘛唉这是呃一个实体之间的。,0,0,1
db_15,08:34.3,08:46.0,好，这里我们就给大家一个一个这个术语吧啊或者概念，就是联系的度，还记得我们讲过呃和度有关的是什么？,1,1,0
db_15,08:46.5,08:48.7,嗯关系的度对吧？,0,1,0
db_15,08:48.7,08:55.4,关系的度是它的属性的什么个数啊属性的个数，那么联系的度是什么意思？,0,1,1
db_15,08:55.4,09:12.0,呢就是和这个联系相关的参与这个联系的实体型的数目啊实体型的数目，你比如说刚才我们嗯这个里边参与这个联系的实体型的数目这是多少？,0,1,1
db_15,09:12.3,09:15.4,三，啊这是三是吧？,0,1,0
db_15,09:15.4,09:27.1,唉那么我们就称为三元联系啊三元，如果是两个式比对，2月1息啊这个是一个实体，吧它的度是多少，联系的度是多少？,0,1,1
db_15,09:27.9,09:32.8,啊参与这个联系时只有一，是不是啊唉一元的啊一元？,0,1,0
db_15,09:37.6,09:49.5,好，我们再来看啊实体，我们说在鸭图里边实体用矩形框表示，属性用椭圆表示啊属性用椭圆表示。,1,0,1
db_15,09:50.7,10:23.1,嗯那么我们在实际啊建立这个概念模型的时候，我们说还会出现一些个呃不同的一些情况，啊那么我觉得大家是作为这个专业的学习者，我有义务把这个啊所有能够出现的这些情况，虽然书上没说，但是我还是要给大家讲，啊比如说大家看这个属性，这个属性有什么不一样，啊这是这是教师是一个实体是吧？,0,1,1
db_15,10:23.1,10:35.4,它的属性有啊教师姓名、身份证号、身份证号是马打了横线、啊工资、生日、职称、性别，还有一个例子，这个属性上面长了有角是吧？,0,1,1
db_15,10:35.4,11:21.2,唉这个我们称为复合属性，啊也就是说这个属性它有一些子属性组成，地址它由邮编、市区单位单位又由学校和信江，啊它有很多子的属性组成，那么对每一位教师他是不是都在这个地方有邮编、市区、学校和邮箱，吧是不是倾向吧唉每一个教室都有这些子气体，那么像这样一个实体带有复合属性的实体，我们在讲到转换为关系模式的时候，大家讲一个实体我们对应一个关系模式对不对？它是反映一个主题吧教师。,0,1,1
db_15,11:21.2,11:30.8,吧啊那么在转换关系模式的时候，关系民事教师里边的属性就是名字、身份证号、工资、生日、职称、性别。,0,0,1
db_15,11:30.9,11:39.8,到了这个地方的时候，我们说要把所有的子属性提升上来，让它成为不可再分的单属性是吧？,0,1,1
db_15,11:39.8,11:48.5,所以到了这个地方性别邮编是区学校信箱，好这样来转换好这样来转换。,0,0,1
db_15,11:48.6,12:01.9,但是我们在液压图里面还是要画出它是复合属性化，把它的子属性要画出来，啊直属化出来，这是一种情况呃另外一种情况。,0,0,1
db_15,12:01.9,12:15.6,呢在这个图里边啊我们可以看这是我找的一个图，啊实体是cos啊 customer大家看有ID有姓名，这个姓名是一个什么？,0,1,1
db_15,12:17.0,12:21.5,属性name，刚刚说的复合属性是吧？,0,0,1
db_15,12:21.5,12:30.2,唉 Last first一般我们就first，last它还有个没有啊三个部分组成，啊三个部分。,0,0,1
db_15,12:30.4,12:35.0,好，这里有个地址地址对吧？这个地址是什么属性？,0,1,0
db_15,12:35.0,12:40.6,啊也是复合属性是吧？唉也是复合属性。,0,1,1
db_15,12:41.2,12:56.3,嗯好，这个呢这个也是会出现的这个双椭圆，注意了双椭圆代表的是多值属性，啊这里我要讲一下多值属性。,0,0,1
db_15,13:03.7,13:07.7,大家想一想我们生活当中有没有什么属性是物质的属性？,0,1,1
db_15,13:07.7,13:13.6,呢它这里都是属性，就是这个 Phone，number就是电话对吧？,0,1,0
db_15,13:13.6,13:25.6,你想对于不同的人，有的人，比如说我们学生，啊有的可能是一个电话一个手机对吧？,0,1,0
db_15,13:25.7,13:30.1,唉还有的呢除了手机，它还有固定电话，是不是？,0,1,1
db_15,13:30.1,13:41.6,比如说寝室里面有固定电话，啊嗯再呢呃有的人他可能像过去我们不不知道现在小灵通啊什么大凌风啊什么的是吧？,0,1,0
db_15,13:41.6,13:54.3,就是他电话比较多，所以这个电话注意对于不同的人来说，它可以是取一个值，也可以取两个值，也可以取三个值甚至n个值是吧？,0,1,1
db_15,13:54.4,13:56.9,所以它是一种多值属性。,0,0,1
db_15,13:57.0,14:05.0,啊这个电话本身它可以取多个值，多少注意它和负荷属性的不同在哪里？,0,1,0
db_15,14:05.4,14:10.0,复合属性对于每一个人他都具备这些子属性，是不是？,0,1,1
db_15,14:10.0,14:20.1,啊唉但是对于多值属性，每个人他的电话个数是不一样的，啊不是说非要三个或者非要两个，对吧？,0,1,1
db_15,14:20.1,14:23.2,唉可以是一个也可以是两个也可以是。,0,0,1
db_15,14:23.3,15:35.0,好，大家试想一下，如果这个电话是多此属性的情况下，啊如果这个电话是多次情多次呃情况下，那么我们比如说就拿学生吧唉学生的属性学号型变化，你比如说某个学生张三，啊噢这个徐浩徐浩不是张晓，啊学号简单1.00 1张三啊电话，唉比如说呃158什么什么啊有一个好002李四他的电话唉除了手机外还有座机啊还有座机003，啊啊它可能要多1.3个。,0,0,1
db_15,15:35.9,15:50.3,啊好，大家看由于这个多则属性，你当当你把它转化成关系模式啊甚至变为二维表的时候，我们看到它出现了行列的焦点是什么？,0,1,1
db_15,15:51.3,15:53.8,唉不是唯一值，对吧？,0,1,0
db_15,15:53.9,15:58.4,这个显然是不符合我们对关系的基本的要求的，是不是？,0,1,0
db_15,15:58.5,16:25.8,所以我们后面会给大家讲到像这种多字属性，我们在转换的关系模式的时候，啊我们会把这个多字属性单独提取出来，建立一个关系，那么单独提取专家，我们要带上他原来的码，啊也就是说学生他还是一个关系，它保留原来的学号啊姓名啊甚至年龄啊所在系是吧？,0,1,1
db_15,16:25.8,16:49.9,就是没有电话了啊把电话提取出来，把这个多字属性提取出来把这个学号这个码提取出来，除了学生这个关系还建立一个关系，啊这个关系里面大家看学号啊这个关系里面的码就是由学法和变化两个组成的，那么这个时候学号我可以重复对不对？,0,1,1
db_15,16:49.9,17:03.3,啊你比如说002这个学生，唉他的电话是一个是1371多少，一个是87啊65多少多少这个学号还是01，懂这个意思没有？,0,1,1
db_15,17:03.3,17:08.7,他把两个两个电话分成了两行了吧？,0,1,0
db_15,17:09.2,17:14.2,分成了两行，那么像这个王5003三个电话就分成三行，对不对？,0,1,0
db_15,17:14.4,17:26.6,分成三行它的行列的焦点是唯一的，吧唉但是呢这个地方是因为他的码是学号和电话是全码的情况，对不对？,0,1,1
db_15,17:26.7,17:39.6,全榜的情况，那么虽然这里重复这两行是不重复的，吧唉但是你就不能把他拉到学生表里面，你把它已经还原到学生表里边，学号是码对不对？,0,1,1
db_15,17:39.6,17:43.5,学好一码的话，这个就要从多值了是吧？,0,1,1
db_15,17:43.6,17:47.1,唉这个就不要这个是不能重复的，对吧？,0,1,0
db_15,17:47.1,18:05.0,你这个就必须出现多长，所以我们啊通常的情况下是把多字属性拿出来，单独建立一个关系啊单独建立关系，这是我要说明的是这个多子属性，啊我们有双口烟，er图里面用松图来表示。,0,0,1
db_15,18:05.9,18:16.6,好了，还有一个属性，大家看到没有这个属性啊年龄虚线虚线的椭圆，啊它是表示什么属性？,0,1,1
db_15,18:16.6,18:24.5,呢表示派生属性啊派生就是导出来的啊泰森属性。,0,0,1
db_15,18:25.6,18:41.4,嗯是这样意思，就是我们在实际开发里面，啊我们对人员呐凡是人员不是他牵涉到一个年龄问题，嘛是不是啊有教师年龄或者职工的年龄或者学生的年龄对吧？,0,1,1
db_15,18:41.5,18:51.5,唉凡是人员我们在基本表里边存的时候，我们一般是不直接保存年龄的，为什么？,0,1,1
db_15,18:53.0,18:56.0,唉他年龄是总是在变化对不对？,0,1,0
db_15,18:56.0,19:03.1,唉所以我们基本表里面一般我们都是存的是出生的年月日，这个是不变的对吧？,0,1,1
db_15,19:03.2,19:09.0,啊完了以后往往我们查询的时候又是要查年龄对不对？希望直接出来是年龄是吧？,0,1,0
db_15,19:09.4,19:21.1,所以呢我们通常是在查询的时候，他通过取当前的日期的年份，减去这个表里边的初生期的0分是吧？,0,1,0
db_15,19:21.1,19:39.6,来导出这个年龄，所以这样的属性我们称为派生属性啊派生属性，嗯这个可以表明我们用户需要的是年龄，但是呢可能我们表里边存的不是这个我可以打出来是吧？唉可以是这个意思。,0,1,1
db_15,19:39.6,19:52.9,啊好，在液压图里边能够出现的属性就是这么些，好，我再来归纳一下，啊单椭圆表示单属性，对吧？,1,1,0
db_15,19:53.1,20:09.9,唉如果这个属性还有子属性，我们给它分支上去，下去都可以，啊上下无所谓，左右也可以，唉那么像这样的情况下有分支的，我们就是称为复合属性对吧？,0,1,1
db_15,20:09.9,20:24.8,唉如果一个属性对于不同的元素可以取多个值，那么就是多子属性，我们用双头元感受，派生属性，我们用虚线勾引表示啊这是这么几种。啊,0,0,1
db_16a,00:03.6,00:16.6,嗯这个例子呢是给的是最后建立的是一个什么图？,0,1,0
db_16a,00:16.6,00:20.1,啊是一个销售管理子系统er图。,0,0,1
db_16a,00:20.1,00:33.8,啊好，大家看把这三个压图大家看一下，一个是7:11，7.1是一是好像是物质管理，吧我还没记错是吧？,0,1,1
db_16a,00:33.9,00:45.6,7:23是销售管理的，还啊你还看有个7:27，吧好像7:27是一个什么？,0,1,0
db_16a,00:45.6,01:26.9,47，唉劳动人事管理，这是三个分压图，我们现在要把它合起来，合并成一个这个企业的全局丫头，啊那么这个合并我们称为er图的集成，是我们在建立概念模型当中必须要做的一个工作，那么这个合呢不是简单的合并啊不是简单的合并，它是有基本的啊这个原理，有基本的原理和方法。好，下面我们就来给大家讲。,1,0,1
db_16a,01:28.1,02:01.3,啊唉好，大家先看我这个屏幕上这个图屏幕上这个图，呢它是啊我们在设计概念模型中，我们首先是建立分压，啊我们不是一次，比如说他有的时候这个数据量很大，你不可能一次去完成你的全局，啊建立分压轴局部的压轴，然后我们进行合并合并过程当中要消除掉很多冲突，我们待会也讲有些什么冲突，然后得到一个初步的全局压力。,1,0,0
db_16a,02:01.8,02:17.8,在这个基础上我们还要消除一些啊所谓的荣誉啊所谓的荣誉，然后经过一些分析，甚至一些啊用到我们的一些规范化的一些理论，然后才得到一个全局的家族。,0,0,1
db_16a,02:17.8,02:40.9,啊好，下面我们就来具体了解，在合并的过程当中，我们会发生一些冲突，我们必须要消除掉这些冲突，啊那么这些可能出现冲突无非是三种类型，唉第一属性冲突，啊第二命名冲突，第三结构冲突。,1,0,0
db_16a,02:40.9,02:43.2,首先我们来看属性，冲突是什么意思？,0,1,1
db_16a,02:43.2,02:47.6,啊所谓的属性冲突它有可能是什么？,0,1,0
db_16a,02:48.3,02:52.4,呢属性域的冲突或者是属性取值，单位的冲突。,0,0,1
db_16a,02:53.2,03:04.3,属性遇到冲突就包括它的类型啊这个属性的啊类型、取值范围或者是取值的集合的不同。,0,0,1
db_16a,03:05.0,03:10.1,啊比如说他举了一个例子，零件号，我们刚才有三个分一家读是吧？,0,1,0
db_16a,03:10.3,03:18.8,假设这个零件号它分别在不同的分压图里面出现，零件号我们知道是一个属性嘛对吧？,0,1,1
db_16a,03:19.2,03:27.6,啊因为我们在实际开发里面数据库它可能不同的分异啊图，它是由不同的团队开发的设计的是吧？,0,1,1
db_16a,03:27.7,03:41.0,唉那么他在不同团队设计过程中，他有可能是会啊比如说在零件号的数据类型上面，有的分丫头把它定义为整形，对吧？,0,1,1
db_16a,03:41.0,03:51.5,有的把它定义为自付型这个类型，你合的时候同时同样是零件号，但是它的数据类型不一致对吧？这是有可能的。,0,1,1
db_16a,03:52.7,04:07.2,啊那么在这种情况下你就要解决这个问题，啊你就和用户也要沟通了，然后你们要就是确定到底是整形还是制度性是吧？要把它统一起来啊统一起来。,0,1,1
db_16a,04:07.2,04:20.8,再比如说年龄年龄可能在某一个分异啊图里边，它是以出生日期表示的，在另外分泌儿童里他直接用整数表示对吧？,0,1,1
db_16a,04:20.8,04:29.1,那么你和的时候就要也是要把它统一起来，啊要统一了，那么就消除掉这些冲突，啊消除它的冲突。,0,0,1
db_16a,04:29.9,04:50.8,而属性的取值，单位属性取值单位是什么情况下，比如说他说零件的重量零件的重量，有的啊设计时候用的是比如说公斤，啊有的是用公斤为单位，有的是以课为单位，还比如说这个比如说学生的身高，有的是用米为单位是吧？,0,1,1
db_16a,04:50.8,05:04.5,有的是用以米为单位，所以这个在合的时候都要啊包括每一个属性的类型，要仔细的啊斟酌，要核对啊是不是一致，啊这不一致，这是属性的冲突。,0,0,1
db_16a,05:04.5,05:17.8,第二，命名的冲突在合的过程当中，这个是常常碰到的啊两种情况，一种是同名，但是它实际上是不同的对象啊意义不同的。,0,0,1
db_16a,05:18.2,05:23.6,还有一种情况下是一名，虽然名字不一样，但是它实际上是同一个对象。,0,0,1
db_16a,05:23.8,05:40.4,啊我们先看我们书上举的例子是一名同意的，你比如说他说科研项目科研项目在财务科的分压图里面，它是啊这是肯定是一个实体吧是吧？,0,1,1
db_16a,05:40.4,05:44.3,它作为项目科研处的分压中它是作为什么？,0,1,0
db_16a,05:45.3,05:53.8,课题啊生产管理处作为工程啊项目也好，课题也好，工程它实际上是一个意思啊实际上是一个意思。,0,0,1
db_16a,05:54.3,06:06.9,那么这个时候你合的时候，你就要注意这三个实体实际上是一个实体啊你，要把它统一起来，称为项目也好，啊成为工程也好，统一是吧？,0,1,1
db_16a,06:07.2,06:22.5,嗯那么还有一种情况就是同名异议情况，同名义情况，我给你举个例子，啊比如说我们经常说单位是不是单位有可能是指就是我工作的地方，是吧？,0,1,1
db_16a,06:22.5,06:27.8,叫单位啊我到单位去，啊还有什么还有就是物理单位是吧？,0,1,0
db_16a,06:27.8,06:40.2,唉物理单位所以你你可能他可能一个单位在一个分泌丫头呢他表示的是工作的工作的地方，在另外一个益亚图表示是物理物理单位是吧？,0,1,1
db_16a,06:40.2,06:51.4,那么你合的时候也表示虽然它的名字都叫单位，但实际上是不一样的，所以你就把它区别开，你干脆就一个就写成工作单位，你就写成什么？,0,1,1
db_16a,06:51.5,07:09.3,物理单位去区别看，啊当它是不同的人来看，啊注意这个命名的冲突，它有可能发生在实体的命名上，也可能发生在属性的命令当中，甚至可能发生在联系的命题上面，对吧？,0,1,1
db_16a,07:09.3,07:20.8,都可能出现同名异议或者是异民同意的情况，那么这些呢都要靠我们啊在亚图集成的时候我们要去解决啊啊去解决。,0,0,1
db_16a,07:22.3,07:28.1,好，第三种类型冲突就是所谓的结构冲突，啊结构冲突是指的什么意思呢？,0,1,0
db_16a,07:29.4,07:53.4,啊就是说第一种情况下，同一对象在不同应用中具有不同的抽象，就是说我们刚才说过吧唉同一对象呃在一个局部应用中把它当成实体，在另一个局部应用中把它当成属性，这种情况下我们把它合起来的时候，我们应该怎么办？,0,1,1
db_16a,07:55.0,08:01.1,啊同一个对象在这个里面是实体，在这个里面是属性，合起来之后我们应该怎么办？,0,1,0
db_16a,08:01.2,08:06.3,一般情况下我们就取实体对不对？唉第四题看到。,0,1,0
db_16a,08:07.9,08:25.9,好，还有一种情况，同一实体在不同的子系统中，它所包含的属性的个数不一样，因为同样是学生实体，在1个分异儿图里面它是5个属性，在另外1个分异儿图里面它是7个属性对吧？,0,1,1
db_16a,08:26.2,08:34.9,唉它可能在这个应用里边它是，用户需要的属性多一些，是不是在这个里面应用是属性少一些，那么合起来后我们应该取什么？,0,1,1
db_16a,08:35.2,08:48.0,许多的唉这个肯定是多的这个属性，啊还包括属性的秩序啊也可能会不一样，那么你要把它调整啊进行调整，统一起来啊统一起来。,0,0,1
db_16a,08:50.7,08:55.3,好，第三种结构上的冲突啊结构上的冲突是包括什么？,0,1,0
db_16a,08:55.3,09:13.3,呢联系实体间的联系啊实体间的联系有可能在一个分液压图里边，它是一对多联系，同样一个联系啊到了这个分液压图里面，它变成多对多联系了，那么我们核的时候也是要怎么样？,0,1,1
db_16a,09:13.5,09:18.4,啊如果是这种情况下，我们核的时候是取多对多是吧？,0,1,0
db_16a,09:18.4,09:30.2,唉如果是一对一和多的一对多，我们去一对多，啊这是结构上的冲突啊结构，上的冲突包括什么？,0,1,0
db_16a,09:30.6,10:21.2,呢所谓的结构就是说呃有可能他在这个里面实体在那个属性，我要等他有可能同样的实体这边是5个属性，那边是7个属性，那么那我们也要把它统一起来，再就是实体的联系的类型，啊嗯同样一个实体之间的联系在这个里面是一对多，在这个里面是多对多，啊那么你合的时候因为它是同一个联系，啊你也得把它统一起来，所以我们啊要解决的冲突无非三种，结构上的冲突面临冲突、属性冲突，啊有了这个以后，呢我们可以得到一个初步的压图啊得到一个初步的压图。,0,1,0
db_16a,10:21.2,10:40.5,好，大家看这是我们书上的一个例子，啊我算左边这个图是表示产品和零件之间有一种多对多的联系，吧唉一个产品有哪些零件构成一个零件可以构成多的产品是吧？,1,1,0
db_16a,10:40.8,10:46.5,唉这个零件、主人公的、产品它的用到这个零件的数量是多少，是不是？,0,1,0
db_16a,10:46.7,10:59.0,唉这里有个属性，啊好，这个地方产品零件它还多了一个供应商，啊三者之间有一个共赢，这个我们是spj是吧？共赢多少？,0,1,1
db_16a,10:59.6,11:05.4,好，这两个把它合起来，这两个把它合起来我们得到的是什么？,0,1,0
db_16a,11:06.0,11:19.1,呢这两个合起来我们得到的压轴是这样的，显然这两个联系不能合成一个联系，对吧？,0,1,0
db_16a,11:19.3,11:34.2,唉这两个联系是不一样的，这个联系反映他们两者之间而这个联系，反映的三者之间的联系，所以和的时候两个联系不能合成一个啊还是两个联系，看见没有？,0,1,1
db_16a,11:34.2,11:38.4,啊还是两个联系，这是我们书上给的一个例子。,0,0,1
db_16b,00:03.6,00:13.9,嗯我们书上有一个例子对吧？,0,1,0
db_16b,00:13.9,00:17.1,消除荣誉的，大家看这个例子。荣誉这个。,0,0,1
db_16b,00:18.0,00:22.0,例子的qe是什么意思？Q。1。,0,1,0
db_16b,00:23.7,00:36.6, cue一在这里在这里，它是产品和零件之间的这个联系的属性，就是这个产品由哪些零件构成是吧？,0,1,1
db_16b,00:36.8,00:39.4,由这个零件构成有多少是吧？,0,1,0
db_16b,00:39.4,00:44.3,每个零件有多少和这个零件构成？好，q二是什么？,0,1,0
db_16b,00:44.3,00:56.2,呢 Q二，q二在这个地方啊就是零件和材料，这个零件就是耗呃需要什么材料对不对？,0,1,0
db_16b,00:56.2,01:01.8,唉需要多少耗用量，啊每一个零件要用这个材料多少？,0,1,0
db_16b,01:02.5,01:11.7,好，q三在这里，啊 Q三是产品直接这个材料，本来是产品由零件构成，零件又用的材料对不对？,0,1,1
db_16b,01:11.7,01:15.1,好，产品和材料之间用了多少？,0,1,0
db_16b,01:15.1,01:32.4,呢这里有个q三，那么显然q三是不是可以由q一和q二q三就是每一个零件每一个零件用多少材料乘以这个产品用这个零件用了多少个，对不对？,0,1,1
db_16b,01:32.5,01:36.4,就是它总的这个用量吧材料的用量是吧？,0,1,0
db_16b,01:36.4,01:40.4,就这个产品对这个材料总的用量，是不是？,0,1,0
db_16b,01:40.5,01:44.8,因为他用了多少个这样的，零件，而零件用这个材料用了多少是吧？,0,1,0
db_16b,01:44.8,01:48.4,所以是可以用q1×q2得到是不是？,0,1,0
db_16b,01:48.6,02:12.0,那么这种情况下这个属性是冗余的数据啊冗余的数据，还有这个地方q4和Q5，我们来看一下q4材料材料还是放在仓库里边，那么这个材料是这个存放粮食材料的属性，对吧？,0,1,1
db_16b,02:12.0,02:15.2,那么就是说这个材料本身它总共有多少？,0,1,0
db_16b,02:15.7,02:45.2,这是这个材料的总量，吧嗯好，这个地方呢是这个材料存放在哪一个仓库里面的存放量，是不是存放到某一个仓库的存放量，那么它们之间关系应该是所有的某一个材料，所有的在不同仓库里面存放量之和，加起来是这个材料的总的存放量，啊这个材料的总的量对吧？,0,1,1
db_16b,02:45.5,03:05.6,啊所以这个时候他认为q4，啊 Q4也是啊多余的属性啊多余的属性，这个呢嗯是还是有一定难度，啊要这个需要有一些经验或者要跟用户多去沟通。,0,0,1
db_16b,03:05.6,03:30.1,我们在我们已经合成的这个全局压图里边，除了解决冲突以外，解决冲突是在和的过程当中就解决了，然后解决完了以后，我们要找有没有冗余的数据，啊要找，除了冗余的数据以外，还有些联系是冗余的，大家看一下有没有多余的联系？,0,1,1
db_16b,03:30.1,03:41.2,呢你比如说产品和材料之间的这个联系，它完全可以通过这个联系得到，吧是不是？,0,1,0
db_16b,03:41.4,04:02.3,唉所以啊有的情况下，你看这个它形成一个形成一个环路，吧唉所以在这个压土里边有这种环路的情况下，你就要找一找啊有没有可以去掉的录音，啊像这种情况下这个这个完全可以去掉这个联系是吧？,0,1,1
db_16b,04:02.7,04:08.8,这这他们两者之间联系可以通过零件来找到他们之间的联系。,0,0,1
db_16b,04:09.7,04:47.4,啊唉这个就是嗯在液压图的集成的时候，我们注意了，一个是要消除一些冲突，然后就是要消除掉一些荣誉，啊消除掉一些荣誉当然我们书上呢唉他这里又强调这个红颜色的，啊就是说在实际开发应用的时候，并不是你虽然找到很多冗余，啊但是并不是所有的必须要把它消除掉，这个也要看具体的情况。,0,0,1
db_16b,04:47.6,05:00.3,就是有的情况下，我们为了这个系统的效率，我们必须要以这个荣誉作为代价，啊这个要进行权衡啊进行权衡。,0,0,1
db_16b,05:00.3,05:14.5,唉呃我们书上还提到这个用数据呃规用规范化理论来消除冗余啊来消除冗余。,1,0,1
db_16b,05:18.2,05:35.5,呃你看啊这里他说在7:27里边啊7:27里边，部门和职工之间一对多的联系人，可以啊可以用这个我们规范化这个箭头，我们规范化里面去做是吧？,0,1,1
db_16b,05:35.6,05:57.5,唉就是部门号呃职工号函数决定什么部门号，啊函数决定那么嗯职工和产品之间多得多的联系那就说，职工号、产品号可以函数决定是吧？,0,1,1
db_16b,05:57.5,06:01.4,唉工作的天数啊天数。唉,0,0,1
db_17a,00:03.6,00:20.1,嗯在数据库的逻辑结构设计，它的任务是把概念模型转换为数据模型，这一点是大家知道的吧？,0,1,1
db_17a,00:20.1,00:26.8,嗯那么数据模型我们三大经典数据模，我们现在都是指的什么？关系模型对不对？,0,1,1
db_17a,00:26.8,00:41.2,所以简单起见，就是怎么把概念模型转化为关系模型，啊转化关系模型，关系模型是由一系列关系模式组成的，也就是全体数据的逻辑结构对吧？,0,1,1
db_17a,00:41.2,01:15.7,所以我们就是说er图怎么转换为一系列的关系模式，啊转化为一系列的关系模式，哈大家看到我们屏幕上的问题了，啊把它的任务把概念结构设计阶段设计好的基本要素基本要素是全局的，啊基本压图转换为与所选用的数据库管理系统产品，就是那个数据库软件呐啊所支持的数据模型，我们现在支持的是什么？,0,1,1
db_17a,01:15.7,01:18.7,关系模型，相符合的什么？,0,1,0
db_17a,01:18.7,01:21.9,逻辑结构，就是关系模式对吧？,0,1,0
db_17a,01:21.9,01:37.0,唉关系模式好，那么这转换的时候大家看er图转换的关系模式，er图无非是三种元素，矩形框、椭圆和菱形框，对不对？,0,1,1
db_17a,01:37.0,01:42.3,那么我们分别把这三种元素怎么转换？,0,1,0
db_17a,01:42.5,01:49.0,解决了，是不是整个这个丫头怎么转过来就解决了，吧唉这是我们的思路啊这是我们的思路。,0,1,0
db_17a,01:49.0,02:12.4,嗯他说益阿图是有实体型实体的属性，椭圆，实体间的联系菱形三个要素组成的，而关系模式呢关系模型的逻辑结构，它是一系列的关系模式的集合，所以我们的问题就是什么？,0,1,1
db_17a,02:12.4,02:30.1,呢要把实体实体的属性以及实体间的联系，要转化为对应的关系模式就行了，啊所以我们学就是要学怎么，唉它是呃有一定的方法啊有一定的方法。,0,0,1
db_17a,02:30.7,03:11.7,首先我们来看实体型怎么转换，也就说，矩形框啊记住了，er图里边的任意一个强实体，就是单矩形框，啊任意一个强实体，对应转换为一个关系模式，另一个强势的转换一个关系模式，啊这是这是这是肯定的，啊所以你在压图里边，我们刚才7:28，唉7:28，大家再回到这个图里边看，虚线上面部分啊不看，全部看一部分，虚线上面一部分一共有几个矩形框？,1,0,1
db_17a,03:12.0,03:16.4,嗯个4个矩形框，对不对？,0,1,0
db_17a,03:16.4,03:18.9,啊呃是谁说4个？,0,1,0
db_17a,03:19.7,03:23.4,把我带到沟里了，对，5个是吧？,0,1,0
db_17a,03:24.4,03:38.7,5个那就是这5个矩形框，以呃分别转换为一个关系模式，大家翻过来232页，你找到这5个矩形框对应的关系模式没有嗯嗯。,0,0,1
db_17a,03:39.6,03:43.2,部门是吧？,0,1,0
db_17a,03:44.3,03:49.4,直供、产品供应商、零件对不对？,0,1,0
db_17a,03:49.4,04:00.4,好，5个这5个实体都是强实体，啊就是我们所说的，它们它是具有自身的码的，对吧？,0,1,1
db_17a,04:00.4,04:05.4,好，如果出现了双矩形框，我们说完没讲？,0,1,0
db_17a,04:05.5,04:09.0,啊双矩形框，弱视体该怎么转换？,0,1,0
db_17a,04:09.0,04:28.7,呢大家可以记一下，啊弱势体它也对应一个关系，模式也转换为官博，但是他要把它需要借助的那个识别实体的码要放进来，比如说我们讲过孩子对不对？,0,1,1
db_17a,04:28.8,04:32.5,家里面，孩子孩子是他姓名是吧？,0,1,0
db_17a,04:32.8,04:38.6,姓名作为他的这个码的一部分，但是不能唯一标识他对不对？,0,1,1
db_17a,04:38.7,05:04.7,他非要借助于父亲的身份证号，所以当这个孩子的这个弱实体转换成关系模式的时候，除了这个孩子所有的属性姓名啊或者性别啊什么出生性，这以外，他要把父亲的身份证号放进来，啊放进这个关系模式就是copy一个进来，然后用父亲身份证号和孩子的姓名一起作为他的什么？,0,1,1
db_17a,05:04.9,05:08.4,马啊一起作为它的马，这是弱实体。,0,0,1
db_17a,05:08.4,05:19.0,啊弱实体转换成关系模式，一定是啊一定是要把它识别实体的码 copy一个放进来。,0,0,1
db_17a,05:19.4,05:26.7,啊不所谓的识别实体就是那个双菱形框指向的那个实体，对吧？双菱形框是识别联系。,0,1,1
db_17a,05:29.7,05:32.6,好，实体怎么转换？我们解决了。,0,1,0
db_17a,05:32.9,05:40.5,吧嗯，好，属性啊属性单属性那好说，单是名直接写进来对吧？,1,0,1
db_17a,05:41.1,05:54.5,如果是复合属性复合属性，我们在转换的关系模式的时候，通通把直属性提升上来，使得每一个属性都是不可再分的。,0,0,1
db_17a,05:54.5,06:04.0,啊唉这个也大家也可以记一下，啊你自己能理解就在记在脑子里边的，啊你要不行就写在书上。,0,0,1
db_17a,06:04.2,06:23.3,所有的复合属性在转换成关系模式的时候，我们是把子属性提升上来，啊所有的子属性提升上来，唉好多指属性多子属性怎么转换？,0,1,1
db_17a,06:24.4,06:27.4,其实我前面给大家举过例子，是不是？,0,1,0
db_17a,06:27.8,06:54.0,啊多子属性是碰到双椭圆框，一定是把多种属性提取出来，单独再建立一个宽心模式，啊单独再建立一个关系方式，那么嗯在单独建立关系模式的时候，要把原来它原来不是在压图里面，是和一个实体联系起来的，对不对？,0,1,1
db_17a,06:54.0,07:09.3,要把原来那个实体的码要带过来啊要带过来，你比如学生的电话是一个多字属性，那么电话单独建立一个关系模式，啊那要把学生的马带过来。,0,0,1
db_17a,07:10.2,07:31.4,啊你比如说学生它本来是个实体，那么它这个实体它本身要转换为一个关系模式，吧唉这里边有学号，有这个姓名，啊有性别，那么注意这个地方就不能写电话了是吧？,0,1,1
db_17a,07:31.6,07:44.0,这个电话单独的转化为一个关系模式，而且要带上原来这个这个实体的马啊原来这个实体的马。,0,0,1
db_17a,07:46.8,07:59.9,好，在这个惯性模式里边，它应该是由这两个属性来作为它的码，这两个属性来作为它的码的时候，这个学号就可以重复了，对不对？,0,1,1
db_17a,08:00.1,08:06.1,这个重复同一个学生电话不同，它还是两个不同的行，对不对？,0,1,1
db_17a,08:06.2,08:16.1,它是不能回到这个里边的，他一放进去这个电话一放进去，因为这里学号是不能重复的，那就只有电话是取多值是不是？,0,1,1
db_17a,08:16.1,08:21.2,那就不行了，所以它必须多次属性要单独的建立一个什么关系模式。,0,1,0
db_17a,08:22.3,08:24.2,啊单独的建立一个关系模式。,0,1,0
db_17a,08:26.7,08:44.2,啊之前给大家看了一个例子，我们再来看一下，哈今天要是下课大家要喊一下暂停，啊不然我不讲了有点投入，是不是？,1,1,1
db_17a,08:49.8,08:55.4,嗯这个这个一共转换了多少个惯性模式？,0,1,0
db_17a,08:58.3,09:16.5,大家看这个实体本身是不是一个关系模式？,0,1,0
db_17a,09:16.5,09:29.9,吧它的属性这个是它的码对不对嗯，好，这是一个多值，这是一个多值吧多值要提取出去的，这里有个属性对不对？,0,1,1
db_17a,09:29.9,09:36.7,这是一个这个多值，我们要转换成一个吧嗯啊我把它称为什么？,0,1,0
db_17a,09:36.7,09:45.2,呢称为k一啊里面唉负的r一都可以，它要带上这个实体的码，是不是？,0,1,1
db_17a,09:45.3,09:49.7,另外还有它支撑这个属性，然后它的码是这个对吧？,0,1,1
db_17a,09:50.1,10:09.0,好，这个要转换它要转换成单独一个关系模式，它带上原来这个码，然后它这个属性又是直属性，啊所以提升它的所有的直属性上来是吧？它的码应该是什么？这个对吧？,0,1,1
db_17a,10:09.7,10:18.7,啊所以这个这个 Er图里面这种实体转换过来应该是对应的三个关系公式啊对应到三个关系公式。,0,0,1
db_17b,00:03.6,00:20.0,嗯刚才我们说到这个 er图，啊它的这个实体怎么转换？,1,1,0
db_17b,00:20.0,00:22.9,啊属性怎么转换？,1,1,0
db_17b,00:23.0,00:30.2,那么剩下来的就是嗯这个菱形啊菱形怎么转换？,1,1,0
db_17b,00:30.9,00:38.1,菱形呢我们说有三种类型，一对一，一对多和什么多？对多。,0,1,1
db_17b,00:38.1,00:47.0,嗯首先多对多的联系多对多的联系肯定是要单独转化为一个关系模式。,0,0,1
db_17b,00:48.6,01:08.2,啊比如说大家知道学生和课程这两个实体之间是多对多，吧唉那么我们经常看到的它之间这个联系我们称为选修，吧就是我们常用那个 Sc，吧它是单独一个关系模式，对吧？,0,1,1
db_17b,01:08.6,01:29.2,单独有关系，而且多对多的联系转化为一个单独的关系模式的时候，它要放注意它放什么属性，啊它要放啊这个联系和它相关的实体的码，比如说学生的学号，你课程的课程号对吧？,0,1,1
db_17b,01:29.4,01:33.8,再带上它自身的属性成绩啊成绩。,0,0,1
db_17b,01:34.7,01:48.8,好，那么对于一对一和一对多的情况，呢我们说原则上来说，它也可以单独建一个关系模式，但是也可以不用单独建议完全的字。,0,0,1
db_17b,01:49.1,01:53.9,大家想在这两种情况下，你会选择哪一种？,0,1,0
db_17b,01:55.2,01:56.0,为什么？,0,1,0
db_17b,01:57.8,02:10.3,啊就是说一对一和一对多的情况下，可以不需要单独建一个关系关系，也可以单独建一个关系，那么我们该怎么选择呢？,0,1,1
db_17b,02:12.0,02:21.8,啊你想单独建一个关系模式，它肯定是要唉有一些代价，是不是啊唉这代价？,0,1,0
db_17b,02:21.9,02:47.9,所以我们是建议是不用单独啊建立一个关系模式，啊所以对于一对一我们干脆就这样，对于初学者我们把它统一啊对于一对一和一对多的联系，我们不需要单独建立一个关系模式，那怎么表达两者之间存在这样一种联系呢？,0,1,1
db_17b,02:49.5,03:02.6,啊对于一对多的情况，我们把一方的那个实体的码copy进多方，表示他们之间存在有一对勾的联系。,0,0,1
db_17b,03:03.3,03:16.6,如果是一对一的情况下，那么你把任意一方的马copy进另一方都可以，那么具体是哪一方copy进哪一方呢？,0,1,1
db_17b,03:16.8,03:28.8,我们如果深入的讲，它是有一个我们知道联系一对一联系，有两边实际对于这个联系的参与的程度不一样，对吧？,0,1,1
db_17b,03:28.8,03:39.7,我们讲过一个职工职员拥有轿车，职员20个轿车，10个轿车对于这个联系的参与是全力的参与是吧？,0,1,1
db_17b,03:39.7,03:45.9,而职员对这个他是一对一，啊但是两个一的分量不一样，是不是？,0,1,0
db_17b,03:45.9,03:51.3,1个是全部的参与，10辆车参与，而这个职工有20个，它只是部分的参与对吧？,0,1,0
db_17b,03:51.4,04:12.6,所以它有个权重不一样，那我们就可以区别开把哪一个copy在哪一方，但是我们没有这样讲的话，你又可以任一方的组建copy到另一方，或者说你和用户沟通，啊比如说大家看我们7:28这个全局err，7:28的全局的家族。,0,0,1
db_17b,04:17.3,04:26.6,啊虚线上方虚线上方有没有一个多对多的联系双方？,0,1,0
db_17b,04:27.8,04:30.6,哪一个哪一个00克？,0,1,0
db_17b,04:31.1,04:40.6,嗯嗯供应商产品零件这三者之间的联系是一个多对多联系，对不对？,0,1,0
db_17b,04:40.8,04:46.6,那么他要单独建立一个关系模式，吧我们说多对多就要单独建立，是不是？,0,1,1
db_17b,04:46.7,04:51.6,发过来是不是单独建立了一个哪一个关系模式？,0,1,0
db_17b,04:54.3,04:57.8,嗯供应对吧？它放的是些什么属性？,0,1,0
db_17b,04:57.9,05:05.4,呢与这个联系相关的实体有三个，吧这三个实体的码放进来是吧？,0,1,0
db_17b,05:05.9,05:13.4,唉产品号供应商号和零件号完了以后就是这个联系自身的属性供应量法。,0,0,1
db_17b,05:14.1,05:28.7,好，除了这个以外，还有一个多对多的联系，虚线上面职工和产品之间它有一个多对多的联系，对吧？,0,1,1
db_17b,05:28.7,05:43.5,唉这个多对多联系是参加啊参加，嗯也就是说呃它有个属性就参加呃这个产品生产就是多少天数是不是？,0,1,1
db_17b,05:43.7,05:51.4,啊唉好，转换成多对多联系，单独转换成一个关系模式是什么？,0,1,0
db_17b,05:51.4,05:55.4,呢参加对吧？,0,1,0
db_17b,05:55.9,06:04.6,它分别放的属性是这两个实体的码、职工号、产品号和它本身的这个属性，对吧？,0,1,1
db_17b,06:04.8,06:10.8,如果这个联系支撑没有属性的话，那就是放这两个实体的码就行了。,0,0,1
db_17b,06:10.8,06:57.5,啊好，一对多的联系找一找曲线上面，部门部门和职工，啊部门职工啊部门和职工哪个是一方，部门部门是一方，一对多的情况下，我们不需要单独建立一个关系模式，但是我们把一方的竹马要copy一个在多方表示，脱贫到多方以后，大家看翻过来，那就说职工这个关系模式里面是不是应该有个部门号码，那么copy进来以后这个部门号是什么码？,0,1,1
db_17b,06:57.5,07:08.6,对了y码，这个通过外马和竹马来表示这两者之间两个关系之间的联系，对吧？唉有一种联系。,0,1,1
db_17b,07:10.8,07:30.8,嗯那么这个是一对多的情况，记住了一对多的联系，啊不需要单独建立的关系模式，把一方的码copy进多方作为外码，因为这个多方他自有自身的码是职工号对吧？,0,1,1
db_17b,07:30.8,07:50.5,唉那么部门号在其他表里面是做码的，他应该在这个表里面是y码，唉通过外码和主码来表达，这个职工是要属于某某一个子公司，要属于一个部门的，对吧？唉表达这样一种关系。,0,1,1
db_17b,07:50.5,08:13.6,啊好，那么一对一的联系，呢我们同样看到在部门和职工部门和职工这里啊注意，刚才啊刚才说我们在合并液压图的时候，我们原来的那个分压图里边，它这个职工这个实体自身有一个联系，对吧？,0,1,1
db_17b,08:13.7,08:24.3,就是领导与被领导他在合的时候，呢他把这个自身这个联系就变成部门和职工之间，啊部门和职工之间就是什么？,0,1,1
db_17b,08:24.3,08:31.9,呢就是说呃这个部门他应该有一个领导对不对？,0,1,0
db_17b,08:32.1,08:41.9,唉那这个领导和职工之间是一种领导与非领导的之间关系是不是啊是这种这样一种联系啊这样一种联系？,0,1,0
db_17b,08:41.9,08:53.8,好，那么这个一对一的联系，这个一对一是表示一个部门有一个部门经理是这个意思吧？,0,1,0
db_17b,08:54.3,08:58.8,反过来一个部门经理，因为一个部门经理属于职工嘛对吧？,0,1,0
db_17b,08:58.8,09:10.5,他又对应一个部门，所以这样一对一，吧好，我们说可以把任意一方的马copy到另外一方，那么在这个地方到底是把谁的码拷贝到哪一方？,0,1,1
db_17b,09:10.5,09:15.9,呢我们书上是把什么？,0,1,0
db_17b,09:17.1,09:27.2,把职工的号，当然这个职工号copy到部门里面，这个职工号就是经理的部门经理的职工号对吧？,0,1,1
db_17b,09:27.3,09:41.9,唉 Copy到这个部门里面，嗯这种做法是和用户沟通以后，在部门里边我是不是给出部门号部门名，然后给一个他的经理的职工号，是不是这样？,0,1,1
db_17b,09:41.9,09:49.1,要恰当一些，嗯对吧唉这样要恰当一些，这个要和用户进行沟通。,0,0,1
db_17b,09:50.0,10:26.7,啊唉好，那么我们书上分别啊讲的这些原则，唉我刚才啊把它说一下，我就不照着这个念了，啊那它实际上它说一对一的联系可以转化为一个独立的关系模式，也可以与任意一端对应的关系模式，就是一对一哪一端把这一端任意把这一段放在这一段，或者把这一段放在这一段，所谓的合并是把这一端的马copy到另外一端，啊科比到另外一端是这个意思。,0,0,1
db_18,00:03.6,00:26.3,嗯首先看这个阶段的任务是什么要做什么啊要做什么，还是这三个方面，一个是我们要做什么方法是什么，我们得到的是什么是吧？唉那么我们在这个阶段要做什么？,1,1,0
db_18,00:26.3,00:33.7,呢它实际上唉你把握住这两个，这一个是存储结构，一个是存储方法。,0,0,1
db_18,00:34.3,00:43.5,啊就是这个数据库啊它在物理设备上啊怎么存存储的结构是什么？,0,1,1
db_18,00:43.9,00:49.1,这个存储结构成立方法应该啊是两个不同的意思吧，能理解吗？,0,1,1
db_18,00:49.4,01:03.1,存储结构就是你比如说我在磁盘上面啊是是怎么呃是存的一个磁盘，两个磁盘，存在呃是放在一个物理块上面，还是说我们叫山区或者叫什么是不是啊唉这个怎么存？,0,1,1
db_18,01:03.5,01:17.4,那么存取方法就是我怎么去找到它，是不是啊唉比如说我们下面讲的哈希哈希就是通过一个函数算算出来，那个作为它的物质地址去找的它是吧？,0,1,1
db_18,01:17.4,01:20.4,唉那个叫存储方法啊存储方法。,0,0,1
db_18,01:20.6,01:26.0,好，注意不管是纯属结构还是纯粹棒，这句话很重要，它应该取决于什么？,0,1,1
db_18,01:26.4,01:28.8,很大程度上取决于什么？,0,1,0
db_18,01:29.9,01:32.4,嗯该不会是这个这个还搞不清楚是什么吗？,0,1,0
db_18,01:32.4,01:35.2,数据库管理软件有没有空间还搞不清楚。,0,0,1
db_18,01:36.0,01:40.7,数据库管理系统数据库管理系统是一个软件嘛对吧？,0,1,1
db_18,01:40.7,01:50.0,就像我们用的麦斯克是不是就是说很大程度上它是依赖于你所选择的什么数据库软件是吧？,0,1,1
db_18,01:50.0,01:56.6,唉好，那么什么叫做这个数据库的物理设计？,1,1,0
db_18,01:56.6,02:21.4,呢就是我们把上一个阶段所给定的逻辑模型，就是关一系列关系模式，吧唉我们为他们找到一个最适合应用要求的，啊最适合应用要求的一个物理结构的过程，那就是最适合应用要求的存储结构和存储方法的这样一个过程，我们称为什么？物理设计。,0,1,1
db_18,02:22.9,02:41.4,啊嗯当然在物理设计里边，我们除了要啊呃这个确定或者叫做设计它的物理结构和程序方法以外，我们还要对啊这第一步是确定存储结构和存储方法。,0,0,1
db_18,02:41.7,02:52.5,第二步呢就是要评价啊在物理设计里面的评价，我们的评价的指标呃呃一般是时间和空间的效益是吧？,0,1,1
db_18,02:52.5,02:57.5,而往往这两者有可能是矛盾的是吧？,0,1,0
db_18,02:57.5,03:05.2,就是说你比如说你时间上想提高效率快，那么有可能是以空间为代价啊。,0,0,1
db_18,03:06.7,03:28.7,关于这个评价是我们是有公式的，啊我们有公式我们这本教材的评价，他们接的接专业性学的教材里面，如果将来大家出去以后从事，它它是有一个工程是可以可以算的可以结算，嗯一般情况下我们都是会呃权衡以后，用折折中的方案对吧？,0,1,1
db_18,03:28.7,03:39.3,唉折中的方法，对号如果评价的结果满足原设计的要求，那么我们就可以进入到实施了是吧？,0,1,1
db_18,03:39.4,04:28.8,嗯如果是否则的话唉否则的话，我们就应该要重新修改它的物理结构的设计，甚至回到逻辑结构设计，啊甚至还唉再到回到概念结果，也甚至需求分析里的重新代理啊那这个就啊就花的时间就比较多了，啊所以我们之前说的需求分析很重要，啊需求分析好物理设计的内容和方法，首先我们看关系模式的存取方法存取方法啊存取方法，嗯在进行物理设计的时候，我们说它有一些前期的啊这个准备工作，前期的准备工作是什么？,1,1,1
db_18,04:28.8,04:49.9,呢就是说它两个方面，啊就是你前期你一个是要对应用环境要运行的事物呃要进行充分的了解啊，嗯了解的目的是为了获得选取物理数据库设计所需要的一些参数，我们待会看一下什么参数。,0,0,1
db_18,04:50.0,05:03.6,啊第二个就是要对你所用的这个关系数据库软件，啊一个是应用环境是的，一个是你所选取的这个关系数据库。软件管理系统这个软件是吧？,0,1,1
db_18,05:03.6,06:21.3,它的特点你要很熟悉，就是说这个软件所提供哪些存储方法和存储结构，是不是唉它能够提供哪些存储方的存储结果，很大程度上会决定了你设计的啊啊了解应用环境，我们说对一些啊我们的这个所要设计所牵涉到一些参数，我们来看一下啊参数，它也是两两个方面，一个是查询事物和更新事务里面所记录，因为查询事故你这个应用环境里边你要查的呃经常要查询的是一些什么关系啊什么关系，而且查询条件里边涉及到一些呃什么属性，你比如说啊我经常要在学生表里边一系啊作为查询的这个条件的属性，你比如说我要查计科系的学生，我查信息学的学生，噢经常要以细啊作为这个查询条件的数据，那么我在屋里设计的时候，就有可能把同一系的学生，我是不是就存放在一起，吧是不是？,0,0,1
db_18,06:21.3,06:23.5,这个是有关系的啊有关系。,0,0,1
db_18,06:24.0,06:34.4,还有一些连接条件，啊表与表之间有个连接条件，我们经常不是说、student、这个学号连到SC的括号是吧？,0,1,1
db_18,06:34.5,06:57.2,那个就是连接属性所涉及到的属性，啊在他在放这个属性的时候也也是啊有有一些办法的啊在后面看，还有查询的投影属性就是那个三那个后面的那些属性，啊更新也是这样，更新更新所更新我们说我可以插入删除修改是吧？,0,1,1
db_18,06:57.4,07:15.1,嗯它所涉及到的关系更新的时候条件是吧条件上面的一些属性，以及你这个修改数据的它的这个改变的这个属性值啊这个都都都都是它的相应的一些参数。啊对还包括什么？,0,1,1
db_18,07:15.1,07:32.4,呢不管是查询事故，根据事故哈啊这些事物在关系上运行的频率和性能的要求，唉就是它的呃这个也会在我们在物理结构设计的时候也是很重要的一个参数。,0,0,1
db_18,07:32.4,08:09.7,啊好，我们来看啊关系数据库物理设计的这个内容，我们首先来看这个存取方法啊存取方法，存取方法的选择，啊我们常用的常用的存取方法呃这么几个，一个是飞速飞虾，还有一个是哈希还有一个就是居处b数数据结构唉讲到了。,0,0,1
db_18,08:10.2,08:27.6,吧嗯唉好，这个不管是哪一种方法，我们说选择这个缩影方法是为了提高它的这个查询的速度，对不对？唉提高查询的速度。,0,1,1
db_18,08:28.0,08:54.2,那么我们面临的问题在物理设计里边，我们面临的问题是你该在一个关系里边，在哪些属性上面你要设计做影，呢啊呃那么哪些属性上面是要建立税，这是一个问题，哪些属性上面会建立组合术语？组合缩影是什么意思？,0,1,1
db_18,08:54.2,09:12.6,就是说它的缩影的关键字不止一个，啊你比如说由学号和课程号组合啊来来作为摄影文件里面的缩影条目，啊哪些摄影要设计为唯一性能啊唯一摄影，呢这都是我们在啊物理设计所遇到的问题。,0,0,1
db_18,09:12.7,09:44.7,啊啊一般我们说在这几种情况下，这里罗列了三种情况，哈这几种情况下我们会建立所有我们刚开始提出问题，就是在哪一些属性上面，我们会要设计这个缩影，啊第一种情况就是说呃在一个属性或者一组属性上，经常会在查询条件中出现，比如说刚才我们说的一系来进行查询好吧？,0,1,1
db_18,09:45.0,09:59.1,那么这个学生的系别这个属性，他是不是经常出现在查询条件上，啊啊那么我们就肯定在物理设计的时候，我们就会在这个上面建立数据，啊间接受益。,0,0,1
db_18,09:59.7,10:26.6,嗯比如说你要这个当然你要你要根据用户的需求来，啊因为需求他要做些什么查询，啊在业务这个操作的时候，如果说他啊经常以系别来进行查，或者以学生的年龄来查，啊或者以什么来查，那么你就要以经常他查的啊这个属性上面建立什么？建立缩影啊建立缩影。,0,1,1
db_18,10:27.3,10:37.8,嗯还有一种情况下就是说呃会出现在我们讲过聚集函数，吧就是求最大值，最小值就是max，是吧？,0,1,1
db_18,10:38.2,10:58.8,唉如果出现在这个聚集函数作为它的这个自变量的啊作为这个聚集函数参数的那个属性，我们求过这个最高成绩，学生的是不是最高成绩或者最低成绩，那么这个学生成绩的school，我们就会建议在上面要建立什么？,0,1,1
db_18,10:59.0,11:17.0,所以因为我们经常要查啊要做这样的操作，在这种情况下啊会第三种情况就是说出现在啊多表的连接条件上面的属性，像我们刚才说的这个符号对吧？,0,1,1
db_18,11:17.1,11:59.4,唉那么以这个这种属性我们也会设计啊在这个上面建立，所以啊这是给的这三种情况啊这个三种情况，当然这个是靠我们啊有多次这个你要做这个开发项目以后做几次也就会有这个经验啊经验经验，嗯但是我们之前也经呃也多次提过，这个呃缩影是在什么时候考虑，呢是在物理设计中就是现在啊要考虑缩影，那么是不是缩影建的越多越好呢？,1,1,1
db_18,11:59.6,12:20.0,唉答案是啊否的，啊因为我们这里说了缩影，它是会带来啊额外的开销的，啊因为这个缩影我们说表上建立缩影，它是一个缩影文件啊缩影，文件里边有缩影关键词，这个收银关是就是这个属性，它一定在收银文件里是排序的，对不对？,0,1,1
db_18,12:20.1,12:32.9,我们建立缩影，grid index是不是有升序有降序，吧就是你表里面数据可能在这个属性上面是没有次序的，但是你把它提取出来建立缩影，它一定是有顺序的，对吧？,0,1,1
db_18,12:32.9,12:39.2,唉然后它除了这个属性、呃受影、关节词以外，它还有指针对不对？,0,1,1
db_18,12:39.2,12:57.6,它是通过指针去找啊这个缩影关键呃词的关键字或者观呃这个条目的话，可以是一个属性也可以是组合属性啊也可以是组合属性，嗯而且呢你维护这个缩影是有开销的，因为什么？,0,1,1
db_18,12:57.6,13:06.5,呢你的这个缩影关键字是从这个表里的属性提取出来的，吧把它排序，你比如说我把性别提供出来鉴定摄影是吧？,0,1,1
db_18,13:06.5,13:13.2,唉那么如果这个表里边的数据修改了，你这个缩影要不要修改？,0,1,1
db_18,13:13.2,13:19.6,啊唉也要修改，或者说你这个里面插入了删除了，这个里面也要插入删除是吧？,0,1,1
db_18,13:19.7,13:26.6,唉所以这个维护是要开销的，而且你查找这个受理费你也开销吧是不是？,0,1,1
db_18,13:26.7,13:35.9,唉你要查找他，你通过缩影通过查找缩影再来找到这个数据，啊再来找到数据。,0,0,1
db_18,13:35.9,13:39.7,好哈希哈希的这个存取方法。,0,0,1
db_18,13:40.4,13:45.2,呃刚才我也说了，呃它应该是通过一个函数是吧？,0,1,0
db_18,13:45.2,13:49.5,它是函数，它是也是可以说是随机函数，嘛对吧？,0,1,1
db_18,13:49.7,13:52.6,求出一个地址是吧？,0,1,0
db_18,13:52.6,14:00.0,求出一个地址，就是我在存这个数据的时候，根据这个函数算算的这个地址来求来放这个数据是吧？,0,1,1
db_18,14:00.0,14:06.9,放了以后我要去取这个数据，我要去找，我还是按照这个按程序来去找到他。,0,0,1
db_18,14:09.7,14:31.4,好，他说了哈希呈现方法的这个规则，啊他说如果有关对于我们数据库而言，嗯如果一个关系的属性主要是出现在等值连接的条件中，啊这个我们大家都很熟悉等级聊天之中，或者主要出现在等值比较选择条件里边。,0,0,1
db_18,14:32.0,14:40.1,而且在这两个条件呃的情况下，啊这两个环境下，这两个环境是什么？,1,1,0
db_18,14:40.1,14:55.5,呢一个是说这个关系的大小可以预知啊相对来说是比较稳定一点，啊就是变化不是很大的情况下，啊我们采用这种呃发行程序。,0,0,1
db_18,14:55.6,15:19.2,另外的话如果是关系的大小动态变化，而且呢这个数据库软件、啊的、关系数据库管理系统、这个数据库软件又提供了这个动态哈希存储的这个方法，那么这种情况下，我们就可以选择啊选择哈希、索引、存取。,0,0,1
db_18,15:19.2,16:42.4,啊啊第三种是去处啊去处，我们在建立这个呃摄影的时候，我们说它的类型对吧有cast啊 Cast，那么嗯据处的意思呃之前也给大家说过，啊就是你比如说我们这里他书上有一个例子，啊他说呃现在要在学生关系里边，按照学生所在的系，就是用学生所在系那个属性啊呃建立建立这个缩影啊建立缩影，呃而且我们是要查信息性学生的啊所有所有学生的名单，啊那么假设啊这个地方写错了，应该是信息系，啊假设信息系有500名学生，啊那么我怎么放这五五百个学生的信心呢最极端极端的情况下，我们把500500个学生放在500个不同的物理块上，啊500个不同的物理块上面，那么他要做的这个 io操作就是 io就是输输出是吧？,0,0,1
db_18,16:42.5,16:44.6,唉那么至少是多少次？,0,1,0
db_18,16:44.6,16:47.4,500次对吧？,0,1,0
db_18,16:47.4,17:29.2,唉500，次但是如果我采用锯触，啊我把同一个系，因为他们都是信息系嘛500个学生，我要把它集中放在一起，啊放在同一个物理块上面，或者是集中地址连续的几个物理块上面，那么是不是呃就会减少它的什么io次数，吧唉这是所谓的巨促，啊这个就是把同一个系的学生园主集中存放啊集中存放，那么每多一个物理块，我们就可以得到多一个满足条件的这样的学生，对吧？就可以查得到。,0,1,1
db_18,17:29.2,17:32.3,唉那么减少了访问磁盘的次数啊。,0,0,1
db_19a,00:03.6,00:38.5,嗯好，最后的这个正式运行啊正式运行，也包括这个数据的转储和恢复，还有安全性完整性的控制，啊这个我都不再说了，大家可以去看一下在正式运行的时候，还有这个性能的监督分析和改进啊这个很重要，啊这个很大程度上这个数据库管理员的这个工作。,0,0,1
db_19a,00:40.2,00:46.9,好，数据库的重组值与重构，这个我得要说一下什么叫做重组值啊重组？,1,1,1
db_19a,00:47.2,01:06.7,就是这个数据库运行一段时间以后，啊由于这个记录的不断增删改这个数据，啊会使得数据库的物理存储变坏，啊从而降低数据库的存储空间的利用率和存储率，啊使得它的性能下降。,0,0,1
db_19a,01:06.7,01:15.3,那么这种情况下，我们会对数据库进行重组织啊重组织，它可能出现的是什么？,0,1,1
db_19a,01:15.3,01:27.8,呢全部重组织或者是部分重组，对部分重组织，那就只对啊经常做增删的啊那些表进行重组织。,0,0,1
db_19a,01:28.3,01:35.2,嗯从组织主要是指的什么呢什么叫重组织？,0,1,0
db_19a,01:35.3,01:40.6,就是说比如说我的存储的位置，之前我们讲过物理设计是吧？,0,1,0
db_19a,01:40.6,01:48.4,存储的位置要重新安排啊重新安排，再就是要啊回收垃圾是吧？,0,1,0
db_19a,01:48.4,01:52.8,像我们自己用的这个电脑，我们经常也是要清理一下是吧？,0,1,0
db_19a,01:52.8,01:58.4,唉要清理一下，减少一些指针，列这个叫重组值啊重组。,0,0,1
db_19a,01:58.8,02:11.5,而且数据库的重组织是不会改变，原设计的逻辑结构和物理结构不会改变，啊只是重新啊放一下来重新清理一下。,0,0,1
db_19a,02:11.5,02:19.4,啊但是呢如果你是重构的话就不一样了，啊注意重构和重组这是不一样。,0,0,0
db_19a,02:19.4,02:22.8,啊那么重构是个什么意思？,1,1,0
db_19a,02:22.9,02:34.2,呢就是说你的这个数据库的应用环境，就是你这个应用领域发生了啊发生了一些很大的变化，就是什么变化？,0,1,1
db_19a,02:34.2,02:45.4,有有些实体与实体之间的联系都变化，那么这个呃是不是就得需要这个数据库设计就是要重构了是吧？,0,1,1
db_19a,02:45.5,02:49.9,甚至说严重的情况下，啊你重构是什么意思？,0,1,0
db_19a,02:49.9,02:54.2,比如说要增加一些新的实体或者是新的应用是吧？,0,1,0
db_19a,02:54.5,03:31.2,唉或者是要取消掉某些应用，啊改变一些已有的应用，甚至严重情况下，那我就是那个就原来的就要重新来开发，啊重新来开发我是啊最近到校医院去我发现，唉我说你们那个好像是不是又做了新的系统，啊发现他们做了新的系统，唉嗯你看啊新的环境调整，数据和模式和内部模式模式和内部模式，全体数据的逻辑结构，类模式是存储结构对吧？,0,1,1
db_19a,03:31.2,04:05.7,增加三数某些数据项，改变一些数据项的类型，这都是根据应用环境的需要，啊增加了删除某个表，改变数据库的容量，增加了删除某些所有这都属于啊重构结构上面改变了啊重构，唉你看呃如果说这个变化太大，没有办法通过重构来满足新的需求了，那么我们就需要重新设计和开发新的数据库应用系统。,0,0,1
db_19a,04:10.1,04:28.9,好了，到这里为止，我们就是第七章全部给大家讲完了，啊第七章我们一起来回顾一下，是关于整个数据库开发的一个生命周期，就是数据库开发设计啊开发设计。,1,0,1
db_19a,04:29.3,04:45.7,其实很多同学啊有一种这样的错误的认识，啊我们以往学生，也就是说我们是不是应该要呃这个多啊啊进行一些这个软件的操作呀什么这些东西。,1,0,1
db_19a,04:45.7,04:51.0,啊我是这样觉得软件操作是肯定是也必须的，对不对？,1,1,0
db_19a,04:51.0,05:01.2,但是对于我们专业的学生来说，软件的操作说个实话，我们这样年轻人你给一个两三天的时间，他一下来就贵了，是不是？,1,1,0
db_19a,05:01.2,05:15.2,啊软件的操作不是一个你只是一个操作员，但是我们是一个专业的学生，啊所以这个专业的理论知识很重要，理论来指导实践你该怎么去做。,1,0,0
db_19a,05:15.4,05:21.2,你开发的数据库，你不是说你一上来就用软件去建互联网，没那么简单的事是吧？,1,1,0
db_19a,05:21.2,05:35.2,你是要经过我们说了有一个需求分析到概念结构设计，到逻辑结构到物理的这些设计的过程，是我们作为专业的学生我们要考的知道的是吧？,1,1,0
db_19a,05:35.2,06:06.1,唉应该去怎么去开发，啊怎么去开发唉所以我们这个第七章呢嗯他讲到我们作为啊数据库的这个开发设计者，那么你出去以后从事这个项目的时候，你的入手点就从需求分析开始，需求分析完了以后，对这个应用领域进行需求分析，然后把这个应用领域用一个概念模型描述出来，就是我们搞设计一个草图出来对吧？,0,1,1
db_19a,06:06.2,06:34.5,然后和用户进行沟通，交流以后，我们把这个呃草图转换为具体的关系模型，啊就是关系模式，然后用数据库软件去实现它，在实现过程当中，我们要设计我们怎么选取我们的存储方法和存储的结构，是不是啊唉完了以后我们进行应用程序的开发试运行以及最后的运行和维护。,0,0,1
db_19a,06:34.5,06:44.1,啊那么在整个这个开发过程中，我们其中在逻辑结构设计的时候，我们转化关系模式用到第六章的什么？,0,1,0
db_19a,06:44.8,06:54.1,规范化理论进行模式的优化，规范化理论第六章是两两大重点，就是一个是函数依赖，你要搞清楚对不对？,0,1,1
db_19a,06:54.1,06:58.9,因为你要分析的时候，你不知道什么是传递函数依赖，什么是部分函数依赖，那你就不行。,0,0,1
db_19a,06:59.4,07:10.7,唉一个是函数依赖你要搞清楚，再一个是范式你要搞清楚，啊至少到三范式，三范式是什么意思？二范式什么意思是吧？,0,1,1
db_19a,07:10.7,07:24.8,唉要搞清楚啊嗯这个第六章利用到第七章里边，而且我们第七章的重点在于两大部分，一个是概念结构，一个是逻辑结构，啊这是两大重点。,0,0,1
db_19a,07:25.5,07:34.5,啊之前呢我们第三章里边涉及到的啊就是数据库的标准语言是个语言，这个语言是说什么呢？,0,1,1
db_19a,07:35.5,07:47.1,就是说他把对数据库的这些操作也好，啊对数据库的定义也好，就是在语言上面数据库语言上面是如何来实现的是吧？,0,1,1
db_19a,07:47.1,07:54.1,唉因为我们在编程的时候马上要讲到的，编程的时候我们要用这些语言，是吧？,0,1,1
db_19a,07:54.1,08:00.5,编程的时候是用语言来完成这些操作，而不是说我这个交互式的在点鼠标来操作是吧？,0,1,1
db_19a,08:00.5,08:12.8,就是语言怎么来完成这个操作，因为这些操作你要写的程序里边，你是写好以后交给计算机，他按照这个程序去执行的，你这个时候人已经进不去了是吧？,0,1,1
db_19a,08:12.9,08:15.0,所以你的操作要变化成什么？,0,1,0
db_19a,08:15.0,08:17.3,变化成语言来描述，是不是？,0,1,0
db_19a,08:17.3,09:01.8,唉这个是第三章我们讲的是不一样，那么在诗歌语言的这个基础呢实际上是关系运算，所以我们第二章实际上讲的是关系代数，啊那么第一章它是一个呃全部的这个呃全部的一个概概论，啊那么它里面就很重要的就是一个数据模型和这个3G模式结构，啊包括数据库的基本的概念啊基本概念，这是我们整个这个呃内容，我们学的时候要细化深入把它分散，学完了以后我们又要把它相对呃融会贯通，要把它概括是吧集中起来，这样的唉做这个工作。,0,0,1
db_19a,09:01.9,09:37.1,啊好，下面呢我们本学区的最后一章啊最后一章就涉及到编程的部分，啊编程部分，我们仅仅设计这个和数据库相关的编程部分啊和数据库相关的第八章数据库编程，啊我们先来看嵌入式漱口啊嵌入式漱口，嵌入蛇口是什么意思？,1,1,0
db_19a,09:37.1,10:13.5,呢是把我们第三章所学的sq语句嵌入到一些高级语言里边，啊嵌入到高级语言里边，呃经常用到的，比如说c啊大家也学了c语言c加加或者Java，啊这些啊把词汇语句嵌入到里面，那么嗯这个高级语言我们把它称为这个主语言，啊称为主语言或者数组数组语言，啊就是称为主语言。,0,0,1
db_19a,10:13.5,10:33.6,啊比如说c语言我们称为主语，啊嗯那么我们把社会语句嵌入到主语言里面去，它执行的过程当中它怎么执行的？呢啊怎么执行？呢啊我们用这个图来表示。,0,1,1
db_19a,10:34.2,10:41.4,啊首先你给它的是一个含有社科语句的主语言，对不对？,0,1,0
db_19a,10:41.4,11:25.8,啊那么第一步是关系数据库管理系统，就是关系数据库软件，吧关系数据库软件它有个预处理程序，预处理程序他把迁入的那个思科语句唉先把它转化为和主语言一样的啊这个转化为和主语言一样的这种相应的这个程序啊一些，然后呢唉都变成主语言的程序啊，然后就有主语言，像我们c语言里面是不是有个编译是吧？编译系统是吧？,0,1,1
db_19a,11:26.4,11:34.8,编译系统来进行处理，这个时候他处理的时候是纯的纯的主语，语句啊就是比如说都是都是c了是吧？,0,1,1
db_19a,11:34.9,11:38.0,然后就转换成什么目标对吧？,0,1,0
db_19a,11:38.9,11:43.4,唉目标程序转化成可执行的程序可以执行，嘛对不对？,0,1,0
db_19a,11:43.6,11:46.1,唉是这样一个过程啊是这样过程。,0,0,1
db_19a,11:47.3,12:00.8,首先是数据库软件里边的啊预处理程序，去识别这个嵌入到组员里面这个搜索语句部分，啊要识别的时候，那它怎么去识别？,1,1,0
db_19a,12:00.8,12:09.3,呢我们说啊在形式上面，我们要看一下在主语言里边，你怎么看到哪些是circle语句，是吧？,0,1,1
db_19a,12:09.3,12:45.9,唉我们以c语言为例，在c语言里面，凡是出现社科语句的地方在收，在sq语句的前面它有个前缀，就是啊 Xq circle，exe CEA是因为x cue执行吧唉 xq的前4个这个字母，啊 exe EC xq circle，然后是circle语句，这个词汇语结束的时候是一个分号啊结束的时候是一个分号，那么你看噢这个地方就是是汇聚，我们待会有例子给大家看。,0,0,1
db_19a,12:45.9,13:01.3,啊好，主语言里边千套、这个 circle语句的形式，我们可以看到啊就一个是q circle，那么主语言和授课语句之间它应该是有通信的，吧这个好不好理解？,0,1,1
db_19a,13:01.9,13:04.5,他不会完全不搭界，吧是不是？,0,1,0
db_19a,13:04.7,13:13.4,唉你比如说我要把呃数据库提取出来的这个数据，我要传到组员去，是不是？,0,1,1
db_19a,13:13.4,13:16.5,要要之间要进行通信，是不是？,0,1,0
db_19a,13:16.6,13:19.5,唉就是我们之间是有关系的，对吧？,0,1,0
db_19a,13:19.5,13:22.0,唉有关，那么这个通性。,1,0,1
db_19a,13:23.4,13:30.2,呢我们来看一下啊嵌入式circle语句和主语言之间的这个通信靠什么去通信？,1,1,1
db_19a,13:30.2,14:04.4,有这么三个主要的啊唉三个主要的，这个我就不安排他这个一个去念了，呃一个是通过主变量啊主变量，这是一个啊通过主变量来进行通信，啊还有我先把这三个都说一下。,0,0,1
db_19a,14:10.4,14:43.1,第三个是游标啊第三个是游标，第二个呢就是还有一个还有一个circle通信区，啊 Circle中心区就是circle ca a啊 SQL通信区主变量游标靠这三个主要的对象，我们来进行主语言和sq语句之间的通信，啊 SQL语句之间的通信。,0,0,1
db_19a,14:43.4,14:58.8,我们一个个来说，啊嗯第一个circle通信区，这个通讯区就是一个呃一个区一个一个一个空间，啊这个好理解吧？,0,1,1
db_19a,14:58.8,15:22.6,唉一个区域，啊唉就是嗯这个区域呢我们可以啊设置一些呃一些马在这个区域里面通过这个码的值来进行测试，啊测试这个码的值我们来唉给我们的这个呃这个应用程序反馈一些信息。,0,0,1
db_19a,15:23.6,15:49.5,啊就是说你看啊通讯区的首先circle CS一个数据结构，它就是一个区域啊是一个区域，嗯这个区域里面它呃它它可以呃放一些呃变量，这个变量可以有一些值，我们提取一个变量测试，这个变量值就是可以给我们一些信息，啊就是对于它的这个码这个值。,0,0,1
db_19a,15:49.9,16:11.3,啊我们说一个社科语句执行完了以后，唉我们这个呃系统反馈给应用程序的这个泄密期是靠这个通信区的一些变量的值给我们反馈，就我们怎么知道1个4个语句执行完了以后会是什么情况，呢我就在这个通讯区里边测试和变量的值是吧？,0,1,1
db_19a,16:11.3,16:17.3,判断值是多少，我就知道噢这个执行的情况是怎么样，啊就这个意思啊就这个意思。,0,0,1
db_19a,16:17.8,16:44.3,它可以描述系统当前的工作状态，就是这个通讯区里边的一些变量，啊可以再一个它可以描述运行的环境，啊应用翻译这些信息会啊送到这个 Circle通信区里面，应用程序从深刻通讯区中取出这些状态信息，来决定我接下来唉该怎么做，啊这个叫做4个脱贫区。,0,0,1
db_19a,16:44.3,17:08.4,啊脱贫区呃通讯区的使用方法啊使用方法在这个主语言里边我们可以看到有通讯区的定义，这个定义也是xq开头xq circle，然后这个地方是incur啊 Cqc是不是？,0,1,1
db_19a,17:08.4,17:14.4,啊这是定义啊注意，这是定义的。,0,0,1
db_19a,17:15.9,17:43.3,啊呃通信区啊思科通讯区使用呢唉使用你看啊这个 Cqci中有一个存放，每次执行circle语句后返回代码的一个变量叫思考，唉可以根据不在三个星，然后这两者之间相当于括号一样的，这两者之间可以进行主变量和指示变量的定义，就什么类型啊变量，名是什么对吧？,0,1,1
db_19a,17:43.5,18:08.2,唉我们待会有例子可以看一看，啊主变量和指示变量在适合语句里边都要加上冒号，啊回到主程序就不需要冒号了，啊一定要注意，唉不要这个冒号和不加冒号，啊在c q语句里边一定要加个冒号。,0,0,1
db_19a,18:09.4,18:18.4,好，第三个进行通信的对象叫游标啊叫游标，这个游标是怎么提提出来的？,0,1,1
db_19a,18:18.9,18:37.8,呢啊你想想看啊我们根据我们数据库里面数据的特点，我们说数据库里边有一个学生表，我要查信息，学学生查出来的结果是不是一个原主的集合，吧唉你想想一个原主的集合，我应该用什么来接受它？,0,1,1
db_19a,18:37.8,18:46.6,呢啊你用变量去接受它，变量只能接受一个值，吧是不是？,0,1,1
db_19a,18:47.1,18:55.2,呃信息系学生，信息学生一行就有学号、姓名什么性别、年龄和，是吧？,0,1,1
db_19a,18:56.2,19:01.3,唉一行有多个值它又有多行。啊又有多行,0,0,1
db_19b,00:03.6,00:23.6,嗯下面我们再来看一个例题，这个例题是删除除什么？,0,1,0
db_19b,00:24.3,00:36.8,啊他没有说具体的，而是说在一个查询结果集里边，我们要根据用户的要求来删除某些学生的信息。,0,0,1
db_19b,00:38.0,00:42.0,啊唉在一个查询的结果及查询的是什么？,0,1,0
db_19b,00:42.0,00:44.8,呢查询是某个系的学生结果集。,0,0,1
db_19b,00:44.8,00:48.2,啊好，我们来看同样的道理。,0,0,1
db_19b,00:49.4,00:52.7,啊这个这个是说明什么？再一次强调。,0,1,0
db_19b,00:53.4,01:03.0,说明一个车口通信区域，然后说明主变量是不是啊唉有这么一个主变量，姓名。,0,0,1
db_19b,01:03.0,01:11.2,学号、姓名和那个学号对应的主变量，啊都加上 H啊加上h这个。,0,0,1
db_19b,01:13.0,01:19.8,是主变量，说明结束完以后。这个地方是一个。呃输入。,0,0,1
db_19b,01:19.8,01:23.3,你要查询的细对不对？,0,1,0
db_19b,01:23.3,01:26.6,呀唉在主程序里面输入要查询的细。,0,0,1
db_19b,01:26.7,01:29.6,然后这个地方是定一个什么？,0,1,0
db_19b,01:29.6,01:34.9,游标啊定一个游标和我们刚才那个修改不同的是什么？,0,1,0
db_19b,01:34.9,01:39.2,呢这个游标是接收一个查询的结果集是吧？,0,1,0
db_19b,01:39.2,01:46.2,查的是某一个系，学生表里面某一个系的学号、姓名、性别和年龄是吧？,0,1,0
db_19b,01:46.8,01:53.4,跟我们刚才区别是不知道大家还记不记得刚才的那个上面多一句，修改的时候多一句。,0,0,1
db_19b,01:53.7,01:57.0,噢唉多一句就表明修改啊不对的。,0,0,1
db_19b,01:57.0,02:03.8,是是某一是是修改的是学生的。年龄是吧？,0,0,1
db_19b,02:04.0,02:22.2,你看啊把它翻个前面看一下，刚才在定义游标的时候这个上面是不多一句，吧唉为什么他要因为你修改是修改哪一个属性链，这个要给出来，但是你删除的时候牵不牵扯到哪一个属性链？,0,1,1
db_19b,02:22.4,02:24.4,删除就这一行都删掉了，是不是？,0,1,0
db_19b,02:24.4,02:29.2,啊唉所以删除的时候不用写啊在游标那个地方不用写。,0,0,1
db_19b,02:31.0,02:51.8,游标经营的时候这个地方不要for什么什么啊那个地方有个for update of s8，啊有这种年龄，啊说明游标啊游标对应一个查询的结果集，然后打开这个游标啊 Open sx再紧接着进入循环。,0,0,1
db_19b,02:51.8,02:56.8,啊也就是说这个肺去取是一个循环的取是吧？,0,1,0
db_19b,02:57.1,03:23.0,唉每循环一次先推进指针，因为他最开始打开时候，指针在第一条记录的上面，所以开始推进推进的时候指向第一条，啊在循环的时候也是先推进到第二条，先推进一行，然后取取这个游标指向的当前行的记录值into。不给这些主变量。,0,0,1
db_19b,03:23.4,03:36.5,啊这个注意啊泛起由标明into主变量啊这一边，同时取了以后这个操作成功，没有我没有被依附语句是吧？,0,1,0
db_19b,03:36.8,03:41.6,唉如果是靠通讯区里边的这个靠的这个变量。,0,0,1
db_19b,03:42.8,03:48.2,不等于10个s我们就跳出不等于10个x就取取没取成功。,0,0,1
db_19b,03:48.6,03:57.7,也就是说他取了结果集的最后的下面是吧？没有记录。最后一条记录的下面。那就没有是不是。,0,1,1
db_19b,03:57.8,04:11.5,啊没有这个退出存款，啊否则的情况下就执行成功执行成功的情况下，输出这条记录输出这条记录，紧接着问是不是要删除？是吧？,0,1,0
db_19b,04:11.9,04:22.8,唉你从界面上敲一个y或者是n如果是敲的y表明要删除，吧所以我们这个地方就牵住delete对吧？,0,1,0
db_19b,04:22.8,04:25.1,Delete from student。,0,0,1
db_19b,04:25.5,04:27.8,从这个表里边删除。,0,0,1
db_19b,04:28.8,04:33.4,什么删除邮表里面当前的记录。,0,0,1
db_19b,04:33.5,04:38.9,啊因为这个表里边的记录查出来放在游标里面对是不是？,0,1,0
db_19b,04:39.1,04:43.5,啊那么你删他删的这个表这个表里面的是取。,0,0,1
db_19b,04:43.5,04:47.4,出来放在邮表里面的当前记录。不管。,0,0,1
db_19b,04:48.8,04:58.7,删除还是修改。这个地方都要写上where current和白色这句都要写。啊区别在什么地方？,0,1,0
db_19b,04:58.7,05:04.9,区别是刚才定义游标的时候，定义游标的时候删除。,0,0,1
db_19b,05:04.9,05:09.6,不用写下面那个啊修改，要写for。,0,0,1
db_19b,05:10.0,05:18.2,啊对of什么属性上面的指标修改啊唉这个区别啊这个区别。,0,0,1
db_19b,05:19.4,05:27.3,这个地方都条件，这个地方都要写，是当前邮票的当前记录要删除，或者邮票的当前记录要修改，为什么？,0,1,1
db_19b,05:27.5,05:35.6,年龄是吧修改为成绩好，完了以后我们要关闭游标啊关闭游标。,0,0,1
