dbor_1,00:00.5,01:10.1,首先我们要想谈一下数据库原理是一个什么样的课，为什么要学习数据库？,1,0,0
dbor_1,01:15.1,01:21.9,我们这一代同学啊大家都说大家是数数据时代的怎么样？啊原居民是吧？,1,1,0
dbor_1,01:22.4,01:29.2,我们是我们从出生开始很小的时候，桌面还不会走路，都会玩玩iPad，会玩智能手机，然后我们的生活无时无时无刻的不和信息化绑在一起，不和信息系统绑在一起。,0,1,0
dbor_1,01:29.2,01:43.8,我们从小学初中我们都在学数据、嗯数学、计算机相关的课程，那么大家知不知道我们的哪样一些我你用你用的软件，它的哪一部分和数据库会绑在一起，呢是在数据库的支撑下呢。或者是。,1,0,0
dbor_1,01:44.5,02:05.3,好，我们第一个方面已经开始发言了，后台数据好，你你听说过你某些数据库没有有没有你你知道的。,1,1,0
dbor_1,02:05.8,02:17.0,哈豆腐哈豆腐？,0,1,0
dbor_1,02:17.1,02:19.1,嗯你说了一个很好的东西，但是是目前我们可以把它交也可以不交，啊我们再找还有个同学很好，回答得很好。,0,1,0
dbor_1,02:20.1,02:27.7,嗯还有谁来我们但呃我刚才最记住的很容易记住的名字，他们说叫你什么？蛋蛋，还有什么？是谁？,0,1,0
dbor_1,02:28.2,02:38.1,呀你是你刚才跟我说的呀你的饭很好记，是吧你对的。,0,1,0
dbor_1,02:38.1,02:43.9,嗯噢游戏都有一个数据库。,0,1,0
dbor_1,02:44.5,02:48.1,游戏都有一个数据库，记录一些什么东西。,0,0,1
dbor_1,02:48.4,02:51.0,记录框架的决策信息以及对，主要就是玩家休息很好很好。,0,1,0
dbor_1,02:51.0,02:58.0,对都答得很好，坐下来，还有嗯你们好。,0,1,1
dbor_1,02:58.0,03:04.6,我觉得那个嗯一般一个网站或者一个应用的嗯，它的用户的用户名密码和相关的一些安全验证，比如验证手机啊验证的邮箱啊这个应该也是用数据库存，我密码应该是用密文存储的。,0,1,0
dbor_1,03:05.1,03:28.7,好，这样其实何老师已经面临挑战了，啊今天回答的几个同学讲的东西都讲得很好，其实我就有压力了知道吧？,0,1,0
dbor_1,03:29.0,03:38.0,因为以前好多届在前面一些届的学生可能问的这些问题，学生不知道何老才可以怎么样啊继续去讲是吧？,0,1,0
dbor_1,03:38.3,03:46.7,但是我们现在的学生已经知道了很多了，嗯那我就说一个概括性的话，数据库是现。,0,1,0
dbor_1,03:46.8,03:55.9,刚才大家去看了三级模式，二级映射数据库系统的体系结构是吧？,0,0,1
dbor_10,00:00.1,00:08.9,我们上一章讲过的，那么落实到具体的水库标准来，呢这个体系结构呢稍微有一点点区别，它能让我们说有模式外模式内模式对不对？,0,1,0
dbor_10,00:08.9,00:23.8,啊嗯这个外模式就相当于我们在前面谈的什么子模式，吧外模式是不是那个子模式刚才。,0,1,1
dbor_10,00:23.8,00:35.2,大家看的。,0,1,0
dbor_10,00:36.6,00:39.2,模式是全局用户的整体的逻辑结构，对不对？,0,1,0
dbor_10,00:40.0,00:44.8,然后我们有个别用户的数据视图就是y模式或者子模式，是不是？,0,1,0
dbor_10,00:44.8,00:50.0,啊然后呢这底下是类模式。,0,1,1
dbor_10,00:50.0,00:55.3,好，大家看看从这个内模式来，我们先看内模式，吧实际上这里有一个在真正存储文件，其实我们用户不用管的是由DBS管，对我们用户是透明的，那么它有可能是几个基本表都等于放在一个存储文件上面在是吧？,0,0,1
dbor_10,00:56.3,01:16.4,也有可能一个计分表是一个存储文件，不同的dbms有不同的设计策略，好，模式是什么呢？,1,1,0
dbor_10,01:16.6,01:25.8,是那大家从这里可以看出来，在SQL源里面一个数据库的逻辑结构叫模式，模式是由什么组成的？,0,1,1
dbor_10,01:25.9,01:37.8,基本基本基本表组成的吧模式就是基本表的集合，要有这个概念，啊你马上学数据库定义语言就是这样写，就这样支持这个去实现的。,0,1,1
dbor_10,01:39.2,01:51.1,模式是整个逻辑结构，它是一些基本表的集合，实际上大家看模看，模式本身也就是一个命名空间，有没有？,0,0,1
dbor_10,01:51.5,02:01.8,我就把这一堆集合，这一堆基本表我给它命一个名，是不是啊它是不是一个命名空间？,0,1,1
dbor_10,02:02.1,02:09.6,啊嗯好，y模式呢是个别用户的数据视图，我们这个里面呢画的是用石括源来访问数据库，实际上我们也可以用别的东西来访问，是不是？,0,1,1
dbor_10,02:09.6,02:23.1,啊我们现在就只谈洗课员来访问这个里面的y模式，大家注意到没有，和我们前面谈的有点是有很大的区别的。,0,1,1
dbor_10,02:23.2,02:35.2,我们之前就是说在那个第一章的时候，所有的程序都只能访问什么样？,0,0,1
dbor_10,02:35.8,02:43.8,啊 Y模式，对不对？,0,1,0
dbor_10,02:43.8,02:47.7,大家看这里程序可以访问什么？,0,1,0
dbor_10,02:47.7,02:49.9,模式可以读基本表，是不是？,0,1,0
dbor_10,02:50.5,02:52.7,啊还要可以读试图这里就是我们在这里要出现的一个新的概念，视图的概念。,0,1,0
dbor_10,02:52.7,03:02.0,这个视图呢是从基本表映射出来的一个值表，所以说这个外模式作为每个用户来说，它的外模式其实现在是改变了我们是靠授权的机制，不是说跟以前的以前比如说啊是一个模式，然后不同的用户我要专门为它定义出一个子模式出来，然后这个用户写程序访问他，我们现在不是这样，我们是会定一些基本表在基本表上有视图，然后用授权的机制，就安全性完整性，啊就是说你是一个用户，我允许你用哪些数据用授权的机制来实现对这个用户的权利的或者用户可看的数据库范围的限制，用视图来实现子模式。,0,0,1
dbor_10,03:02.8,03:54.7,好，这是刚刚才要大家看的这样的一个对比。,0,0,1
dbor_10,03:54.8,03:58.6,我们这在这一章呢我们要用的案例数据库呢仍然是学生课程数据库，所以大家应该记得能够记得住是吧？,1,0,0
dbor_10,04:06.5,04:15.6,它的模式我们给它取名叫ST，有一个学生表是标准的，有一个什么？,1,1,0
dbor_10,04:15.7,04:21.1,呀课程表，有的ac表有这样一些数据属性，那这一些我们说过这样一些表的定义叫这个数据库的什么？,0,1,0
dbor_10,04:21.1,04:34.2,呀模式。,0,1,0
dbor_10,04:34.2,04:36.5,好，它的一些具体的值就某一个时刻的状态，比如说student对应一个表是吧？,0,0,1
dbor_10,04:36.9,04:44.6,Cos对应一个表，这个具体的值，ac要对应一个表，社交的它的什么？,0,1,0
dbor_10,04:45.9,04:52.6,呀数据库的一个叫模式，一个是形还有什么？呀直。,0,1,0
dbor_10,04:52.6,04:56.7,那么形是固定的，值是什么？,0,1,1
dbor_10,04:57.6,05:01.0,所所以时间变的啊记得这些。,0,1,1
dbor_10,05:01.1,05:04.3,好，我们说关于数据库的语言习惯语言，他要在这里我们要谈在这一章我们要介绍哪些呢？,0,0,1
dbor_10,05:05.8,05:13.9,数据d语言数据查询、语言数据更新、语言还是图，而我们重点和难点都在数据查询，其他的地方的话呢都会很快的过去，我们已经是大二下的学生了，学习语言我们是比较容易的了。,1,1,0
dbor_10,05:14.0,05:33.4,啊好。,0,0,1
dbor_10,05:33.4,05:36.0,先介绍数据定义语言，数据定语语言的作用，呢它实际上就是帮你把这个数据库的模式把它描述描述去了出来，这就是定义。,0,0,0
dbor_10,05:37.0,05:49.3,那么我们在里面定义的对象可以有几个，呢一个是模式还是还有表，还有4图，刚才看了啊看到那个结构了，吧模式表示图这里还有一个可以定义索引，所以呢虽然不是三级模式结构中的，但是在操作当中很重要，通过建索引和可以提高数据库的查询的速度，所有操作的速度，所以加了一个索引。,1,0,1
dbor_10,05:49.5,06:18.1,大家看建立什么什么都用了一个什么词，啊 Create都是这个核心动词是吧？,0,0,1
dbor_10,06:18.5,06:25.2,见Schema、见table，creative view，试图见索引删除都用了一个什么词？,0,1,0
dbor_10,06:25.4,06:32.0,Job，我们就九个核心动词，是不是？,0,1,1
dbor_10,06:32.0,06:35.0,然后还可以修改，大家有没有注意在这个地方没有修改什么的功能？,0,1,0
dbor_10,06:35.7,06:42.1,没有修改模式的功能，没有修改什么vivo的功能，那么呢在c括圆里面是是没有专门提供修改模式的功能的，因为我刚才说了一句话，模式本身是一个什么样？啊命名空间。,0,1,0
dbor_10,06:43.0,07:01.0,如果说你说我这个模式不要呃有问题，你就把它怎么啊交付掉，删掉你重新再什么呀再建一个，而表呢你是可以改的，比如说我一开始建这个表，我定义了4个属性，后来觉得我要增加1个属性，你是可以改它的结构的。,0,1,1
dbor_10,07:01.4,07:21.1,啊噢在这里我想跟大家强调清楚，这里的这些定义只是把这个表的结构定义出来了，看点里面有没有数据？啊没有。,0,0,1
dbor_10,07:21.1,07:33.3,的，好，那么在里面我们就简单介绍一下模式的定义和删除是怎么做的，基本表的定义删除和修改，所有的建立和删除。,0,1,0
dbor_10,07:34.8,07:46.0,实际上呢语法我们简单看一下，我们有些老师，呢也就是说可能就大家大家不太清楚的地方会提示一下，还有一个呢你会看到这里讲的呢都是行会员让我们定义的一些语法的语句的标准，但是大家真正去上街的时候就不是不需要写这些语言了，不需要写这，因为现在的DB MS都提供了很好的环境，都是一种所见即所得的模式，就是怎么样啊点哪个按钮建什么点哪个按钮建什么，是这样吧？好，那大家说。,1,0,1
dbor_10,07:46.2,08:25.9,老师既然这么简单点，哪个按钮键什么，那你们还要跟我们讲语言，呢还我还要掌握这些语法干什么？,0,1,1
dbor_10,08:26.0,08:33.6,呢有没有思考这些问题？,0,1,0
dbor_10,08:33.6,08:37.7,啊就说比如说大家用耳塞用什么数据，我建一个表，我点一个按钮它是不是就开始填了？,0,1,0
dbor_10,08:38.6,08:44.6,呀都是这种实验计所得的模式的，有这样。,0,1,0
dbor_10,08:44.6,08:48.8,啊第一我们要了解清楚模式基本表索引它的内部是一个怎么回事，这个按钮点一个按钮可以提供什么功能是吧？,0,0,1
dbor_10,08:48.8,08:58.7,还有呢事实上如果你要真的做一些很复杂的系统的时候，你比如说你就在程序里面需要去建表，你就在一旦程序里面需要去建表，这个时候你能写一句点按钮，啊不能你需要什么呀写语句，吧所以这所有的这些东西对于我们计算机专业的学生来说是要掌握的。,0,1,1
dbor_10,08:59.1,09:23.7,给大家说一下，啊一定不是说在数据库当中所有的表都一定是事先都建好了的，我们有很多东西是会在动态的，是会在比如说在运行过程当中，一个程序运行过程当中需要再去建的。,0,0,1
dbor_10,09:26.6,09:40.6,好，接着讲，那么定义一个模式的基本语法就是这样的，create Schema，这是前面的标准词，对不对？,0,0,1
dbor_10,09:42.5,09:54.1,然后这里取了一个模式名，我证明我再三强调就是一个命名空间，不要去想了特别多，它是靠里面的什么呀啊、图表、啊视图啊等等这些去组成的。,0,1,1
dbor_10,09:54.1,10:08.8,然后这里有一个授权用户，authorization，王这个王是取的名字，是有这样是给王这个用户是王这个用户定义了一个模式，这里就要出现了一个概念，用户名是什么意思？,0,0,1
dbor_10,10:10.2,10:26.5,我们后面会发现在数据库当中，他讲他安全性的控制的时候，是首先是定义了用户，这个用户呢又定义了不同的权限，然后还有他的密码，然后他再去建数据库，再去访问数据库等等。,0,1,1
dbor_10,10:27.4,10:44.3,在数据库当中它的安全性是靠用户来定义的，后面有一张专门讲，我们现在就是说假设存在好不好？,0,0,1
dbor_10,10:44.5,10:52.9,你们去上机的时候会发现我我们会布置一个作业，今天呢就是呃上机完了之后形成之后完了之后，你去跟我帮我把洗馈思维理念的，就是我们具体的操操作环境，实验环境当中的这样的一些模式是怎么对应的，数据表是怎么对应的，这样的理论和实际怎么样啊去分析一下对应一下是怎么回事。,0,1,0
dbor_10,10:58.7,11:26.5,好，我们有了这个模式这样一个命名空间，那么我们就可以用这个命名空间来管理在这个下面的所有的东西，那么所有东西有哪一些，呢比如说有数据表，吧嗯有有基本表，有示图吧有所索引，吧我后面还会定还会定义很多，比如说我后面去定一些完整性，啊定义一些什么东西啊等等，全在跟这个数据库相关的，全在这一个模式这个命名空间下来管理，你还可以写存储过程，还可以写很多东西，这就是它的作用。,0,0,1
dbor_10,11:26.9,12:07.3,啊噢在定义模式的同时，呢我们可以把表也可以建，我们也可以这样，我们先建完模式再单独建表也可以。,0,0,1
dbor_10,12:07.3,12:18.9,我们也可以在建模式的时候呢同时建表，像这条语句，比如说我建一个模式叫test，然后在底下建了一个基本，表table一什么什么。,0,0,1
dbor_10,12:19.0,12:30.2,好，要删除模式，呢刚才我建模式说清楚没有，模式是干什么的，一定要清楚，它就是一个命名空间，噢赞助模式叫做Java是km，这个模式名大家注意这两个词，这两个词我们后面经常要用一个叫case的叫级联，一个叫restrict，就开始k的呢它几年是这样，就是如果我要删除一个什么？,0,0,1
dbor_10,12:31.3,13:03.4,啊我要删除它，那么它底下千丝万缕挂着的各种各样的对象就统统怎么样？啊删掉。,0,1,0
dbor_10,13:03.4,13:12.1,这是一种，还有一个呢叫restrict，restric的话就是说如果底下的的所有的对象没有酸干净的话，它就是不能删的受限的它要互相制约的。,0,1,0
dbor_10,13:12.4,13:26.9,这两个词开始k的和restrict，后面我们讲述很多很多的问题的时候都是这样的词在用，就是说水客源这一点它就是非常好，不是会让你去记很多好。,0,0,1
dbor_10,13:30.3,13:45.0,模式已经说了，啊那么我们基本表的定义删除和修改，呢我们来看一下基本表要建立的一个基本语句是这样，语法是这样，create table。,0,0,1
dbor_10,13:50.5,14:02.6,建表可是at the，table建表很简单，嘛你要取一个名字，然后这里要有列，就是我们的属性要取名，好取名完了之后这里有一个数据类型，这也是我们大家要去学习掌握的，我们知道数据库当中有域的概念取值范围是不是？,1,0,1
dbor_10,14:05.1,14:23.0,啊那么在这里的体现就是数据类型，我们在生源里面我们学过很多种数据类型，整型实行字符型等等，吧那么在数据库里面这个数据类型会比它丰富很多。,0,1,1
dbor_10,14:23.0,14:37.9,好，这里呢有列级完整性约束条件是什么意思？,0,0,1
dbor_10,14:38.4,14:43.2,呢既然你在定义这个数据类型这一个数据线的时候，你就可以把它的约束把它写到这里，有很多种定义完整性约束的方法，后面有一张专门讲，在这里我们就是简单的略过，这除了在一一列一列的时候定义完整性，也可以把这一列都写完了。,0,1,0
dbor_10,14:43.2,15:05.9,我来整体的来谈这张表有些什么完整性，比如说它的码是什么，呀它参照完整性是什么？呀实体完整性是什么？,0,0,1
dbor_10,15:06.0,15:14.3,呀也可以用这样的方法来写。,0,1,0
dbor_10,15:14.3,15:19.6,噢比如说我们在这个例子当中，啊就是我们数据库是不是三张表，啊我们用的见识丢人的表，第一个字段叫学号，字符型的9位，大家看这这里我们用了1个primary，可以说它是竹马，记不记得竹马的概念？,0,0,1
dbor_10,15:20.3,15:39.1,好，如果我定义了它的主板的话，就是这里它是有一个什么个什么约束？,0,1,1
dbor_10,15:39.6,15:46.0,不能去空，不能为空是吧？实际完整性。,0,1,0
dbor_10,15:46.0,15:51.1,好，今天的学生名字字符形20位这个加了一个什么呀 Unit？,0,1,0
dbor_10,15:51.1,15:58.0,这也是它的这种词我们叫做什么？呀我们学过没有？,0,1,0
dbor_10,15:58.3,16:03.0,以前在叫做什么？,0,1,0
dbor_10,16:03.0,16:05.6,呀保留字，吧我们原来学语法的时候是经常说的是吧？,0,1,0
dbor_10,16:05.7,16:11.4,说明这个名字要取什么？,0,1,0
dbor_10,16:12.6,16:14.9,呀唯一值，但是有没有要求他不为空，啊它和它的区别有什么？,0,1,0
dbor_10,16:14.9,16:24.5,学号和在这个表的定义，呢当中学号和名字有什么区别？,0,1,1
dbor_10,16:24.5,16:30.2,学号不能够学号不能为空，还必须是什么？,0,1,0
dbor_10,16:32.0,16:35.4,呀唯一的，但这名字只是要求他什么？呀唯一的，没有不为空。,0,1,0
dbor_10,16:35.9,16:41.4,啊字性别字符型的两位，连接小整数全所在的系，这不行的20位。,0,1,0
dbor_10,16:42.3,16:51.6,好，这就建了一个表，这是一个基本的课程表。,0,0,1
dbor_10,16:51.6,16:58.6,我们再看一个这里课程表怎么建？,1,0,1
dbor_10,16:59.1,17:03.0,课程表，create table，课程学课号是它的什么？,1,1,0
dbor_10,17:03.0,17:08.2,呀竹、马、课、名，学先修课学分，大家注意这里这foreign key我讲过没有？,0,1,0
dbor_10,17:08.2,17:19.2,外码吧外码外建就是课程的CPA，课程的先修课一定是要参考什么？,0,1,0
dbor_10,17:19.6,17:32.8,呀课程表本身的CEO，唉同学们这里有没有点问题？,0,1,0
dbor_10,17:32.8,17:37.7,啊有没有问题？,0,1,0
dbor_10,17:37.7,17:41.1,这个表它的参照完整性，是不是就是还是利用了表自己的？,0,1,0
dbor_10,17:41.1,17:48.6,呀嗯我不知道有同学注意到没有，这里也是课程，这里也是课程自己，就是说我一门课的宣秀课，宣秀课的话，一定还是课程表当中有的，吧人们是没有的，呀不能，但是有没有课可以说我没有先修课？,0,1,0
dbor_10,17:48.6,18:10.7,可以的，吧那么如果没有先优课，它的值为什么？,0,1,1
dbor_10,18:10.9,18:16.0,空注意啊它这个外码是在这个表自己内部的。,0,1,0
dbor_10,18:16.6,18:21.3,好，在第三个表ac Biao，他学号cca好成绩，大家注意这个时候它的竹码怎么定义的？,0,0,1
dbor_10,18:26.8,18:36.9,呀他专门写了一条语句，竹马是学号课号，他用表记完整性来写的，他能不能在这里写？,0,1,0
dbor_10,18:36.9,18:45.4,啊比如说我不用这样写，我在学号后面写个竹马primary可以在课后后面写个primary可以可不可以？,0,1,0
dbor_10,18:45.4,18:52.6,啊不可以不可以的，它一定是两个连在一起的，吧然后它的外码带菜单完成性有两个，啊第一个学号，冰心必须是student表当中有的学号，课号必须是什么？呀课程表当中有的课号。,0,1,0
dbor_10,18:52.6,19:11.0,好，这样一个定义是不是把我们的三张表都定义清楚了？,0,1,1
dbor_10,19:11.7,19:15.9,我们想谈一下数据类型，在数据库当中的数据类型，啊它会比比这个10亿元啊高级语言它要多很多的字符型的这个大家都明白对不对？,0,1,0
dbor_10,19:18.6,19:31.9,可变长字符串和这两个的区别在什么？,0,1,0
dbor_10,19:32.3,19:36.8,这两个有什么这，两个有什么区别？,0,1,0
dbor_10,19:36.8,19:42.0,比如说我要是定一个学生的名字，你们觉得用哪一个是用这个好还是用这个好？,0,1,0
dbor_10,19:42.1,19:50.2,下面上上面。上面。,0,1,0
dbor_10,19:50.2,19:53.6,你们原来学过没有？寺园里没学过这个没有可变长字符串。,0,0,1
dbor_10,19:54.7,19:59.3,好。好，然后我要说我想要描述一个人的兴趣爱好或者他的特点有哪一个？好。,0,1,0
dbor_10,20:01.3,20:11.3,那为什么。呢可变长可变长？,0,1,0
dbor_10,20:12.5,20:16.4,啊那么因为我们的名字本身是可以固定长度的，是不是？,0,1,0
dbor_10,20:18.0,20:22.9,啊比如说8位，比如说我们一般中国人最多，现在已经不行了，啊因为现在这一代人的取名好像以前的时候我们跟大家说就最多4个汉字，那我就定义8位对不对？,0,1,0
dbor_10,20:22.9,20:35.7,现在好像可以，大家有取蛮长的，噢那我们还是按照历史，吧那么因为我可以固定明智的长度大致差不多，我就定一个这么宽的，这样一来的好处是不是也可以省空间那管理上也很方便一些控制，然后可变长的，呢比如说我的我刚才描述一个人的兴趣爱好的时候，是不是啊它可能就是一个比较长，它也不会蛮长，或者最多你自己选用256个，是不是就可以字符串串可变长，那么你是多少就是多少是吧？,0,1,0
dbor_10,20:36.1,21:18.0,这好孩子这不行的。,0,1,1
dbor_10,21:18.0,21:20.3,大家看这里还有一个字符串，大对象还是干什么？,0,0,1
dbor_10,21:20.6,21:25.0,呢都是字符型的，比如说我现在想把一本书放进去，有个这种情况，啊现在是数据库里面我要管理一本书，这本书是不是全是文文字啊全是文全是文字，或者是要管理一个学生的简历，他有很多文字或者要是我论文，一篇论文全是文字的论文，大家说我用可变长好不好搞？,0,1,0
dbor_10,21:25.5,21:51.3,啊也不好，啊到底有多长呢？,0,1,1
dbor_10,21:51.9,21:54.2,我给他留很大很大是不是很浪费我空间，啊那么这个我就可以用一个什么样啊大对象，它又是有另外的模式去管理，实际上在数据库当中它往往是会用一个指针，然后再去由文件由文件系统给它提供空间去管理，说清楚没有？,0,1,0
dbor_10,21:54.3,22:16.4,所以说是字符型的是不是会已经有变化了？,0,1,1
dbor_10,22:16.7,22:20.2,这里还有一个大对象blob呢就是比如说你有一些不是数据，它是二进制喂一样的，嘛它实际上用来处理一些嗯跟图形图像等等这样一些有关的一些东西。,0,1,0
dbor_10,22:20.6,22:35.2,啊好，整形这里有长整形短整形是吧？,0,0,1
dbor_10,22:35.2,22:42.4,那么我们现在就是说有的一些东西，比如说我们学号到底是选择字符型的呢还是选择整形数呢？,0,1,0
dbor_10,22:42.5,22:52.8,嗯是不是。各有利弊？,0,1,0
dbor_10,22:53.6,22:56.3,啊字符型的呢就是有一些字符串的操作，比如说取中间几位取后面几位是吧？,0,1,0
dbor_10,22:56.4,23:03.3,那么数数字型的说不定可以支持一个运算或者一些别的，所以说根据你实际需要。来这个理论。,0,1,0
dbor_10,23:03.4,23:10.4,好，这几个我们都学过了，啊什么实行双进度f点，这还有一个叫日期型的，因为比如说你出生日期出生年月日，那就是日期型的，还有呢时间几点几十几分时间型的，那么在这个里面就会又要一个注意，但是在输入的时候，假设你的日期的格式定义的是我不知道你们在操作遇到过没有，比如说你定义的是月、月、日、日、年年，假如你定义的是这样的，假设你的日期格式是先是月再是日再是年，啊好，但是我输入，那么这个月的话它会自动控制有多少个月？,0,0,1
dbor_10,23:10.9,23:58.9,啊1~12这个是多少？,0,1,1
dbor_10,23:58.9,24:01.4,啊1~31是吧？,0,1,0
dbor_10,24:01.4,24:03.7,那我要是写错了，我的31 13 11 12、2017这样进不进得去，啊进不去的，为什么呀没有？,0,1,0
dbor_10,24:03.7,24:18.1,31个月，所以说呢日期型的呢它会和会和你设的格式是有关的。,0,1,0
dbor_10,24:18.5,24:26.1,在一个具体的DBS当中，你去你是可以去它有地方让有开关让你去设，你这个采用什么的日记格式，时间这也是有了，啊还有这个时间戳是什么呢？,0,0,1
dbor_10,24:26.2,24:42.1,因为我们大家在any time Step唉 time step就是时间戳时间戳它干什么？,0,1,0
dbor_10,24:42.2,24:50.4,呢他实际上要记录，比如说我们做审计好吧或者干什么，几十几分有个能做了什么，他是把那个时间错的这个数据取下来，啊时间错是系统的值，取的是系统值，他把他把这个毛这个时间点帮你保留下来，你可以去调用的，嗯这是我们给大家列举一些，但真正的dbms当中，它的数据类型比这还要丰富，大家可以去查，但是这样一些基本概念大家一定要有的，因为你至少知道该去选择什么类型是吧？,0,1,0
dbor_10,24:50.4,25:31.2,好，这里也是总结一下这个蛮简单的一个基本表的，一定要属于某某一个模式，一个模式可能包含多个基本表是吧？,0,1,1
dbor_10,25:33.3,25:45.6,嗯谢谢大家，是群众修改基本表的话呢就是water table，修改表我们可以增加列明，可以删除完整性，约束可以修改列等等。,1,1,0
dbor_10,25:48.7,26:06.1,我就举一个例子，吧剩下大家自己去看，比如说我们在使用列表当中增加入学时间列就可以order table修改表，这是out是关键词是吧？,0,0,1
dbor_10,26:06.2,26:20.4,Table是对象然后后面要怎么修改呢 A的增加一个学生入学时间这是我们取的名吧 s entrance，加上的数据类型是什么？呀贝塔日期型。,0,1,0
dbor_10,26:20.8,26:35.4,好，大家自己去看书，啊这里同样有这个job，table啊有一个restrict，还有一个什么呀开k的，那么这个限制呢跟跟一个基本表能够绑在一起去的，实际上是试图，因为我们试图是在基本表的上面定义，后面会学，啊再有索引的建立和删除，数据定义的话，嗯上次给大家说了索引是什么？,0,1,1
dbor_10,26:36.0,27:14.2,就是大家比如说一本书，大家拿到拿了之后是不是前面有目录，啊你要看一个什么东西？,0,1,1
dbor_10,27:14.2,27:22.9,比如说我想看嗯数据库系统的模式有个27，你是不是就翻到27面？,0,1,1
dbor_10,27:22.9,27:29.3,啊好，那么索引回到回到我们的数据库当中，它会是一个什么呢？,1,1,0
dbor_10,27:29.4,27:37.8,索引是一个什么样的？呢所以。,1,0,1
dbor_10,27:39.0,27:41.9,使用索引它是这样跟这个作用是一样的，假如我举个最最笨脆笨的这么简单例子，啊这张表这张表是不是有很宽，呢有很多数据线，啊这张表有很宽，啊很多的数据下，然后它这下面还有很多条记录是一很大的一个表，你平时要查找一条记录的时候，是不是要从头到尾扫描会花很多时间，啊嗯那么呢所以呢他就这就相当于我们的一本书，所以我假设我用学号建，所以我建了一个索引文件，按学号建的，我就举个最小的例子，啊学号，这是这个地方实际上是一个指针是一个指针，比如说我s一这个记录，我把指到这条记录的位置来，h二它也有个指针指到所以它实际上呢你比如说要按学号键，它就只保留这一部分，然后再加一部分内容是怎么样？,1,1,1
dbor_10,27:42.6,29:00.3,啊指针指到这一条记录的位置上去，那你要查找某一条记录是不是先打开索引，啊打开索引之后找到这个位置是不是就很容易了？,0,1,0
dbor_10,29:00.3,29:13.0,好，我现在是跟大家说用最朴素最简单的方法解释清楚所以是什么？,0,1,1
dbor_10,29:13.5,29:20.5,至于说真正的内在dbms内部索引这个文件怎么管理的，那又有更多的细节了，啊加快查询数速度谁可以见，所以呢这里又来了一个概念，dba或表的数组，在数据库当中，啊有三我们不是有用户吗？,1,1,1
dbor_10,29:20.9,29:42.8,有三种类型的用户，第一种类型的用户你要去设的它就是dba这种类型的用户，它的特权很高，它可以做做所有的事情。,0,0,1
dbor_10,29:42.8,29:53.5,第二种类型的用户就是resource类型的用户，第三种类型的用户叫collect类型的用户，resource类型的用户是可以建表的，可耐克的呢用乌古兰就只能访问，我们现在就谈到了dba，啊然后还有一个呢假如这个表是你见了，你就可以对这个表见，所以是不是应该这样规定，啊否则其他人都在你的表上操作，那你也就没办法控制了。,0,0,1
dbor_10,29:53.7,30:21.2,啊那么dbm是一般会自动建这样一些索引，比如说在主你某一个字段，比如说我们一开始定义这个关系，它的学号是竹马对吧？,0,1,1
dbor_10,30:21.2,30:35.8,它会给它建索引，如果你觉得某比如说我们说名字，我们是不是说他唯一的呀他也会给他见索引，谁来维护索引？,0,1,1
dbor_10,30:35.8,30:47.4,Dbms自动维护，大家说维护索引表达了一个什么概念？,0,1,0
dbor_10,30:47.4,30:53.9,比如说我要是插入了一条记录，所以需不需要更新？啊需要。,0,1,1
dbor_10,30:54.8,31:02.6,我修改了一个记录的值，所以你要不要更新啊也需要对不对？,0,1,1
dbor_10,31:02.8,31:08.1,好谁维护收音机。,0,0,1
dbor_10,31:08.1,31:12.7,好，我们谈的维护就有这个问题，大家说唉老师啊你的索性可以提高查找的速度，原来也可以跟我们说，任何一个字段上都可以查，那我干脆要求我现在这个表我有很多的字段，有20个属性，20个字段，我在每个字每个字段上都建1个索引，那我查找起来是不是快很多，呀想用哪个就用哪个，大家想到一个连锁反应没有。,0,0,1
dbor_10,31:12.9,31:40.2,你刚才说说什么，对，啊可以告诉大家，其实你很快想想，那你不要跟我说，对着大家说，你觉得问题在哪里很准确的。,0,1,1
dbor_10,31:43.6,31:53.0,所以就是修改的时候他也会非常慢。有没有这个问题？,0,1,1
dbor_10,31:53.1,31:58.2,啊我比如说对每个字段我都见了索引，对不对？,0,1,1
dbor_10,31:58.2,32:02.5,你要修改的时候我要修改一条记录，你是不是要定性所有的索引啊是不是也很慢，啊系统开销代代价很大，所以说不是说你想建多少就建多少，是一个平衡，啊这是第一。,0,0,1
dbor_10,32:02.6,32:17.0,第二，呢就是你要看对什么样的东西见，比如说那个经常要做查询的，是不是我就见啊比较稳定的，不是总是要更新的，我去见索引是不是比较好一点？,0,1,1
dbor_10,32:17.0,32:32.6,就是说谁维护索引的问题，啊使用索引，就是说我查询的时候，比如说我查找学号等于s一的学生，我查学号等于s一的学生，嗯到底该不该去用索引？,0,1,1
dbor_10,32:33.0,32:49.8,呢是由谁自己去优化做的呢？,0,1,0
dbor_10,32:50.6,32:53.9,由dbms自动选择他去不去，并不需要我们去说要用或者不用，那么所有的在数据库当中的这样的一些信息都保留在哪里呢？,0,1,0
dbor_10,32:54.1,33:08.3,数据库当中有一个或者说滴滴。,0,0,1
dbor_10,33:09.2,33:19.2,这 data dictionary，dbms当中有一个数据字典或者叫公用数据字典，这是这是由dpms来维护的。,0,0,1
dbor_10,33:19.9,33:31.0,它里面会存我们比如说我们建了数据模式是吧？,0,1,1
dbor_10,33:31.1,33:35.7,我们建了表的定义，我们建了索引什么什么都有数据字典，它实际上也是表在数据库管理中，它也是表来把它存储出来，然后dbms在支持各种查询操作各种操作的时候，会去参考数据字典当中的数据。,0,0,1
dbor_10,33:35.7,33:57.2,好这是关于索引的，啊那么在内部实现的时候，这我们都学过了有鼻夹、数有、焊锡是不是啊等等。,0,0,1
dbor_10,33:59.7,34:10.1,好，我们这里讲一个，这个因为这是我们用到的create，应带的时候会鉴定为唯一索引，非唯一索引和去除索引。,1,0,1
dbor_10,34:10.5,34:22.5,同时解释一下为所以呢就是这个数据项，比如说我这个数据项，我对学号这我这个学号这个自带件索引的话，这个索引项只指向一条记录利用，只指这样一条记录，也就是说不会有重复值，啊还有一个居处索引是干什么的？,0,1,1
dbor_10,34:22.7,34:46.1,呢嗯大家想一下我比如说我对这个表啊建了一个索引，这是一个索引，这是对学按学号建的索引，这个呢是按名字键的，所以这个呢是按学生所在的器件的索引是吧？,0,1,1
dbor_10,34:47.8,35:11.1,好，我们根据这些索引，我们有没有改变这个表的存储的这一条记录的存储的顺序，啊它存储没有改变，是不是？,0,1,1
dbor_10,35:11.9,35:22.6,啊只是靠索引去弄做它。,0,0,1
dbor_10,35:22.6,35:25.7,但是呢我们有时候说我经常访问，按细为单位来访问记录，数理系的学生，计算机系的学生什么什么，那么我就可以呢 Une shei来建一个聚簇索引classic这种类型的。,0,0,1
dbor_10,35:26.7,35:43.5,如果你是据促索引的话，它就会在内部把这所有的记录进行调整，在物理位置上，在物理位置上使得一个系的学生怎么样？啊放在一起。,1,1,0
dbor_10,35:43.8,35:57.2,如果如果一片连续的空间放不下的话，还可以用什么放我们学过的用桶，吧嗯是不是还可以去找桶啊去放等等。,0,0,1
dbor_10,35:57.5,36:10.4,好，这就是句述索引，啊这个概念学过。,0,0,1
dbor_10,36:10.6,36:17.0,没有没有一个数据结构数据。,0,0,1
dbor_10,36:17.7,36:19.7,结构当中的一个没学过是吧？好行。,0,1,1
dbor_10,36:19.7,36:22.9,那我现在问大家一个表能够建几个句数，所以一个表乘几次？,0,1,1
dbor_10,36:23.9,36:30.7,啊一个表在物体上只能乘一次，吧嗯你能把它乘很多次吗？,0,1,0
dbor_10,36:30.7,36:36.3,不行，吧那你是不是只能选择一个一种存储方式，啊一种存储顺序，啊所以它只能建一个技术，所以是这样吧，据醋刚才可能是我的没说准吧据曹格拉斯所引起。,0,0,1
dbor_10,36:36.3,36:53.1,的巨处嗯噢不这是。,0,0,1
dbor_10,36:54.0,37:01.1,所以的则是greater index，所以您然后这里呢有所有的类型，你是要有优利克斯啊还是克拉斯特啊等等。,0,0,1
dbor_10,37:01.1,37:12.6,比如说可以在最近上的查询页上见据处，所以你要查询效率，一个基本表最多只能建只能建一个据数索引是吧？,0,1,1
dbor_10,37:16.9,37:27.5,特别强调经常更新的列，不能够建，因为你要是建的说服力是不是总要去调整啊存储位置？,0,1,1
dbor_10,37:27.5,37:35.6,啊比如说这是建索引的一些例子，比如create唯一的索引，所以往往要取个名字啊取一个名字，在这个表上刚才说取个名字干什么？呀为什么要取名？,0,1,1
dbor_10,37:35.6,37:54.4,啊他是你带队长我又不用它不是靠Pb是在用吗？,0,1,0
dbor_10,37:54.4,38:00.1,我又不用它，你为什么要一定要取个名字？,0,1,0
dbor_10,38:00.1,38:03.0,是让他。在数据字典里面也好管理，吧我们修改是不是也好修改？,0,1,0
dbor_10,38:04.1,38:10.2,啊大家看这个所以我们看第三个，所以你看一下，建一个唯一的索引名字叫scnoo在SC表上，它这是一个什么索引？,0,0,1
dbor_10,38:10.2,38:26.4,呢是一个复合索引，它不是一个数据项，啊它两个两个数据项先按学号升序排列，学号相同的话再按什么？,0,1,1
dbor_10,38:26.4,38:38.9,呀括号降序排列。,0,0,1
dbor_10,38:39.3,38:41.6,至于ascbsc也都叫什么？,0,1,0
dbor_10,38:42.3,38:45.7,呀保留，值删除，所以你就有job index。,0,0,1
dbor_10,38:45.7,38:51.2,好，今天关于这个水怪源我们就讲到这里，给大家讲的定义。,1,0,1
dbor_10,38:54.5,39:02.2,把他。,0,0,1
dbor_10,39:02.2,39:04.7,作业吧了，嗯所以不变，嗯然后是。,0,0,1
dbor_10,39:05.3,39:14.9,嗯嗯如果有同学上机，自己在经济上做的比较快，愿意先做呢也可以先做一下。,0,0,1
dbor_10,39:17.3,39:34.6,因为我们上级的安排是从第五周开始的是吧？,0,1,1
dbor_10,39:34.7,39:40.1,那么就是说有些同学可以提前往前做自己的机器，自己的机器上往前做。,0,0,1
dbor_10,39:40.8,39:48.2,嗯3月5号嗯呢呢就是什么我也没发生。,0,0,1
dbor_10,39:50.4,39:57.4,嗯这个呃呃好128面。,0,0,1
dbor_10,40:01.3,40:13.2,嗯是这个我们一张交一次作业。啊嗯嗯现在。,0,0,1
dbor_10,40:18.3,40:22.4,嗯第一个4句sql的特点，这个不用写，我是也布置布置的目的是要大家一定去什么？,0,0,1
dbor_10,40:22.4,40:32.5,呀去读一下，看看书。,0,0,1
dbor_10,40:32.5,40:35.5,第二个说明job tables is tripped和开k的区别，这个呢大家也只是去了解一下。,1,0,1
dbor_10,40:37.4,40:45.6,第三题我们因为洗过查询还没修完把它留在这里放着，好就是这里建表，用习惯语句建立第二张CT6中的4个表，要做的就是这件事啊建4个表，然后如果大家先自己开始上街道的同学，呢你可以去思考这样的问题，就是我前面刚才说了的。嗯就是。,1,0,1
dbor_10,40:47.7,41:15.0,那些模式啊等等结合请结合是一块社物的实实社会，是一块社会的实现，谈谈关于模式，啊还有表啊视图啊等等这样的一个关系，也就是在这个模式这个空间下面，怎么样使得自己走成一个整体，你们去看一下是一个server是怎么样管理，这实际上这句话简单的说就是说使用server是怎么样管理一个应用相关的所有的这样一些对象的，是吧？,1,1,0
dbor_10,41:15.0,41:47.8,这是你必须要做的一个事。,0,0,1
dbor_10,41:47.8,41:49.8,啊你们会发现其实它已经有很多现成的历程了，你进去之后是不是有现成的历程，啊还有很多成熟过程都在里面。,0,0,1
dbor_10,41:50.1,41:58.0,吧你去观察一下，我就说提醒同学们的上机呢就一定不是这样，啊老师说你见个表我就去见个表，我好歹别人把别人现成已有的历程，我拿着什么样啊浏览一遍我就是不会做，但是我整体宏观去把握一下，就是要做这个事，好不好？,0,1,1
dbor_10,41:58.0,42:18.8,第三章我一直说了，是我们最重要的一张此刻语言节能法查询语言，嗯在前面的这几节，我们给大家介绍了这一块的它是一个什么样的一个什么样的语言，它的产生过程是怎么样的，是吧？,1,1,0
dbor_11,00:00.0,00:20.1,然后我们讲的历程是一个什么样的历程？,1,0,1
dbor_11,00:20.1,00:23.5,接着呢给大家介绍了是一块圆的一个数据定义源这一部分。,1,0,0
dbor_11,00:23.6,00:29.8,数据定语言也就怎么样去定义数据库，这一个星期三我们就开始上机，那么这次上机的任务呢就是大家要自己建一个数据库出来。建一个数据库出来。,1,0,1
dbor_11,00:31.2,00:45.1,呢实验报告比每个小组啊洗衣粉，当然你们这个小组可能每个人的建的数据库可能不一样，是不是？,0,1,0
dbor_11,00:45.1,00:56.0,啊你的数据类型自带什么什么可以不一样，我觉得你们选你们小组最好的一个写一份实验报告，然后你们小组存在的共同问题解决办法。,0,0,1
dbor_11,00:56.0,01:07.9,在这个报告当中写出来，为什么以小组形式，呢因为有些同学他在自己在建库干什么的时候。,0,1,1
dbor_11,01:08.3,01:16.6,他其实会遇到问题的，他不知道怎么做。,1,1,0
dbor_11,01:16.8,01:20.0,他就怎么样啊就过去了，但是大家一起做的话。,1,1,1
dbor_11,01:20.0,01:24.0,一些问题一起分享一起讨论，那么我们就是说大家把你这个小组出现的问题解决方案或者什么在那里把它写出来，实验报告呢我们后面会在我们的这个云平台上分享，大家也可以去观摩，这样的话就知道唉其他小组是怎么解决问题的，有一个什么样的经验分享，是不是？啊这也是一个学习的过程。,1,1,0
dbor_11,01:24.2,01:51.0,实际上我们也就是在强调现代教育，一直在强调怎么样就利用信息化的手段但去扩展教学空间，实际上我们学习的时间很有限，是不是在教室就这45分钟是不是？,1,1,0
dbor_11,01:51.0,02:05.3,啊但是我们大量的学习是靠互联网，然后靠怎么样？啊同学之间的交流。,1,1,1
dbor_11,02:05.3,02:12.2,何老师想做的事情就是靠想你这种小组的群，大家互相帮助，以这个云平台大家互相交流。,0,0,1
dbor_11,02:12.3,02:21.5,那么你们做的这些实验报告，我积攒起来之后，是不是就是下一届的学生的学习资料，啊以前我们每个学生交一个实验报告都没有特别认真的做好，我现在相当于一个小组，每次实验只要一个人写一个报告，你是不是可以写出一个基础精品出来，啊然后我们每个小组的实验报告都在这里的时候，嗯对不起，啊我要给一个请同学们去点去打分，去评哪一个就是比如第一个实验报告下来，哪一组做得最好，可不可以这样做？大家赞不赞成？,0,0,1
dbor_11,02:21.6,02:57.6,会不会觉得这种方法不适合我们目前大家的大家的一些理念的？,0,1,0
dbor_11,02:57.8,03:04.8,就是我们把一个实验报告大家都每个小组交了一个对不对？,0,1,0
dbor_11,03:04.8,03:09.2,你们把你们的实验做了一些什么描述，啊你们还可以扩展，啊你们不仅在上课的上实验的那么一点点短时间做，你们自己都有机器，是不是？还可以另外去做是吧？,0,1,0
dbor_11,03:09.2,03:21.8,那么你们做的我就把这个就丢在这里，大家就去同学们都可以去打分评分。,0,0,1
dbor_11,03:22.0,03:28.8,最后我们就每一次我就把那个最好的一个。,0,0,1
dbor_11,03:29.0,03:33.7,留下来就当成我们在这个云平台上的以后的学习资源，那么你这个你这个课程就会何老师以后上10年课，十四届的学生都会去，后面的师弟师妹们都会去学习你们这小组的报告，你们把自己的名字啊什么的都会留的，我就每次就这样传下去好不好不好？,0,1,0
dbor_11,03:34.8,03:57.1,要是同意给我我给一个掌声。,0,0,1
dbor_11,03:58.2,04:00.5,我觉得这个我今天想了好多，我觉得这个创意挺好的，我一直想。,0,0,1
dbor_11,04:01.8,04:06.0,我原来是想点让同学们参与这个评论点赞，我原来是想的是就是你们在不是论坛上面不是要发言，嘛我想用那个点赞，后来我一想这个论坛大大家发言其实有点随意性，并不一定经过了很多的讨论和深思熟虑。,0,0,1
dbor_11,04:06.2,04:24.5,我们既然要动员大家的力量，还是很严肃的对待，拿一些好的作品来来一起分享是吧？,0,1,1
dbor_11,04:25.0,04:33.3,好，这是关于我们上次讲的数据的定义，这一块我们就要讲数据库的建立。,0,0,1
dbor_11,04:33.3,04:41.1,好，下面呢我们就讲查询查询呢这一条语句，呢使用语言的查询它的设计合适特别喜欢的。,1,0,0
dbor_11,04:41.2,04:50.0,我每次就我每次讲到这里会觉得由衷的佩服这样一些科学家，他们怎么就能够用那么简单的一句话实现那么那么多所有的所有的这种查询功能，那么这一句话呢我们就来看一看，就这么简单，啊几个红色的就是它的关键字select查询语句，这是它的红色的部分。,1,1,0
dbor_11,04:50.1,05:17.4,嗯好的，这个单子。,0,0,1
dbor_11,05:19.7,05:22.8,后8。c呢查红色的查询，然后呢这个 From呢就是你要查的数据源。,0,0,1
dbor_11,05:25.1,05:32.0,然后这里是 where是条件，还有group呢分组主要分组，呢就是说比如说我们查我们同学当中选数据库这个课程的平均成绩，选超系统的平均成绩，我要查每门课程的平均成绩的话，是不是可以把选课表做一个分组。,0,0,1
dbor_11,05:32.4,05:53.0,啊所以这是一个这是一个分组。,0,0,1
dbor_11,05:53.1,05:57.0,这个order by呢是一个输出的结果的一个排序，嗯这个heavy呢也是一个对跟分组相关的，所以我们的这个它的这个条查询语句的命令动词相关的123456，就这6个红色的单词。,0,0,1
dbor_11,05:57.1,06:15.0,他能够做到我们讲关我们前面跟大家讲的关系代数对不对？,0,1,0
dbor_11,06:15.7,06:20.8,它可以支持那么多种操作，那么所以耐克元的这个查询呢它一定比关系代数的功能还更强。,0,0,1
dbor_11,06:20.8,06:29.3,唉同学说那你比关系代数的语言更强，那关系代数是什么？,0,1,0
dbor_11,06:29.8,06:33.3,呢我已经跟大家说了，关系代数本身是用来衡量一个数据库语言是不是一个完备的一个标准是吧？,0,1,1
dbor_11,06:33.3,06:40.5,那么事实上呢很多的语言包括习习惯语言它是一种超完备的，它会比它的功能更多。,0,0,1
dbor_11,06:40.7,06:49.5,好，就看这几句话，啊我们再再分这样几种来说。,1,0,1
dbor_11,06:52.4,06:57.3,查询呢我们其实也不一定要按这样的顺序讲，但是我们以这种组织呢可能同学们会更快的切入第一个单表查询。,0,0,1
dbor_11,06:57.7,07:07.9,第一张就对一张表的查询。再一个呢。,0,0,1
dbor_11,07:08.0,07:11.8,点表和表之间的连接查询，我们讲关系代数的时候是不是连接是很重要的一块。,0,0,1
dbor_11,07:12.2,07:18.4,啊那么洗货源怎么实现连接查询，还有一个呢嵌套查询，我们会讲呢。,1,1,0
dbor_11,07:18.4,07:25.4,就查询条件本身又是一个查询。就是你要为啊什么什么？不是VR往往是条件吗？,0,1,1
dbor_11,07:25.6,07:33.5,它本身又是一个查询。,0,0,1
dbor_11,07:33.5,07:35.7,还有集合查询，我们讲关于代数里面是不是有集合操作？,0,1,1
dbor_11,07:35.7,07:40.1,啊好。,0,0,1
dbor_11,07:40.1,07:42.9,这一部分讲完了之后，呢我们后面也会有一个讨论题。,1,0,0
dbor_11,07:43.6,07:48.4,实际上我们去年这一部分讨论是采用的是这样的形式，男生那边男生那边出一组出一个题目，一个还有一点点好的难的题目，然后女生也出一个题目，大家互相做互相评，那么我们这一次可能就会以小组的形式来出了。,0,0,1
dbor_11,07:48.6,08:06.8,最后就是这个完了之后，我们会就是出一些就是去显示水库二元到底能做什么，它的功能有多强大，这样的有点挑战性的题目，大家互相为难一下。,0,0,0
dbor_11,08:08.3,08:22.5,好，单表查询我们代表查询比较简单的讲啊主要是讲语法。第一条语句。,0,0,1
dbor_11,08:25.2,08:31.3,查询全体学生的学号和姓名。,0,0,1
dbor_11,08:32.2,08:36.3,这就是如果还记得这个数据库，吧嗯那么我们如果回到我们关系代数，这个是一个什么样的做法？,0,1,1
dbor_11,08:37.7,08:46.0,呢选择16吨的表是吧？,0,1,0
dbor_11,08:46.0,08:50.4,16吨的。表我们需要来输出那个什么？,0,1,0
dbor_11,08:51.6,08:55.5,呃噢噢投影吧应该是。我的黑板了。投影是吧？,0,1,0
dbor_11,08:55.9,09:05.8,所以。这个投影那么这就是。,0,0,1
dbor_11,09:08.7,09:13.0,单调查询的一个最简单的功能，竖着投影一部分下来。好。,0,0,1
dbor_11,09:13.1,09:18.6,你也可以再加其他新的啊这这种语法的东西，我会很快的跳过去。,0,0,1
dbor_11,09:18.7,09:24.4,如果要是选择所有的列，我们就是把一个学生表的情况全部输出的话。,0,0,1
dbor_11,09:25.3,09:31.1,这个地方可以把所有的列列在这里或者加一个什么呀星号。,0,0,1
dbor_11,09:31.4,09:37.2,Selectation from student。,0,0,1
dbor_11,09:37.6,09:39.9,好，那么在查询语句当中，呢我们大家知道。,0,0,1
dbor_11,09:42.9,09:47.8,我们现在的输出都只是什么呀，一个单属性，实际实际上呢它可以出现函数表达式、字符串、常量函数等等的，我们来看一些例子。比如说这个例子。,0,0,1
dbor_11,09:48.1,10:02.2,啊查询全体学生的姓名及其出生年份。,0,0,1
dbor_11,10:02.2,10:10.0,我们大家知道我们数据库这个表里面有哪一个字段呢？,0,1,1
dbor_11,10:10.1,10:14.0,有学生的年纪，吧唉我们知道我们这个库里面有一个字段是学生的什么呀年纪是吧？,0,1,1
dbor_11,10:14.7,10:23.7,那我们想他是哪一年出生的？,0,1,0
dbor_11,10:23.8,10:26.2,呢是可不可以用这个来取？,0,1,0
dbor_11,10:26.2,10:28.4,啊把今年减去他的年纪，是不是就是他的出生的是哪一年，是不是？,0,1,0
dbor_11,10:28.4,10:36.9,啊嗯好，这这个地方那么以这一个例子为例，呢我们就这样一个小例子，啊这里面讲了两个问题。,1,0,1
dbor_11,10:36.9,10:46.5,第一个呢这个地方是可以输出表达式的是吧？,1,0,1
dbor_11,10:46.6,10:50.8,我在这里想给大家强调一下，怎么样把表达式的语法写正确，你们应该是没问题，对吧？,1,1,0
dbor_11,10:52.5,10:58.8,你们学了诗译员了，是不是相同类型的数据才能减了加了。,0,0,1
dbor_11,10:58.8,11:03.5,好，那所有的语法和c语言一样的，啊然后呢大家看在这里显示的时候，它的前面这个表头这一块，这输出结果仍然是一个表，大家看到啊它是一个查询结果表，输出结果仍然是一个表，这个表的表头呢是s name，还有2017减sh好。,0,0,1
dbor_11,11:03.8,11:26.7,这样大家看其实有时候是蛮别扭的，是不是？,0,1,0
dbor_11,11:26.8,11:29.9,啊我是想说说他的出生年份对不对？,0,1,0
dbor_11,11:29.9,11:33.6,我能不能在这里运算的时候是写2017减sh但是我这里显示的时候写出生年份。,0,0,1
dbor_11,11:33.8,11:41.5,呢可不可以呢水库支不支持，呢这是我们马上接着看的一个例子，还是支持的。,0,0,1
dbor_11,11:41.5,11:48.7,你在这里可以写可以显示不一样的。,0,0,1
dbor_11,11:48.9,11:51.8,我们看一下啊哇。这个这个奖。,0,0,1
dbor_11,11:51.8,11:58.9,我们可以直接写。大家看这里。,0,0,1
dbor_11,11:59.5,12:02.9,这是s name是字段名，是不是？啊这是要输出的。,0,1,1
dbor_11,12:05.2,12:10.1,大家看这个例子又加了一个。,0,0,1
dbor_11,12:10.1,12:12.1,12f这是一个叫做一个字符串常量。,0,0,1
dbor_11,12:12.4,12:16.7,是不算常量的，那在这里显示的时候就每次都会把要不这个常量显示在这里。,0,0,1
dbor_11,12:17.1,12:24.5,好，20044我们还是这个例子，啊检a级是它的什么样？,1,1,1
dbor_11,12:24.9,12:29.6,啊说年份it's now sdpt这是什么？,0,1,0
dbor_11,12:29.6,12:34.8,呢把这个这是一个函数，大家应该看得懂吧？看不看得懂这个函数？,0,1,0
dbor_11,12:34.8,12:41.6,他把学生所在的系全部字符转换成什么？呀小写。,0,1,1
dbor_11,12:41.8,12:46.9,好，他就输出了这样一个，那么从这个数字我们可以看到呢这个地方字符串常量是怎么对待的，是不是？,1,1,1
dbor_11,12:47.0,12:54.7,啊好，嗯正常量用来有什么好处？,0,1,0
dbor_11,12:54.7,13:00.1,呢比如说你有的时候你们单位。,0,0,1
dbor_11,13:00.1,13:02.8,需要把每一个人的工资打一个单子，有这样的情况，吧我们打工资表我不知道大家见过这样的，没有每个人一条每个人一条每个人一条，最后办公室人把它一剪裁剪开每个人一张细细的条子是吧？,0,1,1
dbor_11,13:03.0,13:19.3,那么呢并不是每个上面都有表头，那么利用这样的话是不是可以把表头把。它放到这里了。,0,0,1
dbor_11,13:19.7,13:26.6,呀这是一种模式。,0,0,1
dbor_11,13:26.6,13:29.4,把利用常量啊把这个表头和这个关联到一起。还有一种什么模式？呢我们也可以这样输出的。,0,1,1
dbor_11,13:29.9,13:37.2,大家看我们还有一种改法。,1,0,1
dbor_11,13:37.7,13:40.5,这里比如说这是自带。,0,0,1
dbor_11,13:41.8,13:43.5,名属性名，我们后面加了一个什么？,0,1,0
dbor_11,13:44.8,13:47.6,呀别名。,0,0,1
dbor_11,13:47.6,13:49.8,加了一个别名，别名就用来在显示的时候好看一些。,0,0,1
dbor_11,13:50.1,13:54.1,比如说我们这个数据库我们的数据库里面，我全是用中文用英文取得字段名，这样编程肯定更方便一点，更便于移移植是吧？我们大家都知道。,0,1,1
dbor_11,13:54.3,14:05.9,但我这个系统是用户用户是中国人是在中国的一个系统，那么在显示的时候，我们希不希望这个地方假的都是英文呢是。,0,0,1
dbor_11,14:06.0,14:17.0,不希望啊那么我们雅思可以把这里给它取个别名，使它迅速速的时候怎么样？啊就不一样一些。,1,1,0
dbor_11,14:17.1,14:25.5,比如说这个地方他把s name他宿舍的时候给了一个别名叫name。,0,0,1
dbor_11,14:25.7,14:30.9,然后呢一二boss呢他给了一个输出叫boss。,0,0,1
dbor_11,14:30.9,14:37.8,然后学生的出生年份呢他给了一个叫什么呀 Birthday，他取了别名，这都是为了显示的效果好。,0,0,1
dbor_11,14:38.1,14:47.3,我现在在讨论一个问题，如果让你做数据库设计的时候。你学生的。,0,0,1
dbor_11,14:47.8,14:54.2,这个地方到底是放年纪好，就是他哪一年他25岁18岁好，还是应该放他的直接写他的出生日期出生日期，为什么呢？,0,1,0
dbor_11,14:54.6,15:05.9,因为每一年年纪都不一样，下一年初的时候6年休的对对。,0,0,1
dbor_11,15:06.0,15:11.3,也真的是说得很好的。,0,0,1
dbor_11,15:11.3,15:13.7,那次放什么呀出生日期，你的年纪我们是每年都不一样的，它是不是好变一些，啊所以说在很多时候都会这样去做，不仅是这一个，嗯我们后面做很多数据库设计啊都应该是这样去考虑，尽量的是把一些怎么样啊稳定不变的放里面不。,1,1,1
dbor_11,15:13.9,15:34.9,放说得很好。,0,0,1
dbor_11,15:35.6,15:39.8,好，我们设计一个表的，好，我们再来看一下选择。,0,0,1
dbor_11,15:39.8,15:45.4,我们刚才做的投影投影对不对？选择运算。,0,1,0
dbor_11,15:45.5,15:49.2,嗯嗯嗯嗯我们做一个例子，查询选修了课程的学生学号，是不是？我们有没有这样的情况？有个别同学啊。,1,1,1
dbor_11,15:49.3,16:02.9,他就没选课，老师也不知道是吧？,0,1,0
dbor_11,16:03.2,16:06.9,哪些同学选的哪些同学没选呢？我们就可以用哪个表？,0,1,0
dbor_11,16:06.9,16:11.2,呢选修课、表、选修课表。,0,0,1
dbor_11,16:11.3,16:15.9,呢 CEA，NEC的学号from scr大家看这里有一个问题。,0,0,1
dbor_11,16:16.0,16:24.0,啊这个里面出来的学号的话。,0,0,1
dbor_11,16:24.0,16:29.6,唉这个地方我们有一个问题，大家有没有看到这个结果。有没有疑惑？,0,1,0
dbor_11,16:31.2,16:36.0,重复重复了对不对？,0,1,0
dbor_11,16:36.7,16:39.4,啊我们在讲关系代数的时候，讲结合论的时候。,0,0,1
dbor_11,16:39.4,16:43.9,实际上一直都强调什么？,0,1,0
dbor_11,16:44.0,16:46.1,不能有重复的原著，直接用关系代数操作的时候，呢这个结果肯定只会有两个1和2是吧？,0,1,1
dbor_11,16:46.1,16:55.9,但是在水库源里面因为要满足一些实际需要，它这个地方呢就给了我们一个选择，你可以去掉重复，也可以不去掉重复这个地方。,0,0,1
dbor_11,16:55.9,17:07.9,啊 Say like o在学号前面，如果加上o的话，就表示我不去重复，我完全不去重复留在这里。,0,0,1
dbor_11,17:07.9,17:19.7,这个地方缺省的值是噢如果不缺省，我说我要去重复的话，前面要加一个字唉 Distinct。对很好。,0,0,1
dbor_11,17:20.3,17:29.3,这样也有什么好处？,0,1,0
dbor_11,17:29.3,17:32.0,呢比如说我要有一个后面有一个运算，啊我要查。,0,0,1
dbor_11,17:32.6,17:36.6,有多少个选课的人次。,0,0,1
dbor_11,17:37.1,17:39.8,我不是说有多少人选课，我换一个要求我有多少个选课的人人次可以吧？,0,1,0
dbor_11,17:40.2,17:46.4,那这个时候能不能不去掉重，能不能去掉重复啊可能不能是吧？,0,1,0
dbor_11,17:47.1,17:53.1,实际上呢就是说我们说从理论上我们。,0,0,1
dbor_11,17:53.1,17:56.4,保证那个一开始关系数据库的这种理论正确的时候，按照数学的逻辑的严谨性，集合是不允许重复，但实际应用当中它有些是可以改的，需要扩展的。,0,0,1
dbor_11,17:56.5,18:09.5,啊这又学了个关键词。,0,0,1
dbor_11,18:11.9,18:14.5,啊那么。,0,0,1
dbor_11,18:14.6,18:16.8,在查询当中我们说允许一些超条件的选择，比如说我们查嗯选数据库的课程成绩90分以上的学生是吧？,0,1,1
dbor_11,18:16.8,18:29.0,或者成绩不及格的学生，或者是。,0,0,1
dbor_11,18:29.0,18:32.3,嗯高于平均分的有多少人，这都是可以的。,0,0,1
dbor_11,18:32.4,18:36.0,吧我要查我们学嗯我们学院的学生当中这学期选课最多的能选到多少课，它的总学分是多少，这是不是我们也要是经常要做一些统计的调查，是不是？,0,1,1
dbor_11,18:36.0,18:48.5,啊等等很多，那么这些选择呢。,0,0,1
dbor_11,18:48.5,18:52.2,大家看这里这些操作符和，我们在学关系代数的时候，或者我们学高级语言的时候又有一些不一样了，啊大家看这这一排是比较我们都比较熟悉是吧？等于。,1,1,1
dbor_11,18:52.5,19:06.8,大于小于不等于什么什么这些，好。,0,0,1
dbor_11,19:07.0,19:10.2,这里有一个是有一个not，我们后面再谈。,0,0,1
dbor_11,19:10.3,19:14.1,还有这个范围的这个我们也学过了，吧在学过没有，BT比如说年龄在18~20岁之间。,0,0,1
dbor_11,19:14.7,19:23.1,嗯就是essay级between18n的什么20也可以out between，and这也可以的。,0,0,1
dbor_11,19:23.2,19:31.2,好，这个我不知道以前我们学过没有知道我这个应该是数据库里面有的是吧？,0,1,1
dbor_11,19:31.3,19:37.5,这个也是我们没学过的，硬捞特印是判断是一个集合，因为我们因为我们说集合是数据库的一个基础，嘛我想问你说一个比如说这样的例子，我想说。,1,0,1
dbor_11,19:37.8,19:49.6,嗯张红是不是我们这个班上的同学，呢我就是把张红这个名字用来看在不在我们班上学生这个名字这个集合里面。,1,0,1
dbor_11,19:49.8,20:01.6,他用的是就是这样的判断。,0,0,1
dbor_11,20:02.0,20:04.4,张红印。,0,0,1
dbor_11,20:04.4,20:08.0,然后这个下面我要产生什么样，啊我们班这个学生集合。,0,0,1
dbor_11,20:09.1,20:13.4,他做集合判断的，还有字符串匹配，耐克、劳特耐克这个我们都以前学过的，在c语言里面，比如说我们像这个例子，嗯我查我班上所有姓张的同学。有多少？,0,1,1
dbor_11,20:13.5,20:27.6,那么前面第一个字符是什么呀章，后面就是什么？,0,1,1
dbor_11,20:27.6,20:31.8,呀百问号，吧这样的匹配4元，记不记得有这样的。还有not like。也是类似的。,0,0,1
dbor_11,20:31.8,20:40.9,这个地方有一个运算就是意思闹，大家这个要提醒注意，我们在说过了。,0,0,1
dbor_11,20:41.2,20:47.2,在数据库里面有一个空值是吧？谈过空值的系统化处理。,0,1,1
dbor_11,20:47.4,20:52.6,吧那么对空值的所有所有比较是用is now或者it's not now是空或者非空。,0,0,1
dbor_11,20:52.6,21:01.3,不是用等于不等于，啊大家想清楚为什么不能用说等于空或者不等于空这样的来判断呢？,0,1,0
dbor_11,21:01.4,21:08.9,后来呢我想问大家为什么不能用？,0,1,0
dbor_11,21:09.1,21:11.7,就比如说学号等于no，学号不等于now这样的表达式对不对？,0,1,1
dbor_11,21:11.7,21:19.7,行不行。,0,1,0
dbor_11,21:22.5,21:25.6,那个地方学好那个值，那个地方确实有个道在这里面，你能不能用学号等于闹。呢不能就这几。,0,1,1
dbor_11,21:25.6,21:32.7,个啊你说你不能工作，为什么不能？,0,1,0
dbor_11,21:32.7,21:35.6,因为因为有些那种那学号学号制度的话肯定是数字，但是但是有些其他的一些属性值，比如嗯什么那个嗯其他一些东西嗯就有可能是字母，它就有可能是nu ll这4个字母，这样的话就对好。,0,0,1
dbor_11,21:35.7,21:57.4,已经摸到边了，但是就给大家其他人的可以可以起，是你跟我说一下是不是。,0,0,1
dbor_11,21:57.4,22:03.3,就是一个集合的东西，然后就是空集，然后那个 Nu跟那个 snu它是一个具体的东西，它是嗯不能就是有那种它是没有这种等离的这种关系逻辑，上的。,0,0,1
dbor_11,22:03.4,22:16.6,你也说了一半的话他也说了一半的话，第一牵扯到数据类型，第二牵扯到逻辑上一个表达式，它两边要怎么样？,1,1,1
dbor_11,22:17.1,22:25.6,啊要匹配是吧？,0,1,0
dbor_11,22:25.7,22:28.0,他说了一半，他说了一半啊把它逗起来的一句话。就是我们用。,0,0,1
dbor_11,22:28.0,22:32.7,那个时候这种比较运算服务，我们学过没有？这里需要是什么？,0,1,1
dbor_11,22:32.8,22:37.9,呀需要左右匹配的。,0,0,1
dbor_11,22:37.9,22:40.1,如果学号是竖直型的，这个 Now到底是什么类型的？,0,1,1
dbor_11,22:40.4,22:44.8,知不知道啊不知道学傲是字符型的，这个 now是什么类型的，知不知道啊都不知道对不对？,0,1,0
dbor_11,22:44.8,22:51.7,我们说在任何一种数据类型都可以跟log放在一起去。去处理。是不是？,0,1,1
dbor_11,22:52.2,23:00.7,啊所以呢就不能用，等于不等于啊 it's now It's not。,0,0,1
dbor_11,23:01.0,23:05.8,Now好，这里呢还有多重，条件与或非，这个大家都看得懂吧？,0,1,0
dbor_11,23:06.3,23:11.9,我说我要查我们单位的。,0,0,1
dbor_11,23:11.9,23:14.3,女生，然后年龄小于18岁，是不是？,0,1,1
dbor_11,23:14.4,23:17.9,啊性别等于女，并且什么呀年龄小于18岁，好，这个地方。,0,0,1
dbor_11,23:17.9,23:25.2,谈到no也谈的，逻辑表达式，所以就要给大家补充一点。,1,0,1
dbor_11,23:25.3,23:29.7,我们以前谈的逻辑呢是真和甲二值逻辑。,0,0,1
dbor_11,23:30.2,23:35.3,在数据库里面呢实际上现在出现了一个三值逻辑的概念了，这这里我们必须去面对。,0,0,1
dbor_11,23:35.4,23:42.2,记不记得我们以前说真与上。,0,0,1
dbor_11,23:42.3,23:45.5,我这样画啊与上真等于什么？呀真是不是。,0,1,1
dbor_11,23:45.7,23:49.8,啊啊还有呢还有。,0,0,1
dbor_11,23:49.8,23:53.1,什么呃真与上，甲等于什么？,0,1,0
dbor_11,23:53.6,23:57.2,呀甲还有什么什么？,0,1,0
dbor_11,23:57.2,23:59.3,我们只是一个二值逻辑，对是吧？那么现在我们就要考虑的。,0,1,1
dbor_11,23:59.3,24:04.7,在闹的情况下，因为我们有可能一些字段它可能和闹在一起，啊比如说我有一个有一个字段。,0,0,1
dbor_11,24:04.8,24:13.4,这个学生是否党团员他。,0,0,1
dbor_11,24:13.9,24:16.5,这个值我现在不知道，我给他的职是闹，比如说我这个例子。,0,0,1
dbor_11,24:17.1,24:22.0,我要查找我们班上，年龄大于18岁。,0,0,1
dbor_11,24:22.6,24:26.9,并且是党员的学生，那么呢我假设有一个字段是否党团员，啊如果是否党员，如果是的话，它的值就是真，不是的话它的值就是什么？,0,1,1
dbor_11,24:27.4,24:39.6,呀甲还有一类呢我都不知道他是还是不是，我就给他什么。,0,0,1
dbor_11,24:39.6,24:44.5,呀 Now是空子，我现在要求年龄大于18岁。,0,0,1
dbor_11,24:44.5,24:50.8,并且是党员的学生。,0,0,1
dbor_11,24:50.9,24:54.4,那么这个时候就可能遇到什么样啊和空子在一起去计算的，是不是这样？,0,1,0
dbor_11,24:55.4,25:01.6,说清楚没有？那么大家帮我一起讨论一下真假跟闹在一起会是什么？,0,1,0
dbor_11,25:03.1,25:09.6,啊到家。,0,0,1
dbor_11,25:09.6,25:15.2,如果说呢那和真的雨的话，我们在这里这边是语音运算啊 Now和真做与运算是什么now？,0,1,0
dbor_11,25:15.8,25:28.0,我我说。啊我们大家说now和真做运算结果是真还是闹？,0,1,0
dbor_11,25:29.9,25:37.5,对对对。,0,0,1
dbor_11,25:39.0,25:41.3,now和甲硝唑与运算呢。甲。甲。,0,1,1
dbor_11,25:41.3,25:46.1,只要有一个假设就是假了，大家想想一下对不对？啊是不是？,0,1,0
dbor_11,25:46.6,25:51.8,啊好，我这边是货运算，啊闹和真做货运算的话是什么？,0,1,0
dbor_11,25:53.4,26:01.3,那和甲做货运算的时候是什么呀。,0,0,1
dbor_11,26:02.5,26:06.2,now或假做或预算对闹是闹。,0,0,1
dbor_11,26:08.1,26:11.7,举个例子，吧这个地方我有点迷惑了，谁给我举个例子？,1,1,0
dbor_11,26:12.2,26:16.1,因为所有的大家知道逻辑运算都来自于我们实际上对一些生活当中的现实的推理，是不是？,0,1,1
dbor_11,26:16.3,26:22.8,啊 Now和甲。,0,0,1
dbor_11,26:22.8,26:25.5,做或运算就是这个值要么是假的，要么是什么呀不知道的。那你觉得他知道的是什么。呢不知道还是。不知道了，是不是？,0,1,1
dbor_11,26:25.6,26:36.3,啊好，还有闹着闹是什么呢？Fae就是说。,0,1,1
dbor_11,26:36.3,26:41.0,说那种老式什么呢菲菲。噢不是已知我要。,0,0,1
dbor_11,26:42.6,26:48.8,做逻辑运算，它结果还是一个什么呀还是还是。,0,0,1
dbor_11,26:48.8,26:52.1,闹闹闹。,0,0,1
dbor_11,26:52.3,26:55.7,我们是与或非，我们只有三种运算，啊这一部分我们是叫什么呀与，这部分叫什么？,0,1,0
dbor_11,26:56.4,27:03.6,呀或如果我要做非的话是什么？Nao NAO还是什么？no no No。,0,1,0
dbor_11,27:03.6,27:10.5,就是我不知道不知道拿着跟别人一起运算是不是还是不知道，啊不是说不知道就变成了真了。,0,0,1
dbor_11,27:11.2,27:17.8,吧嗯其实不不用背的是真的一点不用背也不用记，只是我们了解它的逻辑关系是。,0,0,1
dbor_11,27:17.8,27:29.2,一个理论逻辑关系是怎么样的是吧？这是一个。,1,1,0
dbor_11,27:29.4,27:33.5,然后有了控制之后，呢还要请大家注意的一个就是它是排序的时候，比如说我们要由小到大排序的时候，但有一些子弹的值它是闹它。排在哪里？,0,0,1
dbor_11,27:33.6,27:45.2,呢如果由大到小排序。是闹的它排在哪里？,0,1,1
dbor_11,27:45.2,27:49.8,呢书上有自己查一下，有一些蛮小的细节，大家自己看一看。,1,0,0
dbor_11,27:50.3,27:54.7,啊好，这是我们的这些预算。,0,0,1
dbor_11,27:54.7,27:59.1,数这个地方实际上就是关于闹是吧？,0,1,0
dbor_11,28:01.2,28:04.8,给大家讨论了一下。,0,0,1
dbor_11,28:05.2,28:07.7,好。这里我们再开始进行选择运算，选择运算。,0,0,1
dbor_11,28:10.1,28:15.3,呢在关系代数里面，这是一个关系代数表达式是吧？,0,1,0
dbor_11,28:15.3,28:31.0,这里面呢是一个条件，那么这一部分在c光源怎么去实现，应该也是蛮简单的。,1,1,0
dbor_11,28:31.0,28:39.0,比如说我查计算机系全体学生的名字，他就用这样的实现。,0,0,1
dbor_11,28:39.3,28:44.6,啊第一个动词select的这个地方，后面摆的都是你要怎么样输出的，select后面都是要输出的，from后面是对哪个表进行操作，from student后面是条件VR，学员所在的系系等于CS。,1,1,1
dbor_11,28:44.7,29:03.2,这前面还差一个什么？可以可以。,0,1,0
dbor_11,29:20.2,29:21.9,好。然后再看这点，吧下一个查询考试成绩有不及格的学生的学号，我们一个学生我们一个学生可能学了很多课对不对？,0,1,1
dbor_11,29:26.2,29:38.2,那么呢 Scene distinct的学号是acvl gray的小于60。,0,0,1
dbor_11,29:38.6,29:44.7,这个地方加了一个什么呀一定。,0,0,1
dbor_11,29:45.0,29:49.9,后面这个比拼n的作为举过例子，啊查询学生他的年龄在比拼20and怎么样啊23。,1,1,0
dbor_11,29:51.5,30:01.0,好，这个比拼20and23，大家说我不用比比拼写怎么样？,1,1,0
dbor_11,30:01.3,30:06.3,用语语或什么其他的形式来写，啊有没有同学会写？,0,1,0
dbor_11,30:06.3,30:10.4,啊嗯大于对呀。那怎么写的？那你说。,1,1,0
dbor_11,30:10.4,30:15.5,噢 Ac类取小于20n的ac内需大于。,0,0,1
dbor_11,30:15.6,30:20.8,噢不对，前面是大鱼，后面是小鱼小鱼还是三噢对。,0,0,1
dbor_11,30:20.9,30:25.1,可以用鱼来写吧没问题的。,0,0,1
dbor_11,30:25.1,30:27.8,后面有个not比拼我们就不讲了。好，我们看一。,1,0,1
dbor_11,30:28.7,30:33.2,查询信息系、数学系，还有计算机系的学生。那么呢。,1,0,1
dbor_11,30:34.0,30:41.2,我们按照我们。,1,0,0
dbor_11,30:41.9,30:44.7,可以我们假设不知道这个不知道这个 e运算的时候我们应该怎么写，啊我要这三个系的学生有位同学会请按照我们原来学4亿元的时候，对学生所在的shei等于。ISIS。然后呢 huo。,0,1,1
dbor_11,30:44.8,31:07.0,啊或者啊或者对，可以用几个或者来写是吧？,0,1,0
dbor_11,31:08.5,31:15.0,好，但是如果我们有10个系的话，嗯好不好写？啊如果我们要判的。,0,0,1
dbor_11,31:15.2,31:22.5,一个已已经录取了学生的集合的名字，假设啊我说王洪山在里面，呢那么是不是要为我一个一个枚举嘛好不好办？,0,1,1
dbor_11,31:22.7,31:31.6,啊不好办，唉那么我们可以用集合，这里就是用了我查从student当中输出学生的名字还是学生的性别，要求学生所在的系在哪里？,0,1,1
dbor_11,31:31.7,31:46.8,啊在这个集合里面，只要学生所在的系在这个集合里面还注意维生，这就相当于我们以前学过的，嗯比如说我们以前说过像t属于r这个会不会啊在那个以前集合论当中，我们讲这是关系是一个集合，这是一个变量，是不是就用t属于r或者是怎么样？,1,1,1
dbor_11,31:46.8,32:12.2,啊 T不属于r是不是可以？,0,1,0
dbor_11,32:12.2,32:15.4,啊好。是in knocking。,0,0,1
dbor_11,32:15.4,32:18.5,二华的。,0,0,1
dbor_11,32:20.4,32:21.1,这个就是我们前面说的字符串匹配有可以固定的，比如说数字所有的学号是这么多的学号为等等这个字符串是吧？,0,0,1
dbor_11,32:23.4,32:36.2,好，这个地方呢它这个学号正好是一个字符串是吧？可以用这个 Nike。,0,1,1
dbor_11,32:36.6,32:43.0,如果学号呢如果这是个数字型的学号，能不能这样？,0,1,1
dbor_11,32:43.3,32:49.0,啊学号假如我定义成数字型的。是不能这样的是吧？,0,1,1
dbor_11,32:49.0,32:53.4,那但是我如果学号定义成字符串的时候，学号的数据类型本来就是字符串，其实我这个地方不这样，我可不可以用等号的？呀可以可以的。,0,1,1
dbor_11,32:53.4,33:04.4,啊两个等号是可以判断这不算是不相同的。,0,0,1
dbor_11,33:04.5,33:08.6,吧噢这是我们做的，它这里是但是这个我判了两个字不算相等，这个地方双双的两个等号的。大家查一下语法。噢我们。,0,0,1
dbor_11,33:09.2,33:24.4,查刘俊学生，那么就是这个实际上这个 Leg最更多的是用来做什么？,0,1,0
dbor_11,33:24.5,33:30.6,呀不是判一个完全相全相同。它是用来判断什么？呀模糊。,0,1,1
dbor_11,33:30.7,33:36.0,是叫我们叫做的模糊匹配，对不对？,0,1,0
dbor_11,33:36.0,33:39.6,一个模糊的匹配这里like留引号，后面是匹配什么？呀一个字符。,0,1,0
dbor_11,33:41.4,33:49.6,所以留开头了，还有呢 Like，大家注意，这个如果是胆横线和这百分号有什么区别？,0,0,1
dbor_11,33:49.8,33:58.1,啊几个是限定了位数，应该没限定对。,0,0,1
dbor_11,33:58.1,34:00.4,对对留留开了后面想跟什么就用百分号是吧？,0,1,0
dbor_11,34:00.8,34:06.2,如果是胆横线就相当于什么呀是一个空位置，你去填画三条杠就填三个。,0,0,1
dbor_11,34:06.5,34:13.8,好，这就不讲它了，这个通佩服我们在思源里面也学过了。,1,0,0
dbor_11,34:15.2,34:21.0,吧这个细节大家去看烘焙谱是什么？,1,0,0
dbor_11,34:21.0,34:24.9,呀比如说换行的那个反斜道啊衣服。,1,0,1
dbor_11,34:25.2,34:28.4,这个反形状是通背符。,0,0,1
dbor_11,34:30.4,34:32.0,吧那么。你有的时候本来它是起控背部起控制作用的，但是我那一天我非要输出了，就当成一个常量去输出。,0,0,1
dbor_11,34:33.2,34:43.0,再加一个再加对再加一个杠杠好很好。,0,0,1
dbor_11,34:43.7,34:48.2,这个那我刚才说了啊不能用。等于是吧？,0,1,1
dbor_11,34:50.1,34:54.5,好，这是多重条件与合作或这些我都不讲了，这你们原来都学过的。,0,0,1
dbor_11,34:54.9,35:02.0,现在讲输出order by输出。,0,0,1
dbor_11,35:06.2,35:09.6,呢因为数据库当中其实我们这是经常要用到的，比如说我输出全球学生的信息，按年龄由小到大排列。我叔叔。,0,0,1
dbor_11,35:09.7,35:21.0,学生的信息，先把系相同的学生把它输出同一个系里面，再按年龄有较大大排列，有没有这样一些要求？,0,1,0
dbor_11,35:21.2,35:30.1,啊都可以一次一次一步去选择的，这就是order by。,0,0,1
dbor_11,35:30.1,35:34.4,刚好说说的有这种选择，SC是升序，bscdac是降序，然后缺损的时候呢是参训注意啊关于。,0,0,1
dbor_11,35:34.7,35:47.6,含空值的时候，如果升序的话，有空值的最后显示，如果是降序的话，有空值的最先显示，那么也就是说空值认为它是什么样啊最大的排在最后的，是不是？啊纳米控制。好看一个例子。,0,1,1
dbor_11,35:47.7,36:09.0,嗯看下面一个例子，吧最后一个查看。,1,0,0
dbor_11,36:09.5,36:13.1,查询全体学生结果情况。,0,0,1
dbor_11,36:13.3,36:17.0,首先按系相同的牌，如果系同一系的按学生年龄排，大家看这个地方select的这个输出信号是不是。就是所有的这个表。,1,0,0
dbor_11,36:17.2,36:30.8,啊然后呢从student表。,0,0,1
dbor_11,36:30.8,36:33.4,当中这里排序。order by先按什么系。,0,0,1
dbor_11,36:34.5,36:39.7,然后呢再按年历同一个系。,0,0,1
dbor_11,36:39.8,36:42.5,呢大家说这样一个输出就带给我们带来很多的方便，因为数据库的我们说一个数据库啊它往往是很大的。它在。,0,0,1
dbor_11,36:42.6,36:51.8,存在存储上，它只可能按一种顺序存储。,0,0,1
dbor_11,36:52.5,36:57.0,也就是说它存不可能把一个一个文件乘几个备份，吧我们说过没有？,0,1,1
dbor_11,36:58.4,37:04.2,但是呢在显示上不同的人有不同的要求，比如说有的人需要按细来看，有的人需要按年龄来看，有的按什么？,0,0,1
dbor_11,37:04.4,37:14.0,通过这种order by呢可以实现你不同的能按不同的要求来看这个结果。,0,0,1
dbor_11,37:14.1,37:21.1,好，这也讲了啊聚集函数。,0,0,1
dbor_11,37:23.1,37:25.9,这个上次在关系演算里面提过，主要是用来做统计的，这里面靠的技术。,0,0,1
dbor_11,37:26.1,37:34.7,刚才我提过，比如说我们查所有选了。,0,0,1
dbor_11,37:35.0,37:40.3,课的学生人数，我查所有选的课的学生人数，我可以用一个什么样的来做？,0,1,0
dbor_11,37:40.4,37:51.0,呢这个靠的是用来数有多少个。,0,0,1
dbor_11,37:51.0,37:57.1,我们先查所有选课的学生人数，还有还有一句话是查所有选课的。,0,0,1
dbor_11,37:58.9,38:06.2,能次两个字啊一个字的差别，一个叫什么呀人数。,0,0,1
dbor_11,38:06.9,38:13.3,一个叫什么能次。,0,0,1
dbor_11,38:13.4,38:15.5,那么我们就可以用一个函数select caught。,0,0,1
dbor_11,38:15.8,38:19.7,caught是用来计数的。,0,0,1
dbor_11,38:19.8,38:23.3,Count这个里面呢假设我是用的学号，啊我假设用的学号。,0,0,1
dbor_11,38:23.6,38:30.3,from呃你跟他说话。,0,0,1
dbor_11,38:30.7,38:33.0, SC好，这个地方就有distinct的或者o的一个给你去什么呀去选。,0,0,1
dbor_11,38:33.2,38:41.4,如果你这里是用了o的话。,0,0,1
dbor_11,38:41.5,38:43.9,他是会求的是人数还是人次？,0,1,0
dbor_11,38:44.3,38:47.2,人次，如果是迪斯汀的呢就是什么？呀人数？套了就是用来计数。,0,0,1
dbor_11,38:47.3,38:53.9,好，现在看下面一个sum呢是计算总和。,1,0,0
dbor_11,38:54.9,38:59.9,um嗯我们。现在我们大家我我我出一道题目，大家肯定可以可以想象慢慢想是怎么做的，我们到最后把它讲。,1,1,0
dbor_11,39:01.8,39:11.5,我们几条语句讲完了之后，我们再来求。,1,0,0
dbor_11,39:11.6,39:14.8,比如说我现在我已经选了10门，我想看一下查一下我自己我选课到目前为止我到底选了多少课。,0,0,1
dbor_11,39:14.9,39:24.2,我得了多少学分，我的总学分是多少是多少。我的。,0,0,1
dbor_11,39:24.3,39:30.2,平均成绩是多少，如果要是大家知道怎么去上GPA的话，知道GPA吧？,0,1,0
dbor_11,39:30.3,39:36.6,就是你的学分级啊我的学分级是多少，我就这样一个问题。,0,0,1
dbor_11,39:37.0,39:43.2,大家后面学完了，我们再来写这个表达式，啊但这里就牵涉到一个问题，大家想到没有，你要把你的课程的怎么样？,1,1,0
dbor_11,39:44.2,39:52.9,啊学分是不是要求出来？,0,0,1
dbor_11,39:53.0,39:55.1,呀你选了多少课，把你的课的怎么样？,0,1,0
dbor_11,39:55.1,39:58.9,啊每门课的学费是不是要加进去，啊还有其他的等等。,0,0,1
dbor_11,39:58.9,40:03.2,那么这个sum呢就是求和纵向。的把把和求出来。,0,0,1
dbor_11,40:03.3,40:09.3,啊啊我们说我想做一个我们全班同学的年龄的总和是多少？,0,1,1
dbor_11,40:09.3,40:16.2,可不可以啊把它求和。还有平均值。,0,0,1
dbor_11,40:16.6,40:21.5,我们想比如说我求我选我这个数据库的成绩的平均分是多少。怎么做呢？,1,1,1
dbor_11,40:23.2,40:30.7,我数据库这门课程的。,0,0,1
dbor_11,40:32.0,40:33.8,呃 Uh嗯假设我就是一门课。,0,0,1
dbor_11,40:35.9,40:45.4,啊假如我现在知道我的数据库，我现在知道我这个数据库的括号是c二，假设我知道。,0,0,1
dbor_11,40:50.9,40:57.2,因为我现在没牵不想牵扯到两个表的连接，这就是求这个课的什么？,0,1,1
dbor_11,40:58.1,41:05.2,呀平均成绩，还有呢求最大值最小值都是在这里的。,0,0,1
dbor_11,41:05.2,41:11.3,嗯好。,0,0,1
dbor_11,41:11.7,41:14.0,看几个例子，查询学生的总人数，c net colored心from功能这个 Xie。,1,0,0
dbor_11,41:14.0,41:20.5,当这个靠谱里面这个用心来写的时候，呢它是表cos大啊啊 color star。,0,0,1
dbor_11,41:20.7,41:27.5,它里面它表达的是属原主就是有多少条记录，它用这个来记述。,0,0,1
dbor_11,41:27.7,41:33.5,如果你要是写字段的时候，它又会不同，因为你这个地方靠了star。,0,0,1
dbor_11,41:33.6,41:40.9,你有没有办法去数加上给听课来加上o啊这些东西啊。没有没办法。,0,0,1
dbor_11,41:41.1,41:46.9,吧它是属原主的，有的时候你要真的要去区别底子t的o啊或者什么的时候。,0,0,1
dbor_11,41:47.0,41:54.0,你就只要用具体的嗯具体的。,0,0,1
dbor_11,41:54.2,41:57.7,大家看这里查询选下了课程的学生人数c呢 called distinct，so这是我前面讲过的是吧？,1,1,1
dbor_11,41:57.9,42:06.6,查平均成绩这也讲了。,0,0,1
dbor_11,42:06.8,42:09.4,大家看c left语句最后结尾都是一个封号。,0,0,1
dbor_11,42:11.1,42:14.6,啊查询最高分。很很容易看懂。,0,0,1
dbor_11,42:14.7,42:20.9,吧噢这里就是我刚才说的查询某个学生选修课程的总学分，实际上这个例子牵扯到两个表的查询，回头我们把它停在这里，吧 Sc表。,0,0,1
dbor_11,42:20.9,42:35.2,课程表两个怎么样做连接。好，我们先。,1,1,0
dbor_11,42:35.2,42:39.9,查询学生，包括学生选修课程的总学分，我们需要的是输出学分，ac表，课程表还有什么？,1,1,1
dbor_12,00:00.8,00:14.3,我想大家看一下这个例子，大家想一下，我想找一个同学帮我把他的关系代数的语句写出来，因为只要把关系代数语句写出来了之后，我相信大家去了解这个这到底是在什么样做的了。,1,0,1
dbor_12,00:14.5,00:29.1,嗯你后面求和你不会写没关系，好不好？,0,1,0
dbor_12,00:29.9,00:33.4,你能把后面这里写出来可不可以？,0,1,0
dbor_12,00:33.4,00:35.8,他怎么样在做把两个表选择还做了一个什么？,1,1,0
dbor_12,00:37.1,00:45.6,呀连接是吧？,0,1,0
dbor_12,00:45.6,00:47.9,然后再在上面怎么样？,1,1,1
dbor_12,00:47.9,00:50.1,啊求和对不对？,0,1,0
dbor_12,00:50.1,00:52.5,好，如果我说我想要输出的这个例子大家知道了吧？,0,1,0
dbor_12,00:52.7,00:56.8,我要说每个学生的我的每个学生的选课的总学分怎么办？,1,1,0
dbor_12,00:57.4,01:02.8,我不是某一个学生，每个学生选课的总学分，还有他选课的课课程数学，分每个学生啊。,0,0,1
dbor_12,01:02.8,01:13.4,这个怎么做，啊我就像这确实是对呃嗯呃信号的，好的就是对嗯可不可以啊可不可以？啊我这里。输出了一个前面加了一个什么？,1,1,0
dbor_12,01:13.8,02:21.5,呀学号，对不对？,0,1,0
dbor_12,02:21.5,02:24.2,我前面加了一个学号，然后呢再就加上这个那么他在他在做的时候，呢他是会按噢这个地方有一个问题，这里有一个问题，我要加一个才行。,0,0,1
dbor_12,02:24.8,02:43.9,啊嗯这个绝对要按照法律。,0,0,1
dbor_12,02:43.9,02:54.2,加上我这又加了一这个，事情我前面那个错了没有，啊前面我我前面这条语句有没有问题，大家看求和的是求的什么？,0,1,1
dbor_12,02:55.1,03:08.5,呀整个表里面的全部的怎么样？,0,1,0
dbor_12,03:08.5,03:12.1,啊全部的学分加起来了，是不是？,0,1,0
dbor_12,03:12.1,03:15.0,啊好，现在我说要某一个学生，那么我现在就是可以把这产生的这个表啊用什么来分组？,0,0,1
dbor_12,03:15.0,03:24.8,用学号来分组，然后输出的时候，呢就是每一组我们按学号来分组，对不对？,0,1,1
dbor_12,03:25.0,03:33.5,每一组输出一个学号，再输出一个分数那个学分，在这里面。,0,0,1
dbor_12,03:33.5,03:39.5,看清楚，啊这又学了一个短语，group by这里的。,0,0,1
dbor_12,03:40.4,03:45.9,好，它的作用就是把它把把我们的那样的一些记录进行分组，比如说这里求各个课程号及相应的选课人数，这就是被NC表按怎么样？,0,1,1
dbor_12,03:48.5,04:04.6,啊括号分组分组之后，那么输出的时候，每一个课号值就是一组，啊他的课号出来这个 Count，呢后面这个技术就是把这一组的学生来计数好。,0,0,1
dbor_12,04:04.6,04:21.2,查询选修了三门以上课程的学生学号，大家看这里我们这里 group by分组对不对？,0,1,0
dbor_12,04:27.7,04:40.1,把是ac表group by分组，这里是按学号分组，这里输出每一组，我们输出一个学号，我这个地方如果我愿意的话，我也可以加上一个什么呀 caught，然后什么什么？,0,0,1
dbor_12,04:40.1,04:55.6,可以说每个学生选了多少，但是我只要什么呀学号，但是这里做筛选的时候，大家注意这里一个having短语，它是对主做筛选，不是对这个一条一条的记录做筛选，就是说我只要我输出的时候是某一组的它的计数大于三的时候，我才输出注意这个啊 having和v二的区别。威尔是对什么进行筛选？,0,0,1
dbor_12,04:55.7,05:23.1,啊一条一条的记录，海明对什么进行筛选？,0,1,0
dbor_12,05:23.2,05:27.8,啊一个组一个组。,0,0,1
dbor_12,05:27.8,05:31.0,嗯嗯好，这里刚才讲了，啊这个从前面的单表查询，我们是不是就已经把所有的那些单词一开始讲的6个单词，CNN from where having ordered by。什么什么都已经讲了是吧？,1,1,1
dbor_12,05:33.9,05:49.9,Good，look那么现在我们来讲呢连接查询，因为在水库呃在关系数据库里面经常是有多个表组成这个数据库，那么怎么把这些表连到一起去呢？,1,1,1
dbor_12,05:49.9,06:03.7,完了怎么操作我们后面再说啊嗯的。,1,1,0
dbor_12,06:06.7,06:10.9,查询每个学生及其选修课程的情况，我们说每个学生的基本信息在哪个表里面拿，在使用的表里面是吧？,0,1,1
dbor_12,06:12.1,06:23.9,学校的、姓名、性别，看选修课程是不是在SC表里面？,0,1,0
dbor_12,06:24.2,06:28.2,啊那么我们在讲关系代数的时候，这条语句就是什么？,0,1,1
dbor_12,06:28.3,06:33.8,呀 Student的表格，s和SC表是吧？,0,1,0
dbor_12,06:34.0,06:39.4,是不是做一个自然连接的结果，那么这个自然连接在这里就是这样体现。,0,0,1
dbor_12,06:39.5,06:45.6,这两个表输出使用上的所有子弹，输出ac的所有子弹，这个地方呢怎么去连，呢是不是用student的学号等于ac的学号？,1,1,0
dbor_12,06:45.8,06:57.5,好，这个如果这个是懂的，同学到这里是肯定懂的吧？,0,1,0
dbor_12,06:58.3,07:04.9,嗯好，那么在这个地方输出的时候，实际上这是一个什么连接？,0,1,1
dbor_12,07:04.9,07:09.7,啊是一个等值连接和自然连接是不是不一样？,0,1,0
dbor_12,07:10.2,07:14.0,好，我写的这是自然连接，这事实上执行的是一个什么？,0,1,0
dbor_12,07:14.1,07:18.9,呀本质连接，有哪一个字段输出了两次？,0,1,0
dbor_12,07:18.9,07:22.4,啊 S型号吧是吧？那么你这个时候怎么办？,0,1,0
dbor_12,07:22.4,07:27.9,呢你可以把它清洗一下，把它 student点start还是表示所有字段啊这个重复了的，你可以把它书桌改一下，变成自然连接，student的学号，就是如果两个表都有相同的的时候，你就把它该怎么样？,0,1,1
dbor_12,07:27.9,07:46.7,啊选择一个表的某个学号，这些字段都是两个表各自有的各自有的不存在重复，对不对？,0,1,0
dbor_12,07:46.7,07:56.1,嗯好。这是一个自身连接，就是表和表自己的连接。,0,0,1
dbor_12,07:59.6,08:06.0,看这个例子，查每一门课的间接先修课我们看，这个然后换一个表换一个唉。,1,0,1
dbor_12,08:07.3,08:18.6,对公司写的。,0,0,1
dbor_12,08:24.6,08:25.7,假如我现在的词表是这样的，啊我就把它简单一点写括号，还有他的先修课号，我假设就这样写，1号、2号、3号、4号，然后看这里是一号课程的先优课是二号，二号课程先是三号，三号课程的先修课我们协调的一号课程讲的没有签休课，2号课程签约课是1号3号课程的签约，课假设也是1号，4号课程签约的是3号，没错吧？,0,0,1
dbor_12,08:27.4,09:01.9,可以这样，吧我要查每门课程的间接性又课，那么4号课程的宣教课是什么？,0,1,1
dbor_12,09:01.9,09:11.1,呀3号3号课程宣教课是什么？呀1号。,0,1,0
dbor_12,09:11.2,09:14.8,那么4号课程的间接性相特是几？,0,1,0
dbor_12,09:15.0,09:17.9,啊根号，好，我们这样把这一找二看的舒服一点，好了，那么我怎么样做？,1,1,0
dbor_12,09:17.9,09:23.9,呢我就这样做，啊我把这个表我像刚才那样这样去循环，可能也可以写出程序来，但是我现在不太会写，我们就想我们数据库怎么样去处理，假如我现在有两个表记不记得我们学过关系的数？,1,1,1
dbor_12,09:23.9,09:40.3,啊你看这是比如说我二号课程，啊好三号课程的先修课是二号对不对？,0,1,1
dbor_12,09:40.3,10:01.4,然后我找到二号在二号课程的签约课是什么呀一号，我是不是就可以找到了三号课程的先要，课是几啊一号？,0,0,1
dbor_12,10:01.7,10:13.5,那我可不可以把这个表啊自己当成我心里想？,0,1,1
dbor_12,10:13.5,10:18.7,虽然只有一个，啊那我就把它想成是两个，它们自己连起来可不可以？,0,0,1
dbor_12,10:19.3,10:24.0,啊连接的条件是它的学课pco等于它的什么？,0,1,0
dbor_12,10:24.1,10:30.5,呀然后输出的时候输出他的课号和他的什么样？,0,0,1
dbor_12,10:30.5,10:35.5,啊全休课行不行？,0,1,0
dbor_12,10:35.5,10:37.9,可以，就这个思路就是表和表自身的连接。,0,0,1
dbor_12,10:38.0,10:41.4,好，这里面就利用到一个概念，就还是这个原主关系变量，上次我讲关心点三的时候有没有讲过变量的概念？,1,1,1
dbor_12,10:42.5,10:52.6,嗯关系演算的时候也不讲关系变量的概念，经常说比如说我这里有记记得以前我讲过这里有个指针，让边上往下移往下移，这里就是用的变量，啊不是说因为我现在把一个表变成了两个表，是不是真的会存两个表起来？,0,0,1
dbor_12,10:52.8,11:13.7,啊不可能，吧我现在要去指代它，为什么去指代呢？,0,1,0
dbor_12,11:13.7,11:18.2,好，大家看这里from课程表，我把课程表第一个取个名字叫first的，课程表取第二个名字叫什么？,0,0,1
dbor_12,11:19.1,11:27.3,呀 Second，实际上都是它，我让first的 CP00等于second的什么呀 seo，我叔叔的时候是for sth的seo加上三分钟的CC。,0,0,1
dbor_12,11:27.3,11:41.0,可以吧这就是自身。,0,0,1
dbor_12,11:41.5,11:44.9,连接对比较明显。还有y连接，外连接我们是在关于代数里面讲过什么？,0,1,1
dbor_12,11:50.2,11:59.3,左外连接，右外连接，是不是讲过啊？,0,1,1
dbor_12,11:59.3,12:04.6,是解决一些什么样的问题啊和自然连接相比的话，就有时候找不到匹配的时候是吧？,0,1,1
dbor_12,12:05.6,12:13.2,比如说我查所有学生的选课情况，如果我按前面这样的连接的话，将出现的问题跟大家说，因为所有学生选择情况这个表，我们看这个例子，啊查询每个学生及其选修课的情况，输出了这样一个结果。,0,0,1
dbor_12,12:13.6,12:33.4,大家看一下我们的数据库，一开始我们翻一下书，我们这个历程，如果你是一个老师，你来看这个数据的话，你觉得有没有问题？,0,1,1
dbor_12,12:34.0,12:43.9,啊好有没有问题？,0,1,0
dbor_12,12:43.9,12:46.1,啊唉我们的还有个学生他一门课都没选，他这学期就在家里玩游戏，所以老师最最要关心的人在这里关心到没有没有最要管的人，说实话当老师啊我跟你说，啊中间的这批人他们都很好没问题的，很优秀的人他也很好，他会给老师出难题，因为你要跟他给更多的知识给他，是不是？,0,1,1
dbor_12,12:46.1,13:10.9,啊这是老师要更操心的，其实老师最最操心的是有一批有有少数几个人可能是牵涉老师最多精力的，但是按你按这个是不是什么都没有，啊这几个人如果他一门课就没去查不查得出来，查不出来什么原因造成的。,0,0,1
dbor_12,13:10.9,13:30.5,连接的时候啊大家。,0,0,1
dbor_12,13:30.7,13:33.5,看这个例子我改成了左拐连接，left out of joy是不是？,0,1,1
dbor_12,13:33.5,13:40.0,啊谁来的什么什么都没变。,0,0,1
dbor_12,13:41.2,13:43.7,啊所以left out join ac on student的学号等于ac的学号，看一下这个地方已经改了，啊这个时候输出唉发现有个叫王敏的同学，有个叫张丽的同学没有选课，老师是不是要去问一下他什么原因？,0,1,1
dbor_12,13:43.7,14:08.0,啊是没选上啊还是什么？,0,1,0
dbor_12,14:08.8,14:11.1,我就是好我看多个条件连接，多个条件连接。下面查询。,1,0,1
dbor_12,14:11.6,14:17.4,选秀二号课程，且成绩在90分以上的学生，这是我们经常用的这个实现两个表的连接对不对？,0,1,0
dbor_12,14:17.4,14:26.9,这句话10月2号等于a是在学号，并且ac的括号等于2，成绩大于90，这句话用关系来做好不，好，写关系带出好不好？,0,1,1
dbor_12,14:27.0,14:40.5,写找一个关系。,0,0,1
dbor_12,14:40.5,14:43.7,会不会会不会？,0,1,0
dbor_12,14:44.7,14:46.8,嗯说一下。吧这个因为把你嗯。,0,0,1
dbor_12,14:48.3,14:53.4,写出来都没关系，啊其他同学可能写一下。,0,0,1
dbor_12,14:54.5,14:58.8,嗯这个这个这个的这个他这个形成的发展最大的，我觉得还是成功。,0,0,1
dbor_12,15:00.2,15:14.4,他研究的是就是调整的再怎么表现一下，呃对。,0,0,1
dbor_12,15:15.0,15:22.7,就是哪个学生应该想到哪把应该c长的啊似乎人都不够，嗯说也对的，对，我觉得就是我发现自己的问题，这个这两个表格，这样的选择，谢谢选择再一次。,0,0,1
dbor_12,15:23.8,15:46.6,两个选择，你选择下面有两个条件把这个班上去嗯这个选的吗？谢谢。,0,0,1
dbor_12,15:48.9,15:58.4,呃为那个呃的模式教育是嗯好好研究研究这一块还要写，请那个集合咱们组，您觉得怎么这个东西不是不是没有那个没有上课的，这个嗯这两年的时间都交了。,0,0,1
dbor_12,15:58.7,16:33.0,没问题嗯，然后本质连接的话就是打开我们了解嗯放出来就是条件的，嗯其实以前那全年就是把那个所有的去那个的不一样。,0,0,1
dbor_12,16:34.6,16:52.5,好了，俺们做的挺好的是吧？,0,1,0
dbor_12,16:54.1,16:57.6,就是所有的都是不好的，吧就一个小符号，好像这样反着带也没关系，啊只要知道就行，那语法是另外一回事，我们就要知道没关系的。,0,0,1
dbor_12,16:57.6,17:11.3,啊然后这个地方呢可以加一个使用的点卫生，噢因为这个地方噢这个地方没有重复是吧？对不对？,0,1,1
dbor_12,17:11.3,17:22.4,挺好的，有没有问题？,0,1,0
dbor_12,17:22.4,17:24.8,啊没问题。,0,0,1
dbor_12,17:24.8,17:27.0,噢我们说要把三个表都连起来的话，就把你更简单了，student ac course。,0,0,1
dbor_12,17:27.0,17:34.4,利用使用的学号对s的学号唉是一个课号的课程的课号，这个没问题吧。,0,0,1
dbor_12,17:36.1,17:44.0,啊这个会不会嗯。,0,0,1
dbor_12,17:44.1,17:47.8,这是讲关系代数的时候也讲过的，啊所以大家说我们为什么前面要讲关系代数？,1,1,1
dbor_12,17:48.0,17:55.6,好，下面我们再来讲嵌套，查询就是签到。,1,0,1
dbor_12,17:56.0,18:02.5,查询呢是这个 select from where这个 Where后面的语句又是一个查询语句，这就叫嵌套。,0,0,1
dbor_12,18:02.5,18:12.6,嗯大家看啊看这个例子，啊大家看这个例子在做什么事，我们来看这个例子做什么事。,0,0,1
dbor_12,18:15.6,18:24.6,嗯 Select from student表输出学生的名字，要求学号在哪个集合里面，呢应学号在这个集合里面。,0,0,1
dbor_12,18:25.0,18:35.5,好，这底下的结果是不是就是一个集合？,0,1,0
dbor_12,18:35.6,18:38.4,啊就是使用net学号from ac秒为了课号等于什么r是吧？,0,1,0
dbor_12,18:38.4,18:45.3,这个这句话在做什么事。,0,0,1
dbor_12,18:45.5,18:48.5,选哪儿的，明确什么。,0,0,1
dbor_12,18:48.7,18:51.8,对，选了二号课程的学生名字，这样考试员一样的是吧？,0,1,1
dbor_12,18:51.8,18:56.8,请大家说出执行结果，是不是这样？,0,1,0
dbor_12,18:56.8,19:01.0,啊是不是要考c语言的题？是这样吗？,0,1,0
dbor_12,19:01.0,19:05.7,这个里面这就是一个集合，这种查询就要签到，查询是就在他的这个查询条件又是一个只查询。,0,0,1
dbor_12,19:05.8,19:14.8,好，我们说y成叫复查询，底下叫子查询。,0,0,1
dbor_12,19:15.2,19:18.8,纸材里有些限制，呢它不能使用order by子句，因为只查询它是最后是一个集合是吧？,0,0,1
dbor_12,19:20.8,19:28.7,它不需要排序的，它为别的用的那到底能够嵌套多少？,0,1,0
dbor_12,19:28.7,19:34.2,呢这是根据不同的语言的要求，就不同的dps啊要求不同，有一些签到查询是可以用连接预算替代的，但有一些是什么呢不能的，像这个是肯定可以用连接做了，吧我们前面已经做过。好。,0,0,1
dbor_12,19:34.8,19:54.7,这里呢还有一种我们其实这种前面这个查询叫不相关子查询，这个是比较简单的，所谓不相关呢就是我把这一边都做完了之后，放到一个结果，静态的结果放在这里，你后面来调用，所以这叫不相关子查询。,0,0,1
dbor_12,19:55.0,20:13.9,还有一类子查询呢叫相关子查询，是是要是要上层和下层啊互相牵连在一起的，我们来看一个例子，啊查询与流程在同一个系学习的学生，那到底流程在哪个系，你知不知道？啊不知道对不对？,0,1,0
dbor_12,20:14.0,20:32.9,你先要找到流程在哪个shei再来找这个系的学生。,0,0,1
dbor_12,20:33.0,20:36.5,呃两个队。,0,0,1
dbor_12,20:38.3,20:39.4,那么如果这个查询呢可以分两步做，也可以在一步做，假如我们说在这个查询是找到什么呀流程所在的系，然后我们在使流程表当中输出这样的学生所在系是流程的。,0,0,1
dbor_12,20:42.5,21:01.0,好，这个地方如果流程只在一个系的话，这个结果是不是这个这个集合只有什么？,0,0,1
dbor_12,21:01.4,21:08.2,呀一个结果，所以也可以用等于的，啊如果要是多个结果的话，就得要用集合操作，啊这个它也可以用连接来做，它把边角做什么？,0,0,1
dbor_12,21:08.2,21:23.8,呀 S一s二，然后把这这两个表进行连接，然后再投影，它可以用两个表的自成连接来做。,0,0,1
dbor_12,21:23.8,21:33.1,我觉得前面这个例子如果用嵌套是不是看着舒服好多，啊也从这里好好再来看，可以去查询选修了课程名为信息系统的学生学号和姓名。,0,0,1
dbor_12,21:33.2,21:48.9,这个例子我们实际上可以用连接很容易的做，使用的表连接上怎么样？,1,1,0
dbor_12,21:49.3,21:55.6,啊学生嗯选课表连接上课程表这个好写，吧然后再做一个选择，再做一个投影不就完了。,0,0,1
dbor_12,21:55.7,22:05.8,呀是可以用连接做的，但是我们这里呢用嵌套来做一下，选修了课程名为信息系统的那课信息系统的课号是多少，是不是在这里求出来？,0,0,1
dbor_12,22:05.8,22:20.3,啊嗯因为一门课我们比如说选秀的数据库数据库，现在有三门课，唉是不是有三个课堂啊甚至不止，所以说说那课号还还有好多的对不对？,0,1,1
dbor_12,22:20.3,22:33.1,啊这里那么选修这个信息系统呢括号是什么？,0,1,0
dbor_12,22:33.3,22:37.2,呢放在这个集合里面，那么哪些学生选的呢是不是在ac表来选呢是吧？选号拿出来对不对？,0,1,0
dbor_12,22:37.2,22:46.0,然后再来看这学生到底叫什么名字，啊是不是要到名字就是表当中去，是不是？,0,0,1
dbor_12,22:46.7,22:53.4,啊其实这个地方肯定等于的，然后这是噢这是印好来学学学什么名字，是不是这样？,0,0,1
dbor_12,22:53.4,23:02.0,啊这样一个做法。,0,0,0
dbor_12,23:02.0,23:04.0,这个是可以用这种刚才我说的连接，把这三张表连起来是会的是吧？然后再输出。,0,0,1
dbor_12,23:05.9,23:13.8,好，还有比较运算出来只查询，这等于啊小于啊等于我们这里要学的是。,0,0,0
dbor_12,23:15.3,23:23.7,这个如果只有一个系可以用等于对不对？,0,1,0
dbor_12,23:25.3,23:29.1,注意这里啊我们说这个地方可以这个地方强调一下，这里学生所在的系等于这个只查只查询的结果可以这样写，但是呢不允许这样写，这个子查询等于弦所在的系是不允许的，为什么不允许啊大家说逻辑上对不对？,0,1,1
dbor_12,23:30.1,23:54.5,这不是个摆的好看不好看的问题。,0,0,1
dbor_12,23:54.5,23:57.8,这里威尔威尔后面突然应该是什么？呀一个条件表达式，是不是？,0,1,0
dbor_12,23:58.0,24:02.8,啊是这个是使丢了的表当中是丢的表当中的一个什么东西和与法律相同，所以不能这样写好，这个是大于等。,0,0,1
dbor_12,24:02.8,24:15.0,啊啊他看这个例子对，我们实际上呢找出每个学生超过他选修课程平均成绩的课程号，我就是有人说我这个要求不高，啊我就只看我过了平均平均分配噢是不是有很多这样的人。,0,0,1
dbor_12,24:15.6,24:33.4,啊那么呢这个地方就是有，这实际上就是一个关联查询，呢大家看把大学CC脚癣克是不是？,0,1,1
dbor_12,24:33.4,24:48.4,啊我们现在不管这个为什么它这个会要加个x给它取了一个变量x还有还有数学好课，好，这个成绩大于。,0,1,0
dbor_12,24:48.4,25:01.2,这里又有一个y是什么意思？,0,1,0
dbor_12,25:02.8,25:05.0,呢而且我们就是s表。,0,0,1
dbor_12,25:05.0,25:09.5,啊还有大家看。,1,0,1
dbor_12,25:09.5,25:12.2,一下4呃的事情，嗯谁知嗯不不是，是二呃是。,1,0,1
dbor_12,25:12.7,25:52.8,嗯行好。,1,0,1
dbor_12,25:53.4,25:57.2,这样他这地方这是SC表，他这个执行的时候呢它是一个关联查询。,1,0,1
dbor_12,25:58.3,26:05.0,首先是考察假的，第一个学生啊第一个学生呢选了 s一c一它得了80分，这个我们这个甲有个变量是x啊这个变量，就 Sc表的第一个边长是x他目前知道的是s一s1c1 80分，然后就是说那么这个他选的是一有没有大于所有选择选41这门课的平均成绩呢？有没有？,1,0,1
dbor_12,26:06.1,26:38.0,呢那么这个时候我就有第二个变量，第二个变量也是SC表的一个变量，我用什么呀用y来指代，用y来指代，ac表用y来指代，实际上是这里面的所有圆组吧 while y的sno等于x的as二o嗯嗯。,0,0,1
dbor_12,26:38.1,27:03.4,这是y是吧？这是y啊 y的x根号等于有几个？啊一个是不是两个？,0,1,0
dbor_12,27:07.1,27:14.5,满足条件是不是有这两个？,0,1,0
dbor_12,27:15.2,27:17.5,然后在这里他的平均成绩把这个平均成绩求出来。,0,0,1
dbor_12,27:17.5,27:25.0,再来看当前这个xx的是否大于这个平均成绩输出？说清楚没有？,0,1,0
dbor_12,27:26.1,27:34.1,那个 Y和x个子各干什么事情？,0,1,0
dbor_12,27:34.1,27:37.2,好，假如这一个完了之后，我就假如说这个完了之后，第一条做完了之后，我就来做第二条记录，第二条记录呢他可能会重复，啊我们假如坐到这里来吧好吧，说他就可能好，第二条就到这里来了，对不对？,0,1,1
dbor_12,27:37.4,27:57.1,这个时候x变到这里来了，学号是s一，括号是什么呀c二，那么我要不要输出这个 s一c二？,0,1,0
dbor_12,27:57.2,28:07.9,呢费用该不该要输出？,0,1,0
dbor_12,28:07.9,28:10.3,呢就要去判断条件，判断条件就看这个成绩great，这个成绩要不要大于。,0,0,1
dbor_12,28:10.3,28:19.3,这里是不是有问题啊这个地方？嗯这个。是。,0,1,0
dbor_12,28:21.5,28:27.4,噢对噢，好。,0,0,1
dbor_12,28:30.9,28:33.7,我让自己选修是吧？那我看这个例子。,1,1,0
dbor_12,28:37.3,28:40.2,吧 X指到s二的时候要不要输出s二c一要不要。,0,0,1
dbor_12,28:40.2,28:47.5,判断就选个嗯要。,0,0,1
dbor_12,28:48.2,28:50.6,判断这个流程后面走应该可以。,0,0,1
dbor_12,28:50.6,28:55.8,吧我假设大家如果能够理解这一个的话，我我想换一个题目找出来学生，嗯我不要这个题目了，我刚才把它理换成这样一个题目，大家要怎么做？,0,1,0
dbor_12,28:55.9,29:13.6,呢比如说我要找出这样的学生，他的选课，就是说他在比如他选的数据库，它超过了数据库的成绩，数据库全部的平均成绩，它显得超系统它也超过了什么样？,0,0,1
dbor_12,29:14.1,29:28.5,啊超系统的平均成绩。,0,0,1
dbor_12,29:28.5,29:31.2,这句话呢是有点有点恶意性的一个话，大家看这句话有没有点歧义，稍微不小心读的话有是不是有歧义？,0,0,1
dbor_12,29:31.9,29:41.5,啊一个是说这个学生自己所选的课程的全部成绩是吧？,0,1,0
dbor_12,29:41.5,29:46.4,一个是说他选了某门课全班的全班的平均成绩，噢我们这个例子是按这个来做的，假设我们把它换一种形换一个理解，这个题目是有歧义的，就是说在一个少数这样的学生，他就说，比如我写某一门课，我选的课程超过了这一门课的什么样。啊平均成绩。,0,0,1
dbor_12,29:46.4,30:11.6,这个例子怎么写，跟着类似会不会写。想一想会不会啊会不会。,1,1,0
dbor_12,30:11.7,30:17.6,会啊再一呢会写的把它把它改一下是吧？,0,1,0
dbor_12,30:18.2,30:22.4,要写改错了没关系，啊我也不知道是错的。,0,0,1
dbor_12,30:22.4,30:26.6,不要你只管改改错了，没事我把这里给你。,0,0,1
dbor_12,30:30.7,30:34.3,吧你要不要在这上面改。,0,0,1
dbor_12,30:34.3,30:36.9,啊我还是在黑板上写。好，你在黑板上写。嗯大家。,0,0,1
dbor_12,30:37.0,30:42.4,想一下我刚才说的话，大家听明白没有？,0,1,0
dbor_12,30:42.4,30:45.0,狠狠地说嗯我会治好。,0,0,1
dbor_12,30:46.0,30:54.2,在这里原来在你就看了了，嗯在这里呢那个还是呃了。,0,0,1
dbor_12,30:54.2,31:05.4,自己动一下笔，啊自己种下想一下。,0,0,1
dbor_12,31:05.5,31:08.6,啊我们要两个，嗯平时说出来，我们保证自己的这个我们这个事情，嗯我知道吧？,0,1,0
dbor_12,31:08.6,31:18.9,项目的，然后现在进去多少的成本好，我的第四全嗯就是两门课348404这是那个，就是那个自己可能有的就是他的部分嗯不是很正常的理由，嗯呢这得的啥，他要两个走走。,0,0,1
dbor_12,31:19.1,31:59.6,嗯好呃的特点呢就是主要4点，嗯嗯那实际上就是这个选课，噢我想看你这个这个这个我的课啊前面有什么，还是这里是嗯售外支付这个传播啊打印的还是我的，是台会的一个清楚很很好的 c噢为什么呢应该就是客户需要满足那个条件的嗯问题的项目。对对。,0,0,1
dbor_12,32:00.7,33:01.7,就是对。,0,0,1
dbor_12,33:07.4,33:11.7,啊 Shei是对的吧，对不对？,0,1,0
dbor_12,33:11.9,33:15.2,啊啊啊嗯这个但是对的呀嗯有个错误，两个呢这个我在嗯也不错。,0,0,1
dbor_12,33:15.5,33:31.3,啊我们应该没错吧？,0,1,0
dbor_12,33:32.9,33:36.2,啊啊实际上呢。,0,0,0
dbor_12,33:36.2,33:40.4,这个里面这就是叫关联词查询，也就是说你后面的这个前面的这个输出结果会和后面的这样的是怎么样啊联动的。,1,1,0
dbor_12,33:40.5,33:51.1,这个关联去查询是最后一句可以吗。,0,0,1
dbor_12,33:51.1,33:53.2,这是可能的执行过程，其实我已经讲了啊在这里我们再学一些短语，这个我这里有有两个，一个叫Aimee，一个叫iome代表另一个字，oo代表所有的词。,0,0,1
dbor_12,33:57.0,34:14.9,嗯大家看这里大于m就是大于只查询结果当中的某一个值，大于o就大于指查询当中的所有的值，小于案例呢小于某一个值，小于o呢是所有的值，这就是跟最大最小相有不了，就是说我比如说我要求是一个最大值，大于艾米大于只查询结果中的某一个值，这样只要大于它的什么样？,0,0,1
dbor_12,34:15.9,34:48.4,啊最小值就行，是不是？,0,1,0
dbor_12,34:48.4,34:50.5,啊大于o大于指啊运行结果当中，所有值是不是要大于什么？呀 Max就行吧？这样。,0,1,1
dbor_12,34:50.5,34:59.5,你看啊查询其他系中比计算机科学系中某一个学生年龄小的学生姓名和年龄，那么我们说写那个学生名字和年龄，从指标人表当中查，要你要什么样的学生数数呢 sa级小于内衣的一个计算机系的学生的年龄，其实大家看这个子查询的结果金额里面是不是计算机系的全部学生年龄啊是。,0,0,1
dbor_12,35:02.5,35:37.7,那我只要小于这个集合任何一个就行了，b也不等于CS线，实际上这个呢也等价于小于我们讲的不要安宁啊安宁不要小于select，这里换成一个什么？,0,1,1
dbor_12,35:38.7,35:53.5,呀 Mi n括号sh就行了。,0,0,1
dbor_12,35:53.6,35:58.5,Min括号essay。,0,0,1
dbor_12,35:59.7,36:02.3, lt s。,0,0,1
dbor_12,36:05.2,36:05.8, ot怎么小于Macs？,0,1,0
dbor_12,36:06.8,36:09.1,啊谁知回头。,0,0,1
dbor_12,36:09.2,36:14.0,你们看啊我要错了你们就看好，我们再说嗯不，让我可以，这个是关于前面一组的他们的一个等价变换，比如说等于o的话等于o可不可以啊可不可以等于o啊。,0,0,1
dbor_12,36:14.0,36:39.9,这个这个不能。吧怎么可能等于ao，呢是不是？,0,1,0
dbor_12,36:40.9,36:44.3,啊好，我们再看一个存在量词带有有祝，好。,1,0,1
dbor_12,36:44.3,36:52.3,一个承载量词的查询，啊所谓承载量就是这个只查询集合不为空，只要有某一个存在，它就是就可以作为真。,0,0,1
dbor_12,36:52.5,37:03.9,这两个量是一个存在量，是一个not的一个这意思，如果只差一个结果不为空它就为真。,0,0,1
dbor_12,37:06.4,37:13.2,如果捞了一个这意思呢就只查询结果为空，这个条件就为正。,0,0,1
dbor_12,37:13.6,37:19.4,我们我们今天就把所有的语法讲完，在下次的下次课呢就可能就会讲一些稍微难一点的这种查询语句，查询所有选修了一号课程的学生姓名。,0,0,1
dbor_12,37:22.5,37:35.4,大家看这个例子我们是会用连接做的对不对？我们是不是很会做？,0,1,0
dbor_12,37:39.8,37:45.3,连接，但是我们用签到查询，select学生名字，从student表达查where一个这一次的回忆一下我刚刚说了什么情况下一个这一次的这个条件为真，什么时候为真，就是这个只查询这个结果怎么样？,0,1,1
dbor_12,37:46.3,38:07.0,啊里面有内容不为空，它就是真，啊就是那么我们是是条件就是 From SC表为学号等于student的学号and括号等于1，看在这里面有没有这样的技术去产生，如果有就把它放进来，他执行呢会是这样的一个过程。,0,0,1
dbor_12,38:07.5,38:32.8,嗯嗯嗯对好好。,0,0,1
dbor_12,38:33.2,38:37.6,设一个美选啊我，讲一下现在是这样啊。,1,0,1
dbor_12,39:01.7,39:04.4,这个是这样的。好，假如我现在当前的数据库是这样一个状态，执行的时候会是怎么执行呢？,1,1,0
dbor_12,39:05.8,39:14.2,我它是一个二重循环，这边是外层循环，这边是什么呀内层循环。,0,0,1
dbor_12,39:15.0,39:20.9,好，现在当前是外层循环是对的唉是对的，s一这个学生的这是对的s一。,0,0,1
dbor_12,39:21.0,39:27.1,嗯好，他接着怎么做？,1,1,0
dbor_12,39:27.1,39:29.6,我现在发现是在这里，我现在要不要输出？,0,1,0
dbor_12,39:29.6,39:33.0,这个名字呢要不要输出？,0,1,0
dbor_12,39:34.0,39:36.2,呢那么我就看子查询条件为不为真，在当前这个状态下子查询为不为真，我就带到这边来看这个子查询啊在SC表当中找不找不到一条记录，学号等于它的学号，啊有没有啊有？,0,1,1
dbor_12,39:36.2,39:55.2,有有括号，是不是等于什么呀？C一正好有。,0,1,1
dbor_12,39:55.3,40:00.7,那么在这个子查询的结果现在是s一c一80，是不是这样？,0,1,1
dbor_12,40:00.8,40:07.5,啊这是只查询你借过吧是吧？,0,0,0
dbor_12,40:07.5,40:11.2,子才寻为不为空不为空，那么这个条件就为真，你就要输出什么？,0,1,0
dbor_12,40:11.7,40:18.5,呀好。,0,0,1
dbor_12,40:18.5,40:20.5,这个输出噢。,0,0,1
dbor_12,40:20.5,40:22.6,收拾完之后他往下怎么样？,1,1,0
dbor_12,40:22.8,40:25.5,啊走了下一条记录，好快走了下一条记录。,0,0,1
dbor_12,40:25.6,40:29.6,这边s二键这个地方键要不要输出？,0,1,0
dbor_12,40:30.0,40:33.4,呢不知道，然后我就看子查询，我带到这里面来，这个地方又还原了，啊这边又清零了，是不是？,0,0,1
dbor_12,40:34.1,40:43.8,啊带到这里面来我找不到的那一条记录，学号等于s二，括号等于c一啊找不到找不到。,0,0,1
dbor_12,40:43.8,40:52.6,吧没有，这个时候这个子查询的结果是这样的，是不是空值？,0,1,1
dbor_12,40:52.6,40:59.5,啊那个质押权为空的话，这个条件就甲就不能输出，会了，吧这有存在那样子好。,0,0,1
dbor_12,40:59.5,41:11.7,那我说查没有选41课程的学生，没有选适应课程的学生好不好做？,0,1,0
dbor_12,41:11.9,41:20.1,啊我把这个一个这意思的b意思的变成什么？,0,1,0
dbor_12,41:20.2,41:23.8,呀 Not的这意思的是不是就行了？,0,1,0
dbor_12,41:23.8,41:29.1,呀我说茶没有选c课程的学生，这里就变成log的一个这一次就行了，因为成捞了一个这一次的，只要它的结果怎么样？,1,1,1
dbor_12,41:29.1,41:40.3,啊为空，就是正好时间到了。其实我们。,1,0,1
dbor_12,41:40.3,41:46.5,大家知道啊我们讲这一块圆是应该是数据库学习当中呢最重要的一节习惯语言呢作为数据库的一个标准语言，它不仅它设计上的精巧，它应用的广泛也作为标准的广泛的采纳，都在我们计算机科学当中做了一个非常重要的地位。,1,0,1
dbor_13,00:01.0,00:25.0,并且呢我们在学习领会写作语言的时候，也其实是去体会在计算机科学或者计算机技术领域的一个发展当中的一种策略或者一种方法，一种技术发展的路径，这是我经常在课堂上给大家 c过程当中呢最应该说是最核心的一条语句，是不是叫查询语句？,0,1,1
dbor_13,00:25.2,00:53.1,啊谁呢这一句我们讲了它的7个来雨，还有它的各种方法，上一次我们讲了带有存在位次的子查询，举了两个简单的例子，大家记住啊查询所有选修了一号课程的学生，这里用了一个自查，一个一个这一次的他的是要要求什么？,0,1,1
dbor_13,00:53.2,01:19.5,这个只查询，只要结果不为空就为真，记不记得？,0,1,1
dbor_13,01:19.5,01:24.0,好，然后呢我们又讲了，一个 not一个这一次它这个查询的结果为什么呀为空就为正？,0,1,1
dbor_13,01:24.3,01:35.2,这是商讲的，我们今天呢接着继续往下看，记不记得在讲关系也算的时候我们说过了，观为此也算有什么呀有承载量词，还有什么呀全称量词，是不是？,0,1,1
dbor_13,01:38.4,01:56.0,啊但是呢在在醒泡源里面没有全称量是只有我们上次讲过的存在量是。,0,0,1
dbor_13,01:56.0,02:05.1,那么全称量词在这里怎么办？,1,1,0
dbor_13,02:05.2,02:07.6,呢境界，我们原来学过的任意，我也上次讲过啊任意x任x p它等价于什么？,0,1,0
dbor_13,02:07.6,02:17.5,呀等价于非非任意x括号p那么再继续就等价于什么？,0,1,0
dbor_13,02:17.5,02:28.7,非非存在x fae。,0,0,1
dbor_13,02:28.7,02:31.2,Pea，好，如果我们说我们说这句话，我们大家说，我们班上所有的同学都去看电影了，这是用了什么量式选定量式，那么如果想用这个承载量词来说，怎么说呢？,0,1,0
dbor_13,02:32.3,02:48.4,嗯对不存在一个学生没有去看电影，就是不存在一个学生没有去看电影，把它飞了两次，是不是？,0,1,0
dbor_13,02:48.9,03:01.2,啊好，我们现在就要看一个这样的我们这样一个查询，啊叫做查询选了全部课程的学生，嗯查询选了全部课程的学生，还记得这个数据库吧一个学生数据库，还有一个什么呀课程库是吧？,1,1,0
dbor_13,03:01.2,03:24.3,还有选课数据库，我们说查询选了全部课程的学生嗯，那么这样的是一个什么样的想法？,0,1,1
dbor_13,03:24.3,03:32.3,大家说那么这个学生的话，那就是说他所有的每门课程我们回到我们回到我们的历程，历史数据库，啊学生表，我们说查询学呢全部课程的学生是不是就要这样看？,0,1,1
dbor_13,03:32.3,03:52.2,呢这在学生表当中，我们比如说找了第一个学生对不对对不对？,0,1,1
dbor_13,03:52.3,03:57.9,然后在这课程表当中全部的课程是不是？,0,0,1
dbor_13,03:57.9,04:02.5,啊然后再看选课表当中这个学生是不是每个课程都有一个什么样啊选课记录，是所有的嗯既然没有去，如果用全称那样子来说呢就是说任何一门课这个学生都选了是不是全称量词，啊但现在没有全称量词应该怎么去解读这个问题，查询选了全部课程的学生，应该是什么？,1,1,1
dbor_13,04:02.5,04:28.7,不存在不存在培训，不存在一门课程这个学生没有选，是不是？,0,1,1
dbor_13,04:28.7,04:35.5,啊查询选了全部课程的学生，那就是不存在一门课程，这个学生没有选，那么这个其实是一个比较难的一个三重循环，我们要写这条语句该怎么写呢？,1,1,0
dbor_13,04:35.5,04:51.0,这个是嗯我今天早上啊为了备课，实际上呢我就我平时也有这个岗位，就是c块语句，呢看着很简单，就是一个c like，就一条查询语句，可以无论多复杂的数据库当中，你都可以实现你的查询是吧？,1,1,0
dbor_13,04:51.0,05:08.0,查到每个数据项，但是呢往往有一些查询想把它写好，实际上呢也还是要拼什么呀拼什么的，拼智力的，所以我今天早上去专门在百度里面搜了一下，复杂的使用最后查询，其实我们今天要讲的这个例子呢就是一个比较复杂的时刻查询，实际上它也是从简单的怎么样啊拼来的。,1,1,1
dbor_13,05:08.0,05:34.7,我们还记不记得这这个是怎么写，回头先想出简单的嗯没有选41课程的学生，记不记得这句话是怎么写的？,1,1,0
dbor_13,05:38.0,05:49.4,没有选41课程的学生就是在怎么做的呀做的？,1,1,0
dbor_13,05:49.5,05:55.2,呀先看这个表当中的每一个学生对不对？,0,1,0
dbor_13,05:55.3,06:00.6,呀然后呢看SC表当中，只要不存在第一个某一个学生选41课的记录就行了，是不是这样做了？还记不记得？,0,0,1
dbor_13,06:00.7,06:13.5,回去看书没没有啊了，吧那么这是一没有选41就是不存在41的选课记录是这样写，吧嗯然后说如果说我说这个学生几门课都没选的话，那就是不是既不存在一号课程的记录，又不存在二号课程的记录，又不存在怎么样？,1,1,1
dbor_13,06:13.7,06:34.6,啊三号课程的记录对不对？,0,1,0
dbor_13,06:34.6,06:38.3,好，那我们就看这个例子最后怎么写，我们先把这个写了。,1,1,0
dbor_13,06:38.3,06:42.4,啊谁？,0,1,0
dbor_13,06:42.4,06:46.2,卖的从s始终的表当中既表我写我现在要写这句话啊不存在没有选41课程的学生，没有选41课程的学生，好，后面一部分怎么写？没有选c一。,1,1,0
dbor_13,06:52.7,07:19.3,喂怎么样啊嗯学ass ace的学号等于什么？,1,1,0
dbor_13,07:19.6,07:29.7,呀丢Dewan的学号是吧？,0,1,0
dbor_13,07:29.7,07:34.2,嗯还有呢什么呀 Sas aca号等于11。,0,0,0
dbor_13,07:34.2,07:44.8,确实啊大家对这个还记得蛮清楚，非常感谢这个班的同学。,0,0,1
dbor_13,07:45.8,07:50.7,好，说这只是没有选c一是不是啊，如果说我要说所有的课不存在一门课，没不存在一门课，这个学生没有选课怎么办呢？,1,1,0
dbor_13,07:51.2,08:06.6,这算没选41？我说要选了全部课程的学生，是不是就说不存在一门课，这个学生没有选呢？,0,1,0
dbor_13,08:08.0,08:16.5,那不存在一门课怎么做，我我能不能在这里再试一下，扩展一下好不好？,1,1,0
dbor_13,08:17.1,08:24.5,Where我扩一点，啊 we are not exists。,0,0,1
dbor_13,08:25.6,08:31.1,Not，is this什么？,0,1,0
dbor_13,08:31.7,08:34.7,呢属于Mike课号。,0,0,1
dbor_13,08:34.7,08:40.8,From课课程是吧？,0,1,0
dbor_13,08:42.7,08:45.2,好，VR是什么？,0,1,0
dbor_13,08:46.9,08:48.4,条件？呢 Vr。,0,1,0
dbor_13,08:50.1,08:53.0,这个学生没有选课，那么这是没选c一对不对？,0,1,0
dbor_13,08:53.9,08:59.5,我们把这个课程啊能不能跟这个连起来，呀我我原来是c一是不是？,0,1,0
dbor_13,08:59.6,09:04.8,啊 Ace的cca好，面a4的cca好等于什么？,0,1,0
dbor_13,09:04.9,09:13.4,呢课程的课，好，可不可以这样写？,0,1,0
dbor_13,09:13.9,09:19.3,啊我先我这样先设计一下，我们把这个是怎么推出来的嗯？,1,1,0
dbor_13,09:20.1,09:23.9,我要输出选了全部课程的人，那就是不存在一门课，这个学生没选这门课，是不是这样？逻辑上有没有错？后面的？,0,1,0
dbor_13,09:26.2,09:36.0,同学你觉得我这样推理对不对？,0,1,0
dbor_13,09:37.4,09:40.2,有没有一点道理啊有有没有道理？,0,1,0
dbor_13,09:40.2,09:43.7,啊嗯好，那我们看书上的标准答案，我这里可能语法有点错，啊我们先看一下，这个因为这这个语句呢可能要花比较多的时间讲，一直以来是我们学这个地方的学习惯语句的时候的一个同学们理解的时候最大的难点。,0,0,1
dbor_13,09:43.7,10:04.9,查选修了全部课程的学生，查询学这地方的语法应该是准确的，我这边可能会犯小的错误，啊查询学是名字，从使用的表当中we are not一个这一条。,0,0,1
dbor_13,10:11.3,10:32.5,从课程表当中再来看，好，这就是还标准答案，那么我们有没有同学说老师你这个执行结果到底是对还是不对呢？,0,1,0
dbor_13,10:33.3,10:46.3,有没有能怀疑呢嗯也？,0,1,0
dbor_13,10:47.3,10:51.1,就是我觉得我理解不了老师，我觉得理解不了，你还能不能有什么办法告诉我，这应该是这回事。,0,0,1
dbor_13,10:51.9,10:58.6,这是一个底层循环，三种循环，我们举一个例要不要我举一个例子跑一遍？,1,1,0
dbor_13,10:58.9,11:06.9,有委屈，啊嗯好，那我们今天就慢一点，啊把这里举一个例子，我们已经采用过这种方法，这样我把我把这边擦掉，我我做一个小小的数据库好不好？,1,1,0
dbor_13,11:07.2,11:20.8,这是一个三三重的循环，关于这个例子，呢其实嗯我们我们找一个最小的数据库，学生表啊简单一些，就两个学生，Tom s二剑客课程表就两门课，CD BC2操作系统选个表就是7s1呢选了全部课程，s2呢就只选了一门课，好不好？,0,1,1
dbor_13,11:23.1,12:15.7,成绩我们就省掉，我们说按照我们的想象，选了全部课程的学生这个数据库输出的应该是什么？,0,1,1
dbor_13,12:16.8,12:24.9,呀 Poem是吧？,0,1,0
dbor_13,12:24.9,12:27.6,Palm，好，结果是不是这样？,0,1,0
dbor_13,12:29.4,12:31.6,呢我以前跟大家讲过，这是一种三重循环过，目前学它真正执行的时候，先是第一个指针，假设是指针，I啊我假设用I当指针，这里有个指针假设是 a指向，当前记录是s一是不是啊最外层，大家跟着我看，最外层的这个时候，学生所谓的名字呢是嗯 S一Tom指向治疗记录，我们就来考察下面的这一部分，看第二重循环，看第二重循环的结果到底是空还是空，如果是空的话，他就是怎么样？,1,1,1
dbor_13,12:31.6,13:15.6,啊他就为真。吧什么时候为真是第二种循环为止，空为真好。,0,0,1
dbor_13,13:16.8,13:22.5,我们到这里来，s一是Tom，然后呢这到了这个指针就来考察这两条记录，考察这两条记录，先看在这个在这个集合里面当当天记录s一的时候，集合当中能不能把41写进去，能不能把怎么样啊都要写进去。,1,1,1
dbor_13,13:22.7,13:46.2,好，现在为41进到这里来，到第三层循环，那么就来看这个 C一，有这个当前学生s一我不写c一，呢这个里面看有没有s一显示一的记录，啊有啊有没有s一显示一的记录，啊有吧？,0,1,0
dbor_13,13:46.2,14:07.7,有的话那这个结果为真还是为假是真的，us一显示一的记录这个结果为真还是为假假假。,0,0,1
dbor_13,14:07.9,14:18.3,甲的话这个 c一能不能写到这里？,0,1,0
dbor_13,14:18.5,14:21.1,来，不能吧？好，不能，那我就往下走一个。,0,1,0
dbor_13,14:22.4,14:27.0,第二层循环啊我就走了c二来了，啊第二层循环我走了，c二来了，好，再来看到了c二之后又走到第三层对不对？,0,1,0
dbor_13,14:28.0,14:41.1,走到第三层的时候，我在这里找不找到一条记录，学号为s一，课号为c二，有没有？,0,1,0
dbor_13,14:41.4,14:49.2,有有那这个结果这里有这个结果为真还是为假？假假。,0,1,0
dbor_13,14:49.4,14:56.0,C二能不能写到这里来？,0,1,0
dbor_13,14:56.5,14:58.5,不能，好，这个循环就走完了，那么当最外这最外层循环为s一的时候，这个地方是真还是空还是空，条件为真还是为假真？,0,1,0
dbor_13,14:58.8,15:13.3,真。那么那么这个s一要不要输错？,0,1,0
dbor_13,15:14.3,15:18.7,啊要，那么输出的结果就有一个Tom第一个fly，对不对？,0,1,1
dbor_13,15:18.7,15:26.2,啊没有问题，吧好，然后他再往下走，一个到s二，大家说s二的话，还要不我再讲不用不用了，吧如果不太清楚的同学，欢迎我们不是有小组嘛小组去讨论好不好不好？,0,0,1
dbor_13,15:26.3,15:47.2,也欢迎呢大家回头你把这个就把这个案例把它拍下来或者是什么。,0,0,1
dbor_13,15:47.4,15:55.4,我们如果有不清楚的同学，下课之后可以跟我讨论下一个是怎么跑的，大家自己去模拟一下。,1,1,0
dbor_13,15:55.9,16:03.3,大家注意啊 C括源呢确实是一个说明性的语言，就是我们只告诉计算机说我要做什么，但是真正的去怎么做的话是谁在时间呢 dbms吧 DB MS其实在做的时候，它也变成了一个什么？,1,1,1
dbor_13,16:03.8,16:24.0,呀过程性的语言，他也是要一步一步做的，只是减少了我们这些程序员啊等等的困难，但是呢我们也一定要有想象力，我们的想象力就是什么？,0,0,1
dbor_13,16:24.0,16:37.7,呢我们心里要能够清楚看到这一句话，我们内部心知道他是怎么做的。,1,1,0
dbor_13,16:37.8,16:44.1,前天啊我看了一段文字，我觉得也蛮一直是我觉得很描述了我平时一直想说的一段话，讲得很他是我们做计算机的人，有时候我也就像导演一样，像director像一个导演，其实我们有时候心里首先是要想出来我要做一个什么样的是吧？,1,0,0
dbor_13,16:45.0,17:06.8,然后我们再用程序想办法去实现它，去表现它，达到我们的目的，所以我们很多时候我们的工作呢也就像这种艺术家一样的想象力和让它实现的能力同等重要。,0,0,1
dbor_13,17:06.8,17:21.4,上次我我还给大家在QQ里面发的那有有一个很长的一篇文章，我不知道这在这个 QQ群里面我发了文章，大家看到没有，好像就是我们学委给我点了一下赞是吧是吧？,0,1,1
dbor_13,17:26.7,17:45.9,其他人都没理我，不知道你们看到没有？,0,1,0
dbor_13,17:45.9,17:48.2,其实我发那些的时候呢是要有时候给他，还是要大家在学我们的这种专业的知识的时候，我们也得要有多一些联想技术的东西，大家其实都可以看得懂的，居然今天这个东西虽然难一点，我们多花点时间讲，但是如果大家愿意沉下心来，老师不给你们讲，你们慢慢看是不是一样可以看明白。,0,0,1
dbor_13,17:49.5,18:14.9,啊好，再来看一下。,1,0,0
dbor_13,18:14.9,18:19.4,嗯再还有一个谓词也是我们说过的，因为我们一开始啊我们讲关于数据库的理论，说数据库的理论就是说我们的运算可以用，位置逻辑来实现，那么谓词逻辑当中呢我们讲过雨啊或呀飞啊等等，其中还有一个什么？,0,0,1
dbor_13,18:21.2,18:43.3,呀蕴含蕴含的，谁能给我讲解释一下这个 P蕴含q表达什么意思？,0,1,0
dbor_13,18:43.3,18:51.8,今天下雨我就带伞，如果刚才我刚刚一开始来的时候，我就问同学，你们去春游了没有？,0,1,0
dbor_13,18:54.9,19:03.9,大家说没有搞班上二十几个人都去不了，但是如果大家感情都很好的时候说，如果张一丹去我就去，那么这样的是不是一个蕴含关系？,0,1,1
dbor_13,19:03.9,19:15.9,啊嗯如果大家都成这样，啊如果谁去我就去，你们就会谈很团结的了，那如果蕴含就是如果批那么q比如说如果张一楠今天去这个周末去春游，那么我也去这批云南q它但是呢在水客源里面没有蕴含这个位置，它也是只能用我们已有的与或非来表达，这就这就表达它等价于非p或q请大家把这个解释一下，因为上一次为这个非p或q解释了很半天是吧？,0,1,1
dbor_13,19:15.9,19:53.5,我说如果张一丹去春游我就去春游，那么这句话用非p或q为来解释的话，应该怎么说？,0,1,0
dbor_13,19:53.9,20:05.0,嗯嗯嗯或者账一单没有去，是吧？,0,1,0
dbor_13,20:05.0,20:12.3,或者呢这个非批嘛就这样一单没去或者是什么呀我去了，是不是这样？,0,1,1
dbor_13,20:12.3,20:21.6,啊这两个是等价的，但是很多同学有时候就在这个地方会会混，上次讲这个例子的时候，我们上次讲了一个例题，就是说查询选修了，比如说啊我们说张一丹同学所选的全部课程的学生，那么意味着就是这门课如果张云南选，呢我要输出这个学生是怎么样？啊也选了对不对？,1,1,1
dbor_13,20:21.6,20:47.6,啊或者说他没选，或者是那么就只有这种情况，那么那某门课就出于我要输出的是什么样的，某门课，他要么就没选这个同学或者这个同学自己选的，或者他没选。,0,0,1
dbor_13,20:47.6,21:01.8,好，非p就是在从这个不蕴含到非p或q同学们在理解的时候是有点有一点点困难的，上次也讲过，好，我们也有一个例题，跟刚才的一个类似查询，至少选修了某某学生，选修了全部课程的学生号码，这个怎么讲？,1,1,0
dbor_13,21:02.9,21:31.8,呢假设我要是能够知道这个学生选择全部课程的话的话，我要是能够知道这个学生学所学的全部课程的话，那么是不是也比较好讲？,0,0,0
dbor_13,21:32.5,21:49.4,不成，我我们又没有全称量词，那么反过来说就是不存在一门课，这个学生选了，而我要宿舍学生怎么样？,1,1,0
dbor_13,21:50.5,22:01.6,啊没有选，是不是这样？,0,1,0
dbor_13,22:01.6,22:04.2,好，我们回到这个历程应该选，不存在于课程，这个学生选了某学生没有选，大家看这里啊我们还是不从我们最抵押的看起，就是说这是没选课是不是？,0,1,0
dbor_13,22:04.6,22:22.5,啊捞的一个这个是，就因为我我上课一来的时候，我讲的第一个例例子叫什么？,0,0,1
dbor_13,22:22.5,22:29.6,就是没有选四1课的学生，就是一个最简化的一个最底层的查询，是没显示一课的学生。,0,0,1
dbor_13,22:30.0,22:39.2,啊好，我们现在说不存在一门课，某某某某学生选了ehe，该学生比较突出的学生没选，这里呢我们就可以直接用SC表从SC表走，没有从史记录上开，我们待会会给大家分析为什么这一次要输出学生的时候，没有从丢是丢那表开始，啊而是直接从什么样？,0,1,0
dbor_13,22:39.2,23:10.3,啊 Sc表选课表开始。,0,0,1
dbor_13,23:10.3,23:13.5,好，from SC表，我们把ac表呢这里给了一个变量，scx就是在使用表和表自身的一些关联的时候，一个表备用到多次我们就会怎么样？,1,1,0
dbor_13,23:14.2,23:28.7,啊会使用的变变量，是不是？,0,1,0
dbor_13,23:28.7,23:31.5,啊第一次呢我们把ac表呢叫acx这是最外层的循环，最外层循环，我考考察每一条SC记录，ac考察每一条ac的记录，考察什么？,0,0,1
dbor_13,23:31.5,23:48.7,呢看当前的这个学号，这个学生的学号是否要输出，看当前这个学生学号是否要输出。,0,0,1
dbor_13,23:48.7,23:57.0,他这个学生比如说比如说在这里，啊我们看s一s一是不是在这里需要输出，呢那么就在这个 Sc表看存不存在一门课刚，比如说我们说2002学生选了，而这个s一怎么样？,0,1,1
dbor_13,23:57.4,24:16.4,啊没选，就说这这最外层是SC表，接了第二层，呢还是对什么呀 Ac表做操作，大家看，然后就看有一门课，这一门课呢这个122学生选了，是不是12学生选的？,0,1,1
dbor_13,24:16.4,24:36.7,呀而这里的最前面的scx它没有选，我们回头啊想办法把这样的一个历程，这样一个复杂的历程的走向，我们能想办法用一个什么样的动画把它实现一下，觉得好不好？,0,1,0
dbor_13,24:36.7,24:56.0,嗯我们还是跟踪跑一下，学生就会比较清楚的，因为这个不跑的话，我站在这里我都可以想得很清楚。,0,0,1
dbor_13,24:56.4,25:05.2,嗯好，我现在假设我这个 SC表啊我把它扩展一下，我们这个地方大概我不写这么长了，122我就说二号学生好不好？我就说二号学生。,1,0,1
dbor_13,25:05.2,25:23.3,好，假设我们现在的选课表是这个样子，选课表是这样子，现在有几个学生？,0,1,0
dbor_13,25:32.4,25:37.7,呐三三个学生有几门课，啊两门我要输出的是这样的，就是说我现在不用二号这个122，啊我要查询就是说选修了选修了二号学生，我就查选修了二号学生所选的全部课程。,0,0,1
dbor_13,25:37.7,26:17.2,那么这个地方呢这个 S表是这样的，这是二号学生，我们采用的就是表和表自身的连接，这是s表第一s表的。,0,0,1
dbor_13,26:17.7,26:29.7,我们要不要何老师画三个s表？,0,1,0
dbor_13,26:30.4,26:32.9,我们以前用的就是用画三次，要不画三次。,0,0,1
dbor_13,26:32.9,26:37.3,啊好，第一次啊这个第一个指针，scx是s表最外层，a4表的最外层，我先考察这一条记录，我考察这一条记录，考察这一条记录的时候，我就说这个 S一是不是我要输出的？,0,0,1
dbor_13,26:37.3,27:05.6,呢好，我要看s一是不是要我是不是要输输出的，接着看有没有一门课，有没有一门课二号学生选，呢但是怎么样？,0,1,1
dbor_13,27:07.3,27:20.6,啊 S一没选对不对？,0,1,0
dbor_13,27:20.6,27:23.9,这里是表示大家看这里是不是二号选是选的ac表当中这里有sy只带二号学生，因为这个时候sy的课号等于什么？,0,1,1
dbor_13,27:23.9,27:35.3,呀122是吧？,0,1,0
dbor_13,27:35.3,27:38.8,就有SC外，我现在就不好see y指向二号学生所选的课，他是不是这是第一个啊是不是？,0,1,1
dbor_13,27:38.8,27:50.3,然后我们再看二号学生选的c一，二号学生选了c二，要看二号学生选的课有没有他没选的，先看二号学生选的c一这门课该学生有没有选？,0,1,1
dbor_13,27:50.3,28:04.8,呢就看这个地方看这个地方结果。,0,0,1
dbor_13,28:06.4,28:10.6,好，到 s一y的一个SC二的时候，我来看整个浏览整个表浏览整个表就是scz从哪里开始？,0,1,1
dbor_13,28:11.5,28:23.5,啊从最前面开始一直考察下来，看有没有一条记录？,0,1,0
dbor_13,28:23.5,28:28.8,学号是s一，括号是什么？呀 C一有没有？,0,1,0
dbor_13,28:29.1,28:35.8,啊有有和最外层的循环式考察这条记录啊这个能不能为空？,0,1,0
dbor_13,28:35.8,28:45.4,能不能输出是要看什么？,0,1,0
dbor_13,28:45.5,28:47.6,呀啊第二次循环的结果为不为空，对不对？看第二次循环为不为空。,0,1,0
dbor_13,28:47.6,28:53.5,第二层循环呢是用acy做指针的，他要考察什么？呀这两条。,0,1,1
dbor_13,28:53.6,28:59.7,当然现在考察到这一条记录的时候，第三轮循环开始acj从头到尾我们看找不找到一条记录，学号等于ac是所指的ess一克，好等于si一，有没有？,0,1,1
dbor_13,28:59.8,29:16.5,啊有这一这个地方为什么呀为真为假，吧有了就为假为假的话，那么这个结果是不是要这为？,0,1,0
dbor_13,29:16.5,29:28.1,甲c一能不能写进来啊 C能不能写进来？,0,1,0
dbor_13,29:28.1,29:33.0,对着他的手走，c能不能写进来？,0,1,0
dbor_13,29:33.7,29:37.7,啊进不进得来进不来。,0,1,1
dbor_13,29:38.3,29:40.6,好，再来看，他就往下再指，一个指到s二s二c二，s二c2的时候，这个时候c2我们再来看当前的记录是s一，s一有成不成的一条选课记录，选了学号为s一，课号为c二，有没有？,0,1,0
dbor_13,29:40.8,30:06.6,有，吧那么既然有的话，这个地方又不为空，对不对？,0,1,0
dbor_13,30:07.0,30:13.4,又不为空又不为空的话，那么这个地方的结果最后到这里c二能不能写进来？,0,1,0
dbor_13,30:14.0,30:23.9,啊 C二也不能写进来，c二也写不进来擦擦。,0,0,1
dbor_13,30:24.4,30:28.1,那么当前的s一是不是一个空集是什么？,0,1,0
dbor_13,30:29.4,30:33.9,是不是一个空气s一就可以输出，其实这个跟前面的跟前面的那个历程是一样的，只是这个地方的外层循环变了，是不是？,0,1,1
dbor_13,30:34.3,30:45.9,啊前面的外置循环是整个student的表，这里外侧循环用的是什么呀选？,0,1,0
dbor_13,30:45.9,30:51.6,课表，我想提问一下嗯这个地方SC Biao我能不能不用SCI c Biao，我用前面的例子是不是更简单，我这里直接用student的表，可不可以外层最外层循环不用SC表可不可以？,1,1,0
dbor_13,30:53.4,31:11.2,可以啊可以可以嗯可以的举手，说可以的是真听懂了的可以的。,0,0,1
dbor_13,31:12.6,31:24.1,啊因为他只是要把学生拿了怎么样？,0,1,1
dbor_13,31:24.2,31:28.0,啊逐个的考察，好，那为什么他没有他选他选择SC表，选在4表和选择室丢人的表各有什么好处呢？,0,1,0
dbor_13,31:28.0,31:40.0,实际上我们这里选择c表也是一个考察对象是吧？,0,1,0
dbor_13,31:40.1,31:44.8,选择student表也是一个考察对象，那么选择c表和选择student列表作为开始的考察对象各有什么好处？,0,1,1
dbor_13,31:44.8,31:54.0,啊杰商议想对对已经有同学说了，就是说从SC要考察可能是规模小一些，假如我是就是那表嗯现在我学学校说不定这个有很多学生是吧，有一些不选课的学生的记录也在死对称表里面，s表可能规模小一些，就从a四表开始，并且呢他没有干什么，呀他只需要输出学生的学号，他需不需要把就那表还有别的表拿过来拼？,0,1,1
dbor_13,31:54.9,32:29.4,啊不要拼，因为几个表之间要进行连接运算，又要占大量的内外层交换的时间，这样呢花的代价肯定就会要大一些。,0,0,1
dbor_13,32:29.4,32:40.9,其实我们大家知道我也说过数据库当中所有的是效率的高低都在哪里？,0,1,0
dbor_13,32:40.9,32:48.5,呢在于内层和外层之间的数据块的交换，给大家几两几分钟，吧如果有不清楚的同学提个问，吧后面同学听明白没有？,0,1,1
dbor_13,32:48.5,33:02.6,我再问一个，我看考察一下是不是真明白了？,0,1,0
dbor_13,33:10.1,33:12.9,啊这里有SC和scyscz这三个叫做什么？,0,1,0
dbor_13,33:12.9,33:19.3,我们讲观点上的时候专门给大家介绍过这三个叫什么叫什么？变量什么叫什么？,0,1,0
dbor_13,33:20.5,33:26.8,变量是原主见谅吧啊嗯什么？记不记得？,0,1,0
dbor_13,33:27.1,33:35.6,那么变量在这里起什么作用？,0,1,0
dbor_13,33:35.6,33:38.7,指代那么一个实体是吧？,0,1,0
dbor_13,33:41.7,33:43.8,好，我我我在这里把这个表用了三次，大家说这个表是不是真的存了三次？,0,1,0
dbor_13,33:44.5,33:50.6,啊没实现，这个很清楚存了几次，啊一次啊是用我们学过循环，我们学计算机个人的，因为我们前面有适应的等等的基础，我们到这里这是双层循环我们是比较容易了解的，好吧，过去了啊很辛苦的签到查询过去了，那这里呢有连接，我们说的单表查询，有连接查询，有签到查询，我想问大家一下连接查询和签到查询不知道大家思考过没有，它们有什么区别？,0,1,1
dbor_13,33:50.9,34:26.8,就有很多很多的操作，既可以用连接查询做，又可以做什么？,1,1,0
dbor_13,34:27.3,34:32.6,呀嵌套查询。,0,0,1
dbor_13,34:32.6,34:34.9,嗯那是不是说所有的连接都可以用嵌套做，或者所有的嵌套查询都可以用连接做呢？,0,1,0
dbor_13,34:36.8,34:43.9,你说说的那个也可以，你欠他多，但是所有欠条规定所有的连接都可以用签到做是吧？,0,0,1
dbor_13,34:44.6,34:52.6,我不说话有个签到都可以用，但是所有的连接都不一样，所有的签他都可以用连接做，那我们刚才那个那那个可不可以做没有选全部课程的学生应该说互相都可以做，不然都可以做，我觉得应该是啊有同学说互联网都可以做，有人说所有的连接都可以签到座千年，嗯这样啊全职给你。,0,0,1
dbor_13,34:52.6,35:25.3,举例首先说一下，连接和嵌套很多多是可以替换的，这是第一句。,1,0,1
dbor_13,35:25.9,35:32.7,第二个，呢嗯有很多的连接的查询是没有办法用嵌套做的。,0,0,1
dbor_13,35:32.7,35:42.3,其中一个最基本点我们要去感受的就是，呢因为我们在输出的时候，最终的输出啊我们先只赚给你，我们不赚那么多，我们最终的输出，大家注意型net什么什么什么，这是输出from威尔。,0,0,1
dbor_13,35:42.5,36:07.6,我后面不管嵌套了多少层，我输出的这一层的一定是来自于最外层的这个表。,0,0,1
dbor_13,36:08.6,36:19.2,大家注意啊你输出的这些结果，你不能用嵌套的下层的是不能写到这里去的，听到没有？,0,1,1
dbor_13,36:20.3,36:29.2,那么这样一来，你如果有的时候有些连接，我要把几张表的数据都拿出来的时候，可不可以用千岛做？,0,1,1
dbor_13,36:29.5,36:38.0,啊不能，这是第一。,0,0,1
dbor_13,36:38.0,36:40.3,第二呢也有很多的嵌套呢是没有办法用连接去做的，特别是一些相关子查询，就像什么是相关子查询，啊就像刚才的例子，一个多重循环外层做一个外层的数据是要带到下层来的，呀特别是很多的相关纸张，你没办法去连接做的。,0,0,1
dbor_13,36:40.3,37:02.6,啊所以我们说到这里，啊我想大家在这里再看一眼c这个 Sql的语句，啊我们感叹一下。,1,0,1
dbor_13,37:04.2,37:12.4,这节课我们感叹一下，我我一开始给大家上课的时候是这样说的，吧习惯语言当中啊它非常简单，特别它的查询语句就这一句话，然后这6个短语它可以它可以查到利用这它的各种组合，可以查到我们数据库当中任何一个数据项是吧？,1,1,1
dbor_13,37:13.2,37:35.8,但是这种茶是不是有的时候也是很辛苦的去写这些语句？,0,1,1
dbor_13,37:36.1,37:42.2,啊好，大家说何老师是不是一定都要写很复杂很复杂的事以后语句才能完成查询呢？,0,1,0
dbor_13,37:42.2,37:49.8,有的时候我们习惯了过程化的思想，我能不能用一些过程的方式，呢就是我一阶段的1000一个阶段得到一个结果，再一个阶段得到一个结果，再一个阶段得到一个结果可可以。,0,0,1
dbor_13,37:49.9,38:02.9,呢其实也可以的，这样，我们因为我们学过很多编程，我们不一定要像考到不一定要像智力游戏一样，一定要写一条语句来做，就像前面这个例子，比如说我们查询选修了那个毛毛群，选修了全部课程的学生号码，我能不能先做第一步？,0,0,1
dbor_13,38:03.2,38:29.6,我查把某某学生所学的全部课程的集合拿出来，可不可以？,0,1,1
dbor_13,38:30.0,38:36.1,呀我们可以的，我们先做第一步，然后再做第二步，再做第三步也会可都可以这样做的，后面呢我们还会学存储过程，啊就会让我们的自己的所有的操作变得更简单。,0,0,1
dbor_13,38:36.1,38:50.5,我那我经常看，我是我不是说在网上搜，嘛既然有同学在网上提问说，唉呀我现在有一条习惯语句很复杂，看有没有哪个大流能够帮我把这条语句帮它写出来，往往就有人说唉你用成熟过程写一下啊或者什么样，啊你做了很多时候，后后面会想我们不一定非要写这么复杂的一条语句做完，但是我们今天在学习的时候是一定要把什么？,0,0,1
dbor_13,38:55.0,39:21.8,呀这个这几个量时弄清楚。,0,0,1
dbor_13,39:21.9,39:25.7,好，休息一下，后面接着讲集合差距。,0,0,1
dbor_13,39:28.3,39:31.8,好，再来讲集合和。,0,0,1
