network_1-1,00:00.0,00:07.4,那这个也是合理的规则，我们可以用更简单的更直观的判断方法。最小的选择。,1,0,0
network_1-1,00:07.4,00:13.5,最小的吧名字最简单的，嘛对吧？,1,1,0
network_1-1,00:14.6,00:29.1,或者说选择一个序号最大的，当它比小跟比大应该比小更容易，因为小理论上有一个最小值存在大，你并不知道最大值是什么。,0,0,1
network_1-1,00:29.6,00:38.2,啊那么因此还有最简单的方式就是按名字谁的名字简单选择谁，或者说谁的名字小选择谁。,0,0,1
network_1-1,00:40.2,00:54.2,啊好，那么在我们的生成数协议当中，它就采用了一种这个以名字大小来判别谁作为根节点的这种方式。,0,0,1
network_1-1,00:54.6,01:03.5,B啊那像我们刚才那个图当中b1到b7e一最小，因此b1被选成了根结点，啊被选择了根结点。,0,0,1
network_1-1,01:03.9,01:23.6,好，这里面啊我们选择b1作为最小的根基点，好，那么这个时候我们就开始以根基点开始往外进行数的扩展，对吧？,0,1,0
network_1-1,01:23.6,01:28.0,树的扩展，好，那你们希望一棵树怎么样？相对比较漂亮一点。,1,1,0
network_1-1,01:28.0,01:33.4,呢就是你们原因学过的二叉树这样的东西对吧？,0,1,0
network_1-1,01:33.4,01:36.0,就是大家长的枝杈差不多，对吧？,0,1,0
network_1-1,01:36.1,01:48.6,好，那么我们就从根基点开始往外进行发散，啊往外进行发散，好，找到根接点与b1距离比较相接近的是b2，对吧？,0,1,0
network_1-1,01:48.8,01:58.4,然后再往后发现一个到了b5，再往外发射，一个到了b7，啊再往外发射到了b4，一个到了b6，对吧？对不对？,0,1,1
network_1-1,01:59.6,02:03.1,对的，好，那么唯一的那么这个数就画出来了。,0,0,1
network_1-1,02:03.2,02:11.5,从b1开始往外分散，根节点出现了b2、b6。,0,0,1
network_1-1,02:13.0,02:15.6,好，b第七页。,0,0,1
network_1-1,02:18.3,02:27.1,好，b4 b5多，对吧？,0,1,0
network_1-1,02:27.1,02:29.6,就这样生成了，吧这是第一集数嘛对吧？,0,1,1
network_1-1,02:29.6,02:33.4,剩下还多了一个嘛多了一个b3，是吧？,0,1,0
network_1-1,02:33.5,02:58.4,第三，那么每一个交换机上面会有一个我最终的一个网络，就是我们的一个网段，那么这里面第二连接了一个啊通过这里面有个e网段，那么b2可以往上去连接c好，CB5、b5呢可以往上去连接a b5呢也可以去连接BB和7之间做出一个选择。,1,0,1
network_1-1,02:59.2,03:27.8,好，那么这地方有一个环，那么离谁近我可能就选择谁，那么这个时候 b可能就归给第五，而不归给b7，这个是假设我们已知整个网络错误，就是你们已经看到图了以后，我们对它进行裁剪，按照你的规则选出了第一作为根结点，然后呢我把所有的网段挂在这个网桥上面，那么这个时候我们基本上已经可以会完成啊如图所示的裁剪过程。,0,0,1
network_1-1,03:28.0,03:44.2,那基本上我们在这里面可以看到第三，所连接的两个网段a和c分别挂靠到了距离跟节点更近的b2和b5上面，那么因此b3就两个端口都不进行数据转发，相当于b3是一个多余的人。,0,0,1
network_1-1,03:44.7,04:04.0,啊好，那么这个时候再来看b5到b7和b1也形成一个环状，那么它们所连接的网段共用的一个网段就是b网段，那么这个b网段呢可以挂号到我们的 b5节点上面，那么它的数是最短的，当然你也可以把什么？,0,0,1
network_1-1,04:04.1,04:12.5,你也可以把这个 b7到f给断开，但是这样来看的话，所形成的一个树状结构就没有那么漂亮，对吧？,0,1,1
network_1-1,04:12.5,04:21.3,那么它就会形成，如果是这样的话，那基本上就是b5到b7了，啊那么这个树长得没有刚才那种裁剪方式更漂亮。,0,0,0
network_1-1,04:21.3,04:56.5,啊好，那么再下面一样的，啊我们这里面有了ghij然后呢有b4和b6，我要对它进行裁剪，好，那么g直接挂到 B1h直接挂到b1，那么剩下的it挂到了b4，也挂到b6上面，我会选择一个更近一点的名字，而且更小一点的，那么把I挂到了b4上面，那么 b6也被裁剪掉了，啊那么把虚线的部分全部抹掉，那么我们最终就会形成一个相对比较均衡的。树状结构。,1,0,1
network_1-1,04:57.5,05:00.2,啊树状结构，啊这个是我们所提到的。,0,0,1
network_1-1,05:02.0,05:11.6,好，那么这个呢实际上嗯是看图书画得到的结果，但是我们知道所有的协议都是什么？,0,1,1
network_1-1,05:13.1,05:40.6,都是分布式进行的。这是每一个节点在进行信息交换之后独立进行的，他根据得到的这种局部信息来完成快速计算，而不能像上帝一样直接拿到这张图，直接拿个图，我们按照刚才的方式可以很快出结果，但是真正的生成和协议是交换节点，交换机节点之间在进行，啊局部的信息交换，最终汇总之后来得到一个相应的结果。,0,0,1
network_1-1,05:40.7,05:43.9,好，那么这个时候是怎么做到的？,1,1,0
network_1-1,05:43.9,06:06.5,啊那首先在这里面我们需要给大家讲到几个概念，啊第一个b1叫做我们的跟节点，网球，啊另外当某一个网桥为某一个网段承载转发数据的时候，那么这个网桥就叫这个网段的。指派网上。,1,0,1
network_1-1,06:07.0,06:12.2,老师太好瞧，啊那么这里面有根节点网销，还有什么？指派网销。,0,1,1
network_1-1,06:12.2,06:28.4,啊好，那么b6就被d2叫b4是j节点和a网段的指派往下，那么好，那么h它的指派网强什么？,0,1,1
network_1-1,06:34.5,06:39.0,它的纸牌拱桥就直接是b1了。啊啊那么什么叫指派网桥？,0,1,0
network_1-1,06:39.0,07:11.9,指派网桥就是啊从更替联网桥到达某一个网段的这个转发的这个网桥就是成为指派王桥啊嗯好，当我不知道网络的整个Top结构的情况下面，我们需要设计一个相应的这个协议，一种动态的分布式算法，能够要求网桥自动化的计算整个生成数。好。,0,0,1
network_1-1,07:12.5,07:27.9,好，那么在网桥在进行协议设计的时候，我们有协议三要素，其实就描述了三个方面的信息，第一个交还什么数据，第二个怎么根据数据来进行相应的计算或者动作。,1,1,1
network_1-1,07:28.3,07:39.5,好，那么第一个问题就是交换的信息，啊交换的信息，在我们这里面一般来看的话选树我们的交换信息包含什么？,0,1,1
network_1-1,07:39.5,07:45.8,呢包含三个方面，啊嗯第一个我是谁？,0,1,1
network_1-1,07:46.6,07:55.1,啊第一个我是谁，也就相当于说你的这个你的这个专门的生成树协议的协议报文是由谁产生的？,0,1,1
network_1-1,07:55.2,07:59.0,好，第二个，我认为谁是分节点？,0,1,0
network_1-1,08:01.4,08:07.3,第三个，我到达跟节点的距离有多远？,0,1,0
network_1-1,08:08.3,08:40.0,啊那么这个就是在生成树协议过程当中，交换机和交换之一之间所交换的一个基本的配置信息，啊大家并不需要关注于它具体的报文结构，啊包含结构，那么只需要它包含什么样的，内容，因为我们从原理上来分析就是我是谁，那么我认为的根结点是谁，或者说我认为的领袖是谁，那么我到达领袖大概有多大的代价，有多远的距离？好，这个是我们交换的信息。,0,1,1
network_1-1,08:40.1,08:48.3,好，那么第二个问题，就是根据这个信息怎么样能够进行计算生成数？好。,1,1,0
network_1-1,08:48.7,09:07.5,好，那么在这里面我们有一个基本的规则，进行了4个罗列，在最初的情况下面，我没有收到其他人的信息的情况下，面，我会自认为自己就是领袖，啊自己是领袖，就是自己是根结点，这是第一个。,0,0,1
network_1-1,09:07.6,09:19.8,每一，个人在处理情况下，因为在处理情况下面，我并不知道网络当中有没有人，他的名字比我更小，啊当我仅仅只知道自己一个人存在的情况下，我就认为我是根结点。,0,0,1
network_1-1,09:20.4,09:36.6,那么在这种情况下面，我们生成的配置信息就会什么，呢比如b2，它就会形成一个我叫b2，我认为我是跟节点，我到达分界点的代价为0，就会形成这样一个配置信息。,0,0,1
network_1-1,09:38.5,09:41.5,初始情况下面，每一个人都会生成这种配置信息。,0,0,1
network_1-1,09:41.7,09:59.8,好，生成完配置信息之后，呢它会把配置信息从自己所有的转发端口上面扩散出去，啊破产初选，那么也就是说在全网当中进行广播、啊广播。,0,0,1
network_1-1,09:59.9,10:10.2,那么很显然每一个网桥就会收到来自于邻居网桥的配置信息，对吧？邻居网的配置信息。,0,1,0
network_1-1,10:10.2,10:12.6,好，那我们来看一下刚才这个图。,1,0,0
network_1-1,10:13.2,10:23.5,第二，先开始自以为自己是最小的，那么就发了一个b2120，对吧？,0,1,0
network_1-1,10:23.6,10:27.4,那么就会往自己的端口上输出嘛对吧？,0,1,0
network_1-1,10:27.4,10:33.2,那么b1启动以后它也会发生这个信息，那么这个信息肯定会被b2接到。,0,0,1
network_1-1,10:33.4,10:43.2,第二你看唉有个人说自己叫b1，它到它到b1的代价为1呃0，好，那么这个时候怎么办？,0,1,0
network_1-1,10:43.2,11:14.1,呢他收到两个信息一看唉有一个人名字比我还小，那么我就不能够认为这个是我自己在是根节点了，我应该主动的让出根节点的这个权位，啊那么在这种情况下面，呢他收到b1之后，唉他发现b1是从我的邻居给过来的，啊那么而且b1~b1的代价为0，那么我到b一代价为一，那么这个时候我就会进行一次更新。,0,0,1
network_1-1,11:14.5,11:21.3,在下一个阶段的时候，他会写出 b2 b1。一的信息。,0,0,1
network_1-1,11:21.9,11:40.9,啊当他收到b1的这个交换配置信息之后，他会主动的更新自己的信息，那么他就会更新一次生成我叫b2，我认为的根基点为b1，那么我到达根节点的距离为一次转发，为一次表达。,0,0,1
network_1-1,11:41.2,11:50.8,好，那么在这里面我们可以发现所有的人都会按照这种规则来进行自己本地配置信息的东西。,1,0,1
network_1-1,11:51.7,11:57.1,经过若干次更新之后，就会形成生成数。,0,0,1
network_1-1,11:57.1,12:02.1,好，那么这里面我们这里面是说b1跟b2交换信息如何进行选择的问题。,1,0,1
network_1-1,12:02.1,12:22.8,现在我们来看b3，因为我们也知道最终的结果什么呢是在这个环节当中，我要把b30b2量那我们来看b3会做什么事情，b3会收到两个信息，一个是来自于b2的信息，一个是来自于b5的信息，对吧？,0,1,1
network_1-1,12:23.6,12:25.6,啊一个是第二个信息。,0,0,1
network_1-1,12:25.9,12:42.3,那么b2告诉他我叫b2，我到达我自认为的根基点的代价为0，好，同时这个信息在完成一次转发之后，就会形成b21b3的信息，我就要对吧？,0,1,0
network_1-1,12:42.4,13:04.5,我叫b3，我到达分界点，b2的代价为一，那么他会把这个信息转发出去，转发出去以后，当 b3在b1没有启动的情况下，面啊在b1没有启动的情况下面，那么 b3把b2作为根结点是没有任何问题的。,1,0,0
network_1-1,13:04.5,13:22.6,好，那么现在当b1启动以后，b2发生一次更新更新之后，他就会告诉b3现在呢又有了一个新的根结点叫做b1，那么我呢不再是分解点了，我到达根据点代价为一，啊那么这个时候b3收到信息，对吧？,0,1,0
network_1-1,13:22.6,13:42.9,同时这个信息 B1的这个信息会被b5收到，那么b5也会把这个信息扩散给b3，那么b3就会同时收到来自于b2和b5的一个交换配置信息，内容分别为 b2 b11，b 5b11，对吧？,0,1,0
network_1-1,13:42.9,13:46.0,就是 B3会收到来自于b2和b5的两个配置信息。,0,0,1
network_1-1,13:46.0,14:14.1,好，那么这个时候一看，唉我收到两个邻居给我的信息告诉我，他们到达根据里的距离都为一，那么这个时候我就会主动的会认为我已经没有用了，啊逻辑没有用了，啊我就会主动的将我收到这两个交换配置信息的端口进行关闭，啊实际上也就形成一个缓慢，对吧？,0,1,0
network_1-1,14:14.1,14:31.0,就像我们刚才所说的，如果通过配置信息有一个b3，啊第三说到了来自于 b2的一个信息，收到来自于b5的信息，对吧？,0,1,0
network_1-1,14:31.0,14:41.1,他们所说他们到达跟节点b一代价是一样的，都为一，那如果我有效的话，如果我有效的话，那么会怎么样呢？,0,1,0
network_1-1,14:42.3,14:49.7,如果我笑就会形成还对吧？那么如果想形成竖怎么办呢？就把这两个给关掉。好。,0,1,0
network_1-1,14:49.9,15:05.4,把这两个关掉，啊关掉之后，就是一个基本的塑造结构，啊就是一个基本的数量结构，那么这个就是我们所说的生成数算法在进行更新的时候的一个结果。,0,0,1
network_1-1,15:05.4,15:14.8,啊啊大家对生疏算法有没有相应的理解？,1,1,0
network_1-1,15:15.8,15:18.7,就是到底它的交换什么信息？,0,1,0
network_1-1,15:18.8,15:40.5,然后交换信息之后，我怎么样根据我获得到的领取网桥给我的配置信息，我能够决定自己要不要进行相应的是一种转发，或者说把我的某些端口给关闭掉，啊那么这个是生成数，啊其实从原理上来看的话，它并不算复杂。,1,1,1
network_1-1,15:40.7,15:59.0,好，那么这里面有几个问题，啊第一个问题就是这个计算交换的这个合并规则其实是没有问题的，啊那么希望你们在实际的过程当中有这样的一个问题，第一个，就是交换机有没有名字？,1,1,1
network_1-1,16:02.5,16:04.2,你你们用胶原剂有没有名字？,0,1,0
network_1-1,16:06.1,16:17.6,是有孩子，啊嗯你们用、交换机，没名字对吧？,0,1,0
network_1-1,16:18.1,16:24.9,啊你们用的计算机是太低端的，就几十块钱的，是没有名字的，啊是没有名字的。,0,0,1
network_1-1,16:25.0,16:44.4,而且你们用到的交换机，你说他去设计，你像你们用到啊你们自己加入的交换机在做联网的时候，基本上它的覆盖范围就是一个家庭或者一个寝室，在这种情况下面，估计你们不会傻不拉叽的连个连个唤醒出来对吧？,0,1,1
network_1-1,16:44.9,16:57.7,因为整个的网络的错误结构，基本上你作为一个管理员来看的话，你是非常清晰的，不会连成环状科普结构，因为连成环状构体结构是完全没有意义的，为什么会连成环状科普结构？,0,1,1
network_1-1,16:57.7,17:14.4,按照我们刚才这个来看，这一个网站的跨度可能有一公里，或者说500米500MIUI的左边，这边是个管理员，右边这是一个管理员，他并不知道500MIUI的情况，他很有可能会把它连起来，对吧？,0,1,0
network_1-1,17:14.4,17:32.1,但是当你用一个设备仅仅只是覆盖个十几米二十几米的情况下面，你肯定不会把它连长环，那么因此我们这种低端的交换机是考虑或者说认为管理员是非常聪明的，它就没有在内部包含生产出协议。,0,0,1
network_1-1,17:32.9,17:39.7,啊我们的交换机就是几十块钱交换机，仅仅只有一个逆向学习的这种过程。,0,0,1
network_1-1,17:40.2,17:49.1,好，那么在网络更复杂情况下面，我们就会用高端交换机了，因为你连接的主机数量更多了，对吧？,1,1,1
network_1-1,17:49.2,18:04.0,那么你的覆盖范围很有可能就跨了几百米以后，那么不同的环境管理，比如说现在要把运9跟第十一要把它连起来，那么很有运9有管理员，运11有管理员，他们在联系的时候很有可能一不小心就把它连成一个还。,0,0,1
network_1-1,18:04.0,18:11.1,在这种情况下面，我们肯定不能够一方面从网络性能角度来说的话，我们应该用更高端的交换机，对吧？,1,1,0
network_1-1,18:11.1,18:32.7,另外一方面很有可能会出现我们刚才所说的环状托福结构，那么也会用高端交换机，高端交换机当中就会有除了我们的这个逆向学习生成转发规则的这个基本功能以外，它就会有生成数，啊会有生成树协议。,0,0,1
network_1-1,18:32.9,18:42.2,啊这个我们在后期或者说大家在以后的工作过程当中，很有可能会遇到啊这样的一些啊高端交换机设备。,0,0,1
network_1-1,18:42.4,19:38.2,那么在高端交换机设备当中，就会有自己的名字，啊每一个高端交换机设备当中，它有自己的除了它的端口以外，它会有自己的一个标识信息，啊他会有自己的标识信息，然后呢每一个交换机当中除了地址自己的地址，它会有一个地址信息，啊那么d值小的就是根结点，啊地址实际上就是它的名字，那么地址越小，我的这个我作为根结点的可能性就越大，啊那么根据地址来完成好，那么有的情况下面 d只小的就像你们刚才所说的，我并不希望严格按照地址大小来作为，选择分解点的唯一标准。,1,0,1
network_1-1,19:38.6,19:51.4,比如说有个人它是一个枢纽作用，那么这个时候我就应该使得它优先成为根节点，而不是单纯的根据地址，那么这个时候怎么办呢？你们会怎么考虑？,0,1,1
network_1-1,19:55.6,19:55.8,Byebye。,0,0,1
network_1-1,19:58.3,20:04.6,常规按照按照地址大小来选根节点，但是呢我现在要破除常规那怎么办呢？,1,1,1
network_1-1,20:08.6,20:29.4,再加一个东西，啊除了地址以外，在我们的高端降级当中还有个优先级，优先级字段，根据u型题字段和地址字段两个合并在一起，形成一个更长的名字。,0,0,1
network_1-1,20:29.5,20:39.7,那么以它来作为哇跟节点选举的这种标准，啊跟进选举的标准。,0,0,1
network_1-1,20:40.2,20:50.1,好，那我们再来想一想，那么这两个东西要拼在一起，作为我的一个跟进点选举的名字，对吧？谁在前谁在后。啊今天时代的。,1,1,0
network_1-1,20:51.4,20:54.0,嗯渊集在前还是渊集在后？,0,1,0
network_1-1,20:54.4,21:00.4,嗯能干什么？,0,1,0
network_1-1,21:01.2,21:09.6,因为你在前，啊因为你在前，再加上b水，选择，为什么？,0,1,1
network_1-1,21:12.5,21:45.0,因为从数学的角度来看的话，高位是我第一个判断的东西对吧，那么我的怨气越高，那么我的我可以设定我的这个高位部分，月下，那么从而使得它具有较小的这个名称，那么优先被作为分解点，啊那么这个是我们所说的啊在实际的交际设备当中是有一个优先级，再加上它的地质信息两个拼接起来，作为我选择的依据。,0,1,1
network_1-1,21:45.0,21:51.8,呢啊第二个就是高端交换机当中会有一个生成熟悉低端交换机当中没有，所以你们可以试验一下。,0,0,1
network_1-1,21:54.4,22:02.6,好，你们可以试验一下，用多个交换机，用你们低端交换机去生成一个环，看看会出现什么样的问题。,0,0,1
network_1-1,22:02.9,22:05.0,啊好。,0,0,1
network_1-1,22:05.5,22:09.7,那么这个就是我们所说的生成树协议，啊好，大家休息一下好吗？,1,0,0
network_1-1,22:27.3,22:29.1,我非常辛苦。写清楚了。,0,0,1
network_1-1,22:31.3,22:51.7,不是我不是康老师，嗯包括交流的文章包装情况1500，嗯但是其他这个没什么用的，我有我也去查，这个就感觉没差别，而且国外这个地方的这个的没有了没有了。,0,0,1
network_1-1,22:52.6,22:54.8,嗯653。,0,0,1
network_1-1,22:55.6,23:00.2,谁知谢谢就随便出来。,0,0,1
network_1-1,23:00.8,23:03.4,这没有了我要正式签字就完了。,0,0,1
network_1-1,23:04.6,23:21.2,不是不是不是还有这个你看你看这个那个那个就是他那个就是讲一下比较普遍的话，然后大家也从现场的那个时间结束签合同。,0,0,1
network_1-1,23:21.5,23:29.5,嗯那么谁知你是不是自己写的？,0,1,1
network_1-1,23:29.9,23:41.9,他们投资跟呃除了情况我是专业设计的，好的老师你不要想好了足够破坏了，前面我也找一下就给他商量一下。,0,0,1
network_1-1,23:42.1,23:52.8,谁知唉要说那这个问题是属于我们的网站提出的，嗯对这个老师。,0,0,0
network_1-1,23:53.9,24:06.9,都从刚找到的项目的这个这个第二十五年的学习的小学习，第二天来了，怎么做的新闻的？,1,1,1
network_1-1,24:08.8,24:31.2,刚才所提的照片没关系，你比如说从这一段时间，谁知最终说的是从这个入口谁知对这种情况再说，这个这个咱们提供的这个情况再怎么办？,1,1,1
network_1-1,24:31.3,24:38.6,那么我们接下来过去了，那中间有4个手，这个还是不行。,0,0,1
network_1-1,24:42.1,24:46.7,谁知噢谢谢。,0,0,1
network_1-1,24:48.1,25:01.3,没事嗯对。这个正交，嗯谁知呃的好。,0,0,1
network_1-1,25:02.1,25:04.8,嗯这个地方。,0,0,1
network_1-1,25:24.8,25:37.6,好，我们刚才介绍了啊在我们的这个交换机设备过程当中，它很有可能由于这种管理员之间的一种这种缺乏沟通而产生了这种环状后果的问题。,1,0,1
network_1-1,25:37.7,25:53.6,我们可以在交换机内部呃赋予它信息交换的能力和某种特定的生成出算法，而使得这个自动的去去除环路而是能，保证我们整个这个局部通信的正常可靠。,0,0,1
network_1-1,25:53.7,26:04.1,啊好，那么这个就是我们所说的生成树协议，啊啊协议要了解的时候，就需要知道它交换的信息什么以及交换的规则。,0,0,1
network_1-1,26:06.4,26:06.5,好嗯。,0,0,1
network_1-1,26:08.1,26:19.7,那么我们用网桥设备可以将很多具有一定局限性的局域网连接起来，好连接起来。,0,0,1
network_1-1,26:20.1,26:52.8,好，可以通过啊这种连接，呢啊当网络的不断扩展情况下面，生成数协议虽然可以去还，但是它的覆盖就是说有效的范围仍然是一个有限的这个局域网扩展啊仍然是有限的，如果像我们刚才所说的，我们的销售企业可能很容易去对几十个网段的互联能够快速进行裁剪。,1,0,1
network_1-1,26:53.3,27:08.1,好，但是当我有几千个几万个局域网通过网桥互联在一起的情况下面，那么如果通过生成的学艺来进行去还的话，它会有很大的协议开销。为什么？,1,1,1
network_1-1,27:08.1,27:16.0,呢因为根节点需要定时的去向邻居节点交换信息，对吧？,0,1,1
network_1-1,27:16.1,27:35.9,因为跟节点很有可能会发生变化，那么我的连接关系会发生变化，象征数协议就会并存，基本上我们的销售处协议会在几十分钟完成一次信息交换，啊甚至有的人可以对他的这个交换时间进行一定的配置，30秒完成一次信息交换。,0,0,1
network_1-1,27:36.0,27:46.6,那我们想一想这种信息交换是以广播方式存在的，啊即使可以替换，那么它所带来的网络的这种开销也是非常大的。,0,0,1
network_1-1,27:47.1,27:55.5,啊因此单纯利用交换机或者说生成数来弥补交换机的这种局域网扩展。,0,0,1
network_1-1,27:55.6,27:58.2,其实并不是非常完美。,0,0,1
network_1-1,27:58.6,28:37.3,噢好，那么由此也会引入我们的下一个问题，就是有没有更加好的扩展网络的方式，有没有更好的扩展的方式，啊那么这个是我们所说的啊问题，啊那么其中有一个就是你们刚才所说了，如果网络的规模扩展太大，那么生成树协议它有局限性，主要是由于它的这种广播，啊广播当中会对网络的带宽进行一定的消耗，那么我们就会想能不能对这种啊广播就是这种生成术协议的协议报文进行一定的限制。,1,0,1
network_1-1,28:37.8,28:56.2,好，那么第一个就会想到一种解决方案叫做虚拟局域网，啊虚拟局域网虚拟局域网呢它是一个逻辑上的概念，就是在真实的物理网络当中，理论上我的数据转发应该是没有任何限制的，但是我们虚拟局域网什么意思呢？,1,0,1
network_1-1,28:56.4,29:16.1,在真实的物理网络当中我限制嗯数据帧不管是有效数据帧，还是像生成数这样的协议数据帧，我来限制它的转发，把它的转发控制在一个较小的范围之内，那么这个较小的范围之内就称之为一个虚拟局域网。,0,0,1
network_1-1,29:16.8,29:50.7,啊顺序有那我们来看一下，那么在这里面我们可以看到，实际上真实的物理连接来看的话，它有 WX yz啊4个网段4个网段呢通过b1和b2连接在一起了，啊连接在一起了，那么按照我们以前所说的，其实理论上所有的数据会在所有的网段当中去进行啊广播式的发送，特别在未知的情况下面它会进行广播式的发送。,1,0,0
network_1-1,29:51.8,29:59.8,那么很显然假如x啊这个 w要跟x进行通信的话，那么w给。,0,0,1
network_1-2,00:00.1,00:05.6, W给x的一个数据是没有必要转发给y和z的，对吧？,0,1,0
network_1-2,00:05.8,00:09.4,啊那么这个时候我就要限制它怎么限制呢虚拟局域网。,0,1,0
network_1-2,00:09.5,00:55.9,好，我把w和x虽然你在物理连接上面是连通的，但是在数据的转发上面我会进行限制，把WX建立成为一个虚拟局域网，把y和z建立成为一个虚拟局域网，那每一个虚拟区域网有一个自己的名字，好，那么在同一个虚拟局域网的网段或者说它的主机才能够开始进行数据的互通，那么w可以给x发数据，但是w永远不会把数据发送给y和z啊那么这个里面就形成了逻辑上的两个不同的冲突域，啊这个叫虚拟局域网，啊实际上就是对于数据的转发进行一定的限制。,0,0,1
network_1-2,00:56.6,00:58.7,好，那么具体这个东西怎么做到的？,1,1,0
network_1-2,00:58.7,01:13.3,呢它是在我们的数据帧当中加入了一个额外的字段，啊额外的字段除了d麦以外，首先在转发的时候必须要啊那么我们得有一个低MAC对吧？,1,1,0
network_1-2,01:13.3,01:21.1,原先是有一个d麦克，直接根据d MAC来，现在呢除了d max以外，我还加了一个依赖。,0,0,1
network_1-2,01:22.9,01:25.1,We like number，未来number。,0,0,1
network_1-2,01:25.8,01:52.6,好，那么收到一个数据帧以后，我会把它的relax number提取出来，然后呢在每一个交换机内部，它的转发表都有一个微烂号，噢有一个微量号，那么判断一下你的这个数据帧的微量号跟我的某个端口之间，那么也就形成有两种映射关系，第一个呢是微澜和端午的映射关系，第二层是主机和端口的因子的关系。,0,0,1
network_1-2,01:53.1,01:57.3,好，那么首先判断是不是你所要的一个危难。,1,0,0
network_1-2,01:57.8,02:02.6,啊是的话，我再看你具体应该到达哪个具体的主题。,0,0,1
network_1-2,02:02.8,02:09.7,好，那么就是有了双重的一个限制过程，啊那么这个是虚拟局域网的主要。,0,0,1
network_1-2,02:10.1,02:16.0,好，那么在这里面可以看到b1的上面这个端口只转发什么？,0,1,0
network_1-2,02:16.7,02:25.7,危难100的数据，它下面这个端口就只转发微贷200个数据，对吧？,0,1,1
network_1-2,02:25.8,02:35.2,为了200的数据，好，那么在这个里面呢 b2上面这个端口就只转发微烂100，下面这个就只转发微烂200。,0,0,1
network_1-2,02:35.5,02:54.7,好，那么每一个交换，每一个网调或者每一个交换机，它有几个端口啊在这里面，几个 BC有几个端口，啊啊三个对吧？一个是跟这边连接的对吧？,0,1,1
network_1-2,02:55.1,02:59.7,一个是跟下面连接的，还有一个跟b2连接的对吧？好，那我们来想想。,1,1,0
network_1-2,03:00.4,03:04.0,这边这个端口只能够收发w的数据，对吧？,0,1,0
network_1-2,03:04.0,03:10.7,现在w跟x进行互通，那么这个数据到达b1之后会怎么样？,0,1,0
network_1-2,03:10.7,03:34.6,啊肯定如果要想送达x必须通过 b1和b2之间的连接端口来完成一次数据转发，到达b2，b2收到以后再来看看它的输出端口，输出端口一个连接的微弹一，一个连接的微纳200，那么我在收到w发送过来的这个数据帧的时候，就会有一个信息是微烂100对吧？,0,1,1
network_1-2,03:34.6,03:45.0,微烂100，我再一看噢上面这个一号端口连的微烂100，那我就往一号端往上发，那么下一个端口连接的微烂200，唉跟我的微浪号不一样，我就停止转发。,0,0,1
network_1-2,03:45.6,03:50.6,好，那么这个就是我们所说的这个限定，那么很显然什么呢？,1,1,0
network_1-2,03:51.0,03:58.7,像这样的端口，它只能承载某一个微烂的数据，对吧？,0,1,1
network_1-2,03:59.5,04:13.7,就是我们在画线条是一个黑线，啊那在b1和b2之间，在这个端口它可以承载几个微量的数据，两个对吧？,0,1,1
network_1-2,04:13.7,04:16.4,围栏一的也可以承载，微澜二的也可以承载对吧？,0,1,1
network_1-2,04:16.5,04:27.4,好，那么这两个端口是不一样的，啊是不一样的，从微烂的设置来看，它理论上只允许承载某一个微烂的数据，对吧？,0,1,1
network_1-2,04:27.5,04:41.3,但是当一个端口作为这种汇聚数据的时候，它就应该可以承载多个微烂的数据，那对于可以承载多个微量数据的这个端口，我们叫做创始端口。,0,0,1
network_1-2,04:41.9,04:45.2,好算了，我也忘记怎么写了。,1,1,0
network_1-2,04:45.2,04:56.6,啊好像叫这个啊就是骨干型的，汇聚性的端好，啊汇聚性的大小。,1,0,0
network_1-2,04:56.7,05:08.0,啊好，还有一个呢就是像这种比较标配性的普通性的端口，啊它主要完成一些主题接入的，所以叫做xs端口。,1,0,1
network_1-2,05:08.0,05:12.6,啊嗯噢赛的好。,1,0,1
network_1-2,05:14.5,05:23.0,啊那么这个是我们所说的啊交换机在进行就是高端上讲，我们的低端交换机也没有虚拟局域网的这个功能。,1,0,0
network_1-2,05:23.4,05:29.7,好在高端电极当中也会包含扩展的虚拟局域网功能。,0,0,1
network_1-2,05:30.0,05:46.9,那么要想支持这个虚拟局域网，你必须进行交换机的配置，那么就是把连接关系确定下来，你必须告诉我你的这个端口是什么模式的端口，它可以是access模式，也可以是创模式。,0,0,1
network_1-2,05:47.1,06:03.3,好，那么在完成他的工作模式的设定之后，你必须告诉他这个端口它对应的是哪一个微烂，那比如在我们这里面可以说唯一上面这个端口就必须设置成为access工作模式，同时它的对应的微量号是微量100。,0,0,1
network_1-2,06:03.4,06:18.7,好，在b1右侧的这个端口，我就直接把它设置成为创作端口，设成为创作端口的时候，就是所有的围栏数据都可以进行转发，那么这个时候就不需要指定啊到底为哪一个这个危难服务了？,0,1,1
network_1-2,06:18.9,06:37.8,好，那么这个是我们所说的，啊将来大家在做这个相关实验或者说工作的时候，可能会涉及到虚拟推广的内容，啊它主要的作用就是在物理的连接基础之上，来限制我的这种交换机设备的这种转发。好转发问题。,0,0,1
network_1-2,06:37.8,07:04.7,啊好，刚才呢这个实际上是临时起意给出的一种解决方案，就是我们刚才所说的，嘛啊如果网络规模进一步的扩大，啊我通过限制数据帧的转发，能够一定程度上面减小广播所带来的影响，对吧？,0,1,0
network_1-2,07:04.8,07:19.8,广播其实就是往所有的地方丢了，大家只要在一个冲突抑郁之内，所有人都可以收到啊那么啊虚拟局域网一定程度上可以减小广播所带来的限制，因为它对于转发进行了这个规范。,0,0,1
network_1-2,07:20.1,07:47.6,好，但是它只是治标不治本，而且随着网络技术的不断发展，特别是底层物理局域网技术的不断发展会有很多种不同方式的，比如像有我们的这个无线局域网也有有线网大家都知道它底层所采用的卫城、通信技术以及数据列不成的，这个卖成协议都是不一样的。,0,0,1
network_1-2,07:47.8,07:56.1,那么这个时候你想把它连接起来，那交换机就不行了，啊那么就有交换机又不行了，啊那么这个时候怎么办？,1,1,0
network_1-2,07:56.6,08:16.9,好，那么因此网桥或者说交换机设备在实现局域网的扩展情况下面，仍然是有局限，啊那么这个局限不光是在整个规模的扩展上面有缺陷，另外一个它对于异构性的处理上面也有局限。,1,0,0
network_1-2,08:17.2,08:39.9,啊异构上的处理，比如说y乘协议，我们的这个 uh以太网卖成协议，它在地质规范上面一个地卖的是48个比特，但是我们当时也看过我们的无线局域网，它在整个这个麦城协议的设计上面，它的地址可能就不一样了。,0,0,1
network_1-2,08:40.3,08:50.0,那么还有很多种不同的局域网，比如什么令牌环信网，啊然后像我们的这个这个币啊等等，它的卖场的协议全部不一样，那么在地质规范上也都不一样。,0,0,1
network_1-2,08:50.1,08:57.8,这个时候如果想让我去设计转发表的时候，其实也是很难的，对吧？,0,1,0
network_1-2,08:58.8,09:10.6,啊那么这个时候就是说异构性也是在用交换机进行局域网扩展之后，它所无法解决的一个最主要的问题。,0,0,1
network_1-2,09:10.6,09:28.4,啊好，那么我们对我们上节课这节课所讲内容进行一个简单的总结，我们这里面就提到了一几点，啊我们提出的问题是局域网覆盖范围有限，它的接入主机数量线我们希望对它进行扩展。,1,0,0
network_1-2,09:28.8,10:08.6,好，那么这个时候我们就引入了一个专用设备，这个专用设备叫做网桥，或者说现在的叫做交换机，啊或者叫现在叫做交换机，那么这种设备呢内部的核心技术有一个转发表，啊有一个转发表，它的转发表如何形成，呢它是自适应，通过逆向学习的方式，也就是每一个数据帧在转发的时候，内部这个数据帧结构当中包含了一个原地址，那么通过它的输入和原地址的信息来构建其主机和端口之间的映射关系，这就是第二个问题。,0,0,1
network_1-2,10:08.9,10:20.1,好，那么第三个就是他的这种逆向自主学习，在遇到初始情况下面他是学不出来的，那么因此它只能进行广播扩散。,0,0,1
network_1-2,10:20.7,10:28.4,那么在环状作品结构情况下面，它就会形成广播风暴，啊造成整个网络性能的急剧下降。,0,0,1
network_1-2,10:28.4,11:25.9,为了解决这个问题，我们就设计了交换机之间的一种信息交换算法，就是我们所说的生成柱协议，通过定期的信息交换或者网络拓扑发生变化时候的这种触发更新，它就可以去除扩展时候不小心所带来的回路问题，啊嗯进一步限定这个生成树协议算法的协议开销，那么这个时候我们衍生出来了虚拟体育网技术，通过限制交换机的转发，一方面可以把广播的效应减小，另外一方面呢也可以使得我的这种通讯具有更高的安全。,0,0,1
network_1-2,11:26.7,11:36.9,啊数据不会被连锁窃听到啊嗯那么这个就是我们在讲局域网扩展的时候所涉及到的所有内容。,0,0,1
network_1-2,11:36.9,12:01.9,啊好，到目前为止，我们讲到了以上的一些具体的网络设备，有工作在物理层上的设备，第一种就是中继器设备，中汽机设备，它不是连接网络的，它是延长传输煤制的。,1,0,1
network_1-2,12:02.0,12:34.6,因为我们的传输煤质上面传递的信号在经过长距离的传输之后一定会形成衰减，啊衰减，那么有一种方法使得它的覆盖范围更大，就是进行信号的再生放大，那么这种设备就叫做中继器，啊有限的叫中心器，无限的就是我们知道一般来看的话可能信号不好，它就会在你们的这个楼宇上面去搭建一个新的基站，对吧？,0,1,1
network_1-2,12:34.6,12:40.3,那么这是搭基站，但是到了家庭这个层面上面，他不能搭个基站，你们都知道辐射对吧？,0,1,1
network_1-2,12:40.3,12:44.6,它也会在楼宇或者说某些密集型的地方，它就会搭一个直防站。,0,0,1
network_1-2,12:44.7,13:25.1,好，反正不管是这个脂肪站还是什么，它都是一个小型的中继性设备，主要是完成物理层信号的一个放大和整形，啊一般在这种情况下面，这种中继器非常简单，它就只有两个端口，啊就是为了完成传输煤制的延长的啊啊在物理层啊在物理层当中，除了这个啊中继器以外，我们以前还讲过一个设备，就是在早期的这个网络的扩展过程当中，它是为了将总线型客户结构变得更加容易管理而产生的。这个新型客户结构。,0,0,1
network_1-2,13:25.3,13:33.4,那么这个时候就是把一根总线把它微缩到一个多端口的设备当中来，那么这个就是我们的极限器。,0,0,1
network_1-2,13:33.6,13:44.4,好，它的特点是多端口，啊它内部实际上是一根总线，你可以把它当成一个简单的信号，一个信号的转发层面。,0,0,1
network_1-2,13:44.6,13:54.4,啊那么不管是中继器还是极限器，它都是在物理程度上面起作用，好在物理层面下面起作用。,0,0,1
network_1-2,13:55.1,14:08.1,因此前面两种设备所连接的这个网络是同一个重读域，啊是同一个冲突域，只有一个冲突域，啊这个是我们所说物理乘上的设备。,0,0,1
network_1-2,14:08.1,14:13.3,啊第二个，我们就上升到了数据链过程了。,1,0,0
network_1-2,14:13.7,14:39.5,那么数据利用程当中，我们这里面就提到两种，在早期的时候叫做网桥，啊早期的时候叫网交，后来呢叫做交换机，啊后来就叫交接，那么它们俩的区别或者说它们的工作原理是一模一样的，都是基于转发表的数据帧转发过程，啊这个是完全一模一样的，它们的区别在于什么？,0,1,1
network_1-2,14:39.5,15:00.8,呢网桥是早期的，交换机是现在的，以前在80年代的时候局域网技术，那个时候没有一个标准，那么有很多种不同的局域网技术诞生，比如我们营业所8点二十 3 8.2十 4 802.5、2.6等等，有好多种不同的局域网。,0,0,1
network_1-2,15:01.1,15:23.0,那么在进行扩展的时候，把两个网段连接起来，除了完成转发上的这个规则设计以外，还必须在连接端口层面上面实现两种不同网段的互融互通，好互融和互通，那么因此网桥会比我们的交换机更复杂一些。,0,0,1
network_1-2,15:23.8,15:32.6,那么到了90年代的时候，基本上就只剩下一种局域网技术，有线网就只剩下一种局域网技术了，就只有了什么？,0,1,1
network_1-2,15:32.6,15:55.3,呢就只有了以太网那么以太网站进行扩展的时候，那么这个网桥就不需要在异构的进行底层物理通讯技术上的融合，那么它就可以采用一个统一的标准，那么一种弱化版的同构的以太网的互联，就是用一个简化版的交换机来实现的。,0,0,1
network_1-2,15:55.5,16:07.1,啊那么网桥和交换机在本质上面工作原理上面是完全一样的，唯一的区别网墙可以连接易购的网段，交换机是同步。,0,0,1
network_1-2,16:07.2,16:23.0,啊好，那么这个是我们所说的啊线形，肯定是交换机设备作为我们的这个好主流设备，啊而且在交换机过程当中，每一个那个每一个这个叫什么？,0,1,1
network_1-2,16:24.2,16:32.5,每一个端口之间相互独立，那么因此这个出租率的概念被剔除掉啊剔除掉。,0,0,1
network_1-2,16:32.5,16:47.0,啊在我们的网桥当中，将多个局域网互联在一起，它们仍然是同一个重读一遍，啊啊那么这个是我们所说的关于这个局域网扩展的一些主要的内容。,0,0,1
network_1-2,16:47.0,16:53.3,啊我们现在讲到4种设备，大家一定要知道每一种设备他的这个工作层次是什么。,1,1,0
network_1-2,16:53.4,17:11.9,啊好，那我们下面再来看一下我们第五章的内容。,1,0,0
network_1-2,17:11.9,17:23.5,啊第五章网络层，啊第五条网络上。,0,0,1
network_1-2,17:25.2,17:29.7,好，网络层。,0,0,1
network_1-2,17:31.2,17:35.8,那么我们简单来回忆一下，啊网络层的主要功能是干嘛？,0,1,1
network_1-2,17:40.3,17:41.1,记不记得？,0,1,0
network_1-2,17:42.7,17:46.2,物理层完成信号的比特传输对吧？,0,1,0
network_1-2,17:46.2,17:50.9,数据流程有多路防控控制的问题，也有这个可靠传输的问题。,0,0,1
network_1-2,17:51.4,17:57.5,好，那么物理网络内部的问题全部解决掉了，那么网络层主要是为了实现什么？,0,1,0
network_1-2,17:58.2,18:02.6,嗯网络上。,0,0,1
network_1-2,18:02.6,18:07.5,啊书上怎么说的？,0,1,0
network_1-2,18:32.1,19:07.9,网络上啊看一看啊网络层的主要功能，把这个好，那我们先来说一下。,0,0,1
network_1-2,19:08.5,19:13.1,其实通过前面几个章节到了从第二章开始，对吧？,0,1,0
network_1-2,19:13.1,19:28.7,物理层啊在传输媒体上面能够进行信号去传输了，然后到达了这个数据6成，然后保证传输煤质上传输的可靠性，再到我们的这个锅炉房控制上，那么实现了多个主机的接入。,0,0,1
network_1-2,19:29.4,19:36.6,前面这样讲下来，好像感觉问题都解决了，是吧？有没有遗留问题？,0,1,0
network_1-2,19:36.6,19:43.5,啊通信可怕有保证了多个人介入也ok了。,0,0,1
network_1-2,19:44.8,19:53.7,我们刚才在讲上一节课的时候，我们说了还有什么东西其实并没有很好的解决是什么？,1,1,0
network_1-2,19:57.8,19:58.6,是什么？,0,1,0
network_1-2,20:01.0,20:02.8,我们刚才上节课讲的什么？,0,1,0
network_1-2,20:05.9,20:07.1,网络要干嘛？,0,1,0
network_1-2,20:09.8,20:12.0,网络要扩展，对吧？,0,1,1
network_1-2,20:12.2,20:20.3,好，我们上节课也说了，用交换机可以实现网络扩展，但是但是什么？,0,1,1
network_1-2,20:21.6,20:26.4,扩展的解决方案并不完美，它只能适用于什么？,0,1,0
network_1-2,20:26.4,20:37.0,要么就是扩展，也会有一个瓶颈，也就是它的规模也是一个有限的，噢也是有限，对吧？,0,1,1
network_1-2,20:37.0,20:46.1,但规模再大情况下面，可以用虚拟局域网来限制广播帧对，吧但是光规模更大还其实没有用了。,0,0,1
network_1-2,20:46.7,20:51.8,啊嗯那么这个时候我们需要一种新的方法来解决网络的扩展问题。,0,0,1
network_1-2,20:52.1,21:12.0,而且我们刚才所说了，现在的交换机设备全部是适用于以太网的，全部适用于以太网，就是8023标准的，如果有了更多的这个异构的网络进行互联，那么我们当时在说设计转发表的时候，其实是很痛苦的，对吧？,0,1,1
network_1-2,21:12.0,21:21.1,你的转发表的，这个第一个目的主机的标识信息如何来表示？大小设计成为多少？,0,1,1
network_1-2,21:21.6,21:23.6,那么这个时候也没有一个明确的说法。,0,0,1
network_1-2,21:23.8,21:30.2,好，那么这个时候就会有一个更好的解决方案来实现网络的拓展。,0,0,1
network_1-2,21:30.7,21:33.6,好，那么在做网络扩展的时候，我们希望什么？,0,1,0
network_1-2,21:33.6,21:47.3,呢是希望把所有的各不相同的，不管你是用什么样的技术而产生的，全部都连接在一起，进一步的进行网络规模的扩大化。,0,0,1
network_1-2,21:47.9,22:01.0,但是呢不受广播的影响，同时不管你采用什么样的技术，在我这个地方来看，都是一样的统一的，那么我们就要去解决这样的问题。,0,0,1
network_1-2,22:02.3,22:09.6,啊这个是我们第五章网络层所面临的新的挑战。,0,0,1
network_1-2,22:10.5,22:30.9,这个大家能够想明白吧，就是网络规模更大了，这个时候啊用交换机也也不行了，啊那么这个时候我们就需要哼新的解决方法，那么这个新的解决方法就是网络层的主要功能，简单来说就只有4个字，就叫做网络互联。,0,0,1
network_1-2,22:32.1,22:37.0,好，我们写一个是第一个物理层叫什么？网络连接。,1,1,1
network_1-2,22:37.6,22:42.5,到了上节课所讲的叫什么？网络扩展。,0,1,1
network_1-2,22:43.2,22:45.7,在这节课讲的叫什么了？,0,1,0
network_1-2,22:46.0,22:51.8,网络互联了，啊网络层的主要功能就是实现网络互网络互联。,0,0,1
network_1-2,22:52.7,23:06.9,啊那么这个时候我们说那么在网络互联过程中会有很多具体的问题存在，那么我们在后面会给大家专门介绍，啊那么它的形态从一根线变成了一个网。,0,0,1
network_1-2,23:07.7,23:27.3,那么从一个网变成了多个网之间的连接，啊都往直接连接的时候，这个交换机是不行的，那么这个时候我会引入一种新的工作，啊新的网络设备，那么这个设备就是大家听说过的路由器设备。好，各位请坐，好。,0,0,1
network_1-2,23:27.8,23:42.2,它是在网络层实现网络互联，嗯等一会啊大家记住两个有异构性的问题，有扩展的啊局限性问题是吧。,0,0,1
network_1-2,23:43.1,23:50.2,好，那么在实际的过程当中可能有很多个不同的网络，那么这个时候我们怎么样把它连接在一起？,1,1,0
network_1-2,23:50.5,24:03.7,啊好，前面我们所讲到的即使进行了扩展以后的，用交换机实现了扩展以后的，我们都称之为单一网络。,0,0,1
network_1-2,24:04.1,24:06.7,好，称之为单一网络，什么叫单一网络？,0,0,1
network_1-2,24:06.7,24:18.2,就是网络当中的所有节点设备都采用的是同一种网络技术，它的物理层和数据练不成卖不成都是一模一样的。,0,0,1
network_1-2,24:19.5,24:46.6,啊像我们现在以前所讲到的点到点是电路，像我们以前讲到的总线型，无线局域网以及用交换机产生的这种扩展型局域网，它都算是单一型网络，啊单一性网络，好，那么网络互联会形成一个互联网，它是将很多个单一网络组建在一起形成的一个互联集合。,0,0,1
network_1-2,24:46.7,24:59.8,那么互联网其实可以称之为网络的网络，啊而不是主机的网络，啊而不至于主机的网，它有很多个网络在这里面，我们所提到的这种网络呢可能存在异构性。,0,0,1
network_1-2,24:59.9,25:09.0,好，那互联网是一个概念，它的具体实例也就是代表性的一个真实的案例是什么？呢就是我们所说的internet。,1,1,1
network_1-2,25:09.6,25:25.3,Internet就是目前整个地球上面应用最为广泛的一个全球性的互联网，啊他们俩的写法也不一样，在我们的英文的书籍当中，一个呢叫做internet，两个都叫internet。,0,0,1
network_1-2,25:25.5,25:38.8,啊互联网表示的是一个概念，它是以小写来描述的，啊它描述的是网络的互联集合，它是描述的一种网络连接的形态。,0,0,1
network_1-2,25:38.9,25:50.1,好，那么我们的具体实例internet是一个实例性的东西，一个兵互联网的实力，那么它是首字母大写的。好，这两个是不一样的。,0,0,1
network_1-2,25:50.1,25:57.4,啊这两个不一样，一个是讲理论概念的，一个是讲一个具体的实际案例，啊哼。,0,0,1
network_1-2,25:59.0,26:15.7,好，那么有另外一种观点，就是什么呢把我们原先所讲到的这些局域网，包括扩展型的局域网，就这种单一性网络称之为一个物理网络，啊称之为一个物理网络。,0,0,1
network_1-2,26:15.8,26:34.4,然后呢我在上面呢在网络层搭建起一个虚拟性的这个虚拟的大网，啊虚拟的大脑，那么这个虚拟性的互联网我们称之为一个逻辑网络、啊逻辑网络。,0,0,1
network_1-2,26:35.0,26:50.7,啊那么互联网就是有很多个物理网络在网络层协议的作用下而构建起的一个逻辑上的虚拟互联网它并不是真正存在的，但是给用户的体验是什么？,0,1,1
network_1-2,26:50.9,27:47.0,是大家在一起，啊那么这个是我们所说的啊关于互联网的网络互联的这个概念，啊大家一定要知道它的覆盖范围更大，特别是它可以把底层很多个较小的物理网络的异构性给屏蔽掉，啊好，那么具体的一个事例，那么在这里面我们可以看到上面呢这有一个以太网，这边呢也有个以拍网，有两个网段，然后呢这边呢有一个令牌环形网，啊令牌黄金网就是spdi好，然后呢这边呢还有一个点到点的链路，最后点到点链路，比如可以跑hdrc或者PPP协议，那么在这里面呢就会有1个两三个4个，总共有4个网段，啊总共有4个网段，那么这4个网段呢要进行连接，那么肯定存在着异构性的问题。,0,0,1
network_1-2,27:47.6,28:20.7,啊但是从互联的角度上面来看，对最终的用户又体现出是一个逻辑网络，那么我们就要加入设备，那么这个设备不能再是交换机了，而必须采用一种新的网络设备，那它这个叫路由器啊路由器，路由器就是实现并购物理网络互联的专用型网络设备，啊好，那么从协议的体系结构的这个噢参考模型的角度来看，那么它其实是如何实现的？,0,1,1
network_1-2,28:20.7,28:50.5,呢我们在这里面刚才的这个示例图当中，一次数据的转发，在底层上面会有一次以太网当中的数据转发，然后呢通过专用设备路由器之后，呢又会通过另外一个端口输出，那么这个时候通过另外环境网协议一次转发PP转发，然后 eth一次转发，理论上如果没有网络层，我们要怎么连接起来的话，这个数据会经过一次翻译，会经过一次翻译对吧？,1,1,1
network_1-2,28:50.9,28:57.0,啊会经过一次翻译，翻译以后再翻译，但是这种翻译过程很复杂，那么我们希望怎么样？,1,1,1
network_1-2,28:57.1,29:11.0,呢加一个中间层次，那么这个就是我们的网络上，啊我并不直接对它进行翻译，而是在我原有的数据当中包含一个统一的规则和标准。,0,0,1
network_1-2,29:11.0,29:30.6,那么这个统一的规则标准就是我们的IP协议，IP那么大家一定要记住，啊就是在所有的底层基础上面，我增加了一个新的层次，一个新的协议，那么在这个网络层上面大家达到了共识和统一，那么就可以完成异构性的屏蔽，啊应付形成疾病。,0,0,1
network_1-2,29:30.9,29:35.3,那么怎么样做到这个主要还是一些封装、和解、封装的过程。,1,1,0
network_1-2,29:35.3,29:40.1,啊好，那么这个是我们所提到的第一个问题。,1,0,1
network_1-2,29:40.1,29:57.1,啊第二个问题就是网络城谢谢它所提供的服务网络层，刚才是它的底层网络接口层面或者说数据6层之间的一个关系问题。,1,0,0
network_1-2,29:57.4,29:59.8,啊那么再来看上乘。,1,0,1
network_1-3,00:00.0,00:00.8,上乘。,1,0,1
network_1-3,00:01.8,00:09.4,那么在网络层之上是为我们的传输层或者说我们的终端主机提供服务的，那么它的服务是什么样子的？,0,1,1
network_1-3,00:10.4,00:13.3,他服务肯定是转发数据，对吧？,0,1,0
network_1-3,00:13.3,00:18.2,但是我在转发数据的时候，是以一个什么样的策略来转发数据的？,0,1,1
network_1-3,00:18.8,00:37.7,那么这个我们以前在讲第一章的时候给大家提到过了在我们现行计算机网络当中，它不同于我们以前的电话网络，它在整个网络层进行数据转发的时候，采用的是一种数据报酬。啊是一种数据括弧。,0,0,1
network_1-3,00:37.7,00:41.5,啊啊那么什么叫数据化服务？,0,0,1
network_1-3,00:41.5,00:49.9,就是我们所说的这个尽最大努力交付啊经济，为大家努力消复实际上也，就是说没有任何的规则。,0,0,1
network_1-3,00:50.0,00:58.8,那么这种无规则性，它可以使得它在任何的护理网络技术基础上都可以得到很好的应用。,0,0,1
network_1-3,00:59.1,01:12.8,啊如果你加了额外的信息做了一些控制和保证，那么这个时候你就必须考虑你所加的这个信息，或者说加这个技术和机制与底层网络之间的一种匹配性。,0,0,1
network_1-3,01:13.1,01:19.1,啊当我不做太多额外处理的时候，那么它的通用性和适用性将更加广泛。,0,0,1
network_1-3,01:19.3,01:32.1,啊那么在我们的网络层当中所采用的服务模型就是我们所说的分组交换的数据报传送模型，它是一种尽最大努力交互的模型。好，这个是我们所提到的。,0,0,1
network_1-3,01:32.1,01:38.2,啊那么与其对应的就会有一种具有可靠性保证的。,1,0,1
network_1-3,01:38.4,01:51.5,那么它也是基于分组交换的，也就相当于在分组交换的核心思想基础之上，那么它也引入了我们以前的电路交换的一些特点而产生的另外一种。网络层的。,0,0,1
network_1-3,01:51.6,01:58.4,服务模型，啊网络层的服务模型有两种，一种呢就是我们现行计算机网络普遍采用的。,0,0,1
network_1-3,01:58.6,02:04.6,叫做数据报的服务模型，还有一种就是跟它所对应的有一定可靠传输保证的。,0,0,1
network_1-3,02:04.7,02:07.1,它仍然是基于分组交换，但是。,0,0,1
network_1-3,02:08.7,02:16.3,看着镜。机制是叫做。蓄电路的啊。一个叫数据报。,0,0,1
network_1-3,02:17.6,02:32.7,一个叫做蓄电路。啊啊稍微有点点不一样，啊一个是有口号传输保证，一个是没有可靠传输保证，啊这个是我们给大家提到的。啊哼。,0,0,1
network_1-3,02:35.1,02:37.2,好，那么这个。,0,0,1
network_1-3,02:37.3,02:48.9,这个近距大努力交互来看的话，它也实际上与我们所讲到的这个简单网络复杂主机的这种设计理念是完全一致的。,0,0,1
network_1-3,02:48.9,02:59.0,啊那么大家还记不记得就是简单主机啊简单网络复杂主机的核心思想到底什么意思？,1,1,0
network_1-3,02:59.5,03:07.1,我们在讲第一章的时候给大家介绍过，嗯是什么？,0,1,1
network_1-3,03:08.1,03:10.6,什么叫简单网络复杂主题？,0,1,0
network_1-3,03:16.7,03:23.9,简单来说，就是说我们的网络是尽最大努力交付，把数据只管向网络当中。,0,0,1
network_1-3,03:24.3,03:30.3,发送，到底在分组转化过程当中会不会出现问题，我并不care。,0,0,1
network_1-3,03:31.4,03:40.0,那么在网络传输过程当中，由于它不保证可靠传输，很有可能会出现分组转发之后出现什么？,0,1,1
network_1-3,03:40.2,03:57.3,缓存溢出啊等等这些不可靠的这种情况发生，那么我们需要把这个不可靠的情况在交付给我的目的用户的时候，要给消除掉，那么就由圆端和目的端主机之间协作来完成。,0,0,1
network_1-3,03:58.6,04:08.8,啊那么这个就是由主机参与的这种可靠传输服务，就是简单网络和复杂主题的一个思想体现。,0,0,1
network_1-3,04:08.8,04:12.4,啊好。,0,0,1
network_1-3,04:12.8,04:16.3,那么这个是它的一个设计理念性的问题。,0,0,1
network_1-3,04:16.3,04:21.9,啊那再下一个呢我们就来看一下。,1,0,0
network_1-3,04:22.9,04:26.8,网络层协议。那具体。是怎么做的？,1,1,0
network_1-3,04:26.9,04:46.2,啊那么每一个协议来看的话，肯定有一个协议报文，那么这里面呢就列举出了，我们网络长的这个分组，他的长相，啊任何一个网络当中的协议数据单元都包含手部跟数据字段。,0,0,1
network_1-3,04:46.3,04:50.4,啊那么作为其中网络层的协议，它也是这样的。,0,0,1
network_1-3,04:50.7,04:55.2,在它上面呢是它的首部字段，下面呢是它的数据部分。,0,0,1
network_1-3,04:55.6,04:58.6,那么从协议的角度，我们不关注于数据。,0,0,1
network_1-3,04:58.8,05:02.5,啊数据对我们是来看是透明的，我们看到的是。,0,0,1
network_1-3,05:02.9,05:23.5,他的手部，啊手部手部里面来看，它设计了很多个字段，整个IP的首部长度包含20个字节的固定长度，以及不确定的扩展首部在现行的IP协议当中基本上扩展首付已经没有用了。,0,0,1
network_1-3,05:24.0,05:28.1,好，那么因此我们看到的所有IP的数据分组。,0,0,1
network_1-3,05:28.5,05:35.2,它的首部都是定长就是20个字节，我们在这里面可以看到它总共有。,0,0,1
network_1-3,05:35.5,05:40.5,你看一行是32个比特位，就是4个字节对吧？,0,1,1
network_1-3,05:40.6,05:48.2,4个字节总共有5行，那么它就有20个字节，啊20个字节。好。,0,0,0
network_1-3,05:48.2,05:58.1,那么首先第一个我们来看一下，我们所说通过网络层的IP协议，我们把所有的电脑全部连接在一起了，形成了一个什么？,1,1,1
network_1-3,05:59.9,06:02.7,虚拟的。互联网对吧？,0,1,0
network_1-3,06:03.0,06:21.1,对于用户来看的话，或者说对于连接到网络当中主机来看，从网络层来看，大家是连接到同一个网络里面，那么在这个网络的层面，在网络层面当中，我们一定也会要求进行。主机的标识。,0,0,1
network_1-3,06:21.6,06:28.4,也会进行主机的标识，那么也会给每一个主机起一个名字，你要传给他嘛对吧？,0,1,1
network_1-3,06:28.5,06:31.6,你要知道传给谁，那么也要在这个层面上面。,0,0,1
network_1-3,06:31.8,06:41.4,其实我们以前看到很多物理网络在研究网络层的时候，我们大家就把所有的主机想成大家连在一个网络里面，底层物理网络细节被屏蔽掉。,0,0,1
network_1-3,06:41.6,06:53.2,好，那么在这种情况下面，我首先要给每一个主机起个名字，好，那么在公益的时候，每一个分组当中就必须包含目的，主题是谁啊以及原主题是谁。,1,0,1
network_1-3,06:53.4,06:56.0,那么这里面就会有两个地址信息。,0,0,1
network_1-3,06:56.8,07:03.5,好，有两个这个信息啊目的，主机的网络地址，原主机的网络地址。,0,0,1
network_1-3,07:03.7,07:08.3,好，那么这个是我们所说的粒子中心，啊除了这个以外，我们来看看还有什么？,1,1,1
network_1-3,07:08.4,07:25.3,呢下面第一个字段是有4个比特位，啊4个比特位，那么这4个比特位呢写了是版本号的问题，大家知道我们现在普遍采用的是。 ipv4对吧？,0,1,1
network_1-3,07:25.6,07:30.9,但是我们学校里面已经使用了FV6对吧？那么。,0,1,1
network_1-3,07:31.3,07:41.6,说明IP协议有多个版本，啊有多个版本到现在来看的话，它是4号版本和6号版本并行的一个。情况。,0,0,1
network_1-3,07:41.8,07:54.2,啊那你收到一个分组，你要对它进行解读，你首先要必须知道你以什么样的规则来进行解读，那么我一看版本为4，我大概就知道噢套用这个首付。就行了。,0,0,1
network_1-3,07:54.2,07:56.6,啊好，那么这个是我们所说的第一个。,1,0,1
network_1-3,07:56.8,08:02.2,第二个，呢就是以前不是有扩展手术吗？对吧？,1,1,0
network_1-3,08:02.2,08:12.2,以前有扩展守护，那么你就要告诉我，你在进行分组处理的时候，你可以告诉我从哪个地方开始把数据部分给分割开来，对吧？,0,1,0
network_1-3,08:12.3,08:15.0,那么你必须告诉我手部的长度。,0,0,1
network_1-3,08:15.3,08:17.6,那么第二部分就是手部的长度问题。,0,0,1
network_1-3,08:17.8,08:30.3,啊手部的长度这个地方为了节省这个字段所占用的 um比特数，那么它的每一个计数单位代表的是4个字节。,0,0,1
network_1-3,08:31.0,08:38.3,好，那么现在就来问一下，在我们现行ipv4协议当中，那么这个字段一般填什么？值啊？,0,1,1
network_1-3,08:41.8,08:45.4,填几？啊算数会算吗？,0,1,0
network_1-3,08:49.4,08:51.2,为什么？啊可以。,0,1,0
network_1-3,08:55.9,09:04.0,那在我们现行的这个里面。我们知道我们的手部长度，我们刚刚所说的是固定的20个字节对吧？,0,1,1
network_1-3,09:04.8,09:13.1,那么这里面一个基本计数单位是4个字节，因此在现在ipv4的协议当中，这个 headlines。,0,0,1
network_1-3,09:13.4,09:19.1,就写的是5啊又写的是5，啊前面第一个写的是4，就是那个版本号写的是4。,0,0,1
network_1-3,09:19.2,09:24.2,第二个就写为5了，啊 Qs是以前的服务类型，现在计算了你没有用了。,0,0,1
network_1-3,09:24.3,09:33.7,啊再往下一个是整个分组的总大小，整个分组的总长度。那么会有一个lance。,0,0,1
network_1-3,09:34.1,09:37.5,一个是首付单词，一个是数据的。,0,0,1
network_1-3,09:37.6,09:39.8,包含数据库存的一个总长度的问题。,0,0,1
network_1-3,09:39.8,09:51.3,啊那么它的技术单位是字节四十几，那么这个总长度字段所占用的比特位数是16个比特，因此它所代表的。,0,0,1
network_1-3,09:51.7,09:58.7,一个分组的最大长度为65535的瞬间。啊635。,0,0,1
network_1-3,10:00.8,10:07.1,好。下面呢我们下节课再来给大家解释，啊大家如果有问题的话就可以交流一下。,1,0,1
network_1-3,10:07.1,10:09.2,没有的话，我们就。,0,0,1
network_1-3,10:10.3,10:14.3,星期六见。啊星期六要上课。,0,0,1
network_1-3,10:14.3,10:22.3,吧嗯把你的书一本带过去，吧然后我在群里布置作业，ok。,0,0,1
network_1-3,10:23.4,10:27.5,谁知嗯的。,0,0,1
network_1-3,10:27.8,10:30.7,嗯了。,0,0,0
network_1-3,10:32.7,10:45.2,你一定要吃完我做的好，我们可能工作时间很好，然后那个这他的画了那么多，他什么来是吧？,0,0,1
network_1-3,10:45.2,10:49.6,我接下来的然后的这个过程。,0,0,1
network_1-3,10:49.9,10:53.1,嗯好好看一下。,0,0,1
network_1-3,10:55.2,11:00.4,先放个上网的。这个谢谢，26啊上了。,0,0,1
network_1-3,11:00.4,11:03.8,呀很好，我们这样好好。,0,0,1
network_1-3,11:04.9,11:09.3,谁知好一点。大家来读一下来解决了。,0,0,1
network_1-3,11:09.9,11:12.7,但是这个数据这个商量的对吧？,0,1,1
network_1-3,11:13.1,11:21.0,如果要拍好，然后我安排的时候我看看这情况，吧不能再见不了了，嗯可能所以的时候就出来了。,0,0,1
network_1-3,11:25.0,11:40.7,嗯谁知然后你要想我们让他去看刚才走的时候好，谁知我来上课，开了吧。,0,0,1
network_1-3,11:41.5,11:44.4,不要不要到这儿了，还有了还是上下去了。,0,0,1
network_1-3,11:44.9,11:50.8,噢还有啊这好，谁放着了？,0,1,1
network_1-3,11:50.9,12:00.0,我们这的然后呢应该也也很好。这这是什么？说出来了。啊这有坏。,0,0,1
network_1-3,12:02.1,12:05.9,钱呀我靠干什么？亏死了。你好。,0,1,1
network_1-3,12:09.7,12:15.1,正常是8013。那你们好了。,0,0,1
network_1-3,12:15.4,12:18.4,嗯不好意思没想，好了。,0,0,1
network_1-3,12:18.4,12:22.8,16块钱还是得快点吃饭了，谢谢。,0,0,1
network_1-3,12:27.4,12:40.0,这个时间好了，可以说什么意思啊我不懂了，唉我上次也是我们我我的钱了。短期的50万家。加呀加油。,0,0,1
network_1-3,12:40.0,12:42.6,啊再简单姐妹冲啊。,0,0,1
network_2-1,00:00.1,00:05.2,到达d的代价，那么可以是由ab的代价加上b到d的代价。,0,0,1
network_2-1,00:05.4,00:11.9,A通过 c到达d的代价是a到c的代价加上c到d的代价，以此类推。,0,0,1
network_2-1,00:12.0,00:20.5,那么a总共可以选择bcef到达d那么把它相应的代价进行一次求和，就可以得到相应的结果。,0,0,1
network_2-1,00:20.8,00:41.1,那么上节课我们举的这个简单的事例当中，我们发现嗯在每一个节点构建起自己的初始距离销量之后，经过一次两次基本上就可以得到一个最终的一个与真实情况非常一致的这个真实距离向量结果，好。,1,0,1
network_2-1,00:41.4,01:00.0,好，那么这个是初始情况下，呢就是大家商店开始工作到路由器之间进行路由协议的信息交换，最终三两个回合之后就可以就可以得到一个最终的结果，啊那么这个最终结果与我们图上所看的结果是完全一样的。,0,0,1
network_2-1,01:00.1,01:06.3,当然这是一个自动化的过程，并不是我们人啊眼睛看出来这个手工计算过程。,0,0,1
network_2-1,01:06.3,01:28.1,啊好，那么这里面关于协议的这个信息分发，我们刚才已经所说了，啊为了能够执行贝尔曼报的这个算法，必须在每个节点内部维持了一个这个距离向量，而且把这个距离向量交付给我们的邻居节点。,0,0,1
network_2-1,01:28.1,01:30.4,好，那么这是交付的信息内容。,0,0,1
network_2-1,01:30.4,02:02.1,另外一个层面就是什么时候交付，那这里面给出了啊我们在距离向量路由选择算法当中进行信息交换的一个啊时机，啊具体来说的话，就是每隔一段时间之后，我定期的会跟我的邻居节点之间进行一次距离向量的交互，因为我们可能会认为过一段时间网络就会发生一次变化，啊会发生一次变化，那么这个时候我就定期的去更新，啊这是一种很常见的方法。,1,0,1
network_2-1,02:02.4,02:36.7,还有一种还有一种方式就是触发更新，当网络当中某一个节点突然间坏了，突然间坏了，那么这个时候它可能掉电掉电的时候就会在网络当中产生一个触发性的信息，啊这个就叫做一个就因为像一个中断清晰，那么中断信息也可以主动的启动每个路由器内部重新开始进行计算，或者说完成一次新一轮的这个 FM的算法的这个过程，啊就是我们所说的距离向量这个选择算法。,0,0,1
network_2-1,02:37.3,02:39.6,好，那么一个是怎么算的对吧？,1,1,0
network_2-1,02:39.6,02:42.1,一个是怎么实现这个算的。,1,1,0
network_2-1,02:42.1,02:57.2,啊好，那么这个时候呢这个距离选择略优选的，算法看起来非常的简单，啊也是我们日常生活当中去做决策一个非常用经常会用到的，对吧？,0,1,1
network_2-1,02:57.2,03:03.5,啊我会听取我同旁边的同伴的一些信息，我把他们信息汇总之后来做我的决策。,0,0,1
network_2-1,03:03.9,03:15.3,啊那么当然我们这里面也提到了，这个方法要非常高效的或者说正确的一个前提，有一个前提条件，会有一个什么前提条件？,0,1,1
network_2-1,03:16.7,03:31.6,信任。除了信任以外，就是我旁边人说的话必须是真的，啊就是我我会无条件的信任旁边的人，我会收集他们的信息。,0,0,1
network_2-1,03:31.6,03:45.3,第二个就是我旁边的这个人必须是好人，啊必须是好人，如果他是坏人，他告诉我一个错误的信息，我很有可能就会做出错误的决断，对吧？好，那我们来看一个例子。,0,1,1
network_2-1,03:47.9,04:04.7,好，我们先看假设我们在分析问题的时候，给出一个非常特殊性的网络拓扑结构，就是abcde那么abcde4个啊5个节点组成了1个链状性的托福。,0,0,1
network_2-1,04:05.3,04:16.7,我们首先来看，假如现在啊现在啊原先只有 Bcde啊只有bcde现在呢 a节点突然加入到整个网络当中来了。,1,0,1
network_2-1,04:17.6,04:29.5,好，那么这个时候要经过多少次能够在bcde当中形成准确的到达a节点的一个相关信息。,0,0,1
network_2-1,04:30.4,04:41.3,那么在刚开始没有a的情况下面出入情况下面，a还没有过来，那么bcde它会认为我到达a节点的代价为无穷大，对吧？,0,1,1
network_2-1,04:41.8,04:48.4,也就相当说刚开始我不知道a的存在，那么对于我不知道存在的节点的代价值就会无穷大，对吧？,0,1,1
network_2-1,04:48.6,05:06.5,好，那么当a加进来以后，那么假如我们以周期性周期性触发我们的路由选择计算过程来看的话，那么a在下一轮次过程当中是不是会发给b一个这个代价值，对吧？A会发给他什么？,0,1,1
network_2-1,05:08.3,05:10.2,我到a的代价为0，对吧？,0,1,0
network_2-1,05:11.6,05:18.9,啊我们都是算到a的代价的问题，啊我们只看这个距离向量当中的某一个啊某一个值。,0,0,1
network_2-1,05:18.9,05:22.3,好，a会告诉b我到达a的代价为0。,0,0,1
network_2-1,05:23.2,05:31.2,好，b收到这个信息之后再算一下唉我跟a相邻那是不是0+1=1的问题，对吧？,0,1,1
network_2-1,05:31.3,05:37.1,好，b同时会收到来自于c的信息，c告诉他我到达a的代价维护从大。,0,0,1
network_2-1,05:37.5,05:46.9,好，那么c到b的代价为一无穷大加一，仍然为无穷大，那么在这两个当中我做出一个选择，那就是我认为通过a更好，对吧？,0,1,1
network_2-1,05:47.8,05:51.3,首先是a告诉我，为0，对吧？,0,1,1
network_2-1,05:51.5,05:53.6,C告诉我为无穷大。,0,0,1
network_2-1,05:53.7,06:07.6,那么b来看一下，我通过a到a和通过c到a的代价，那么分别是0+1为1，无穷大加一仍然为无穷大，没有问题。,0,0,1
network_2-1,06:07.6,06:19.7,吧那么b在这两者当中做出选择，肯定会选择较小的，这个那么完成一次更新之后，b内形成到达a的距离向量，那代价值就为一了。,0,0,1
network_2-1,06:20.6,06:31.7,好，那么c收到来自于b和d的仍然为无穷大，d收到c和e的无从大无从大，在第一轮回合之后 b就达到了一个正确的结果。,0,0,1
network_2-1,06:32.0,06:36.0,好，那么第二轮，c是不是会收到？,0,1,0
network_2-1,06:36.0,06:53.5,就是再过一个周期之后，c会收到来自于b和d的信息，b和d的信息b告诉他他到达a的代价为一，那么我c到b的代价为11+1=2，那么d告诉我无穷大无穷大加一仍然为无穷大，二和无穷大当中我选择二。,0,0,1
network_2-1,06:53.6,06:57.8,那么第二轮c到达a的代价值就算出来了。,0,0,1
network_2-1,06:58.0,07:18.9,第三轮以此类推 d到达a的代价为3，第四轮e到达a的代价为4，那么经过4个周期，是不是在这种网络形态下，所有的节点都能够形成一个准确到达a的代价值以及相应的路径值，对吧？,0,1,1
network_2-1,07:18.9,07:24.7,这是非常快的，啊非常快的，这种算法本身的收敛性就非常好。,0,0,1
network_2-1,07:24.8,07:35.0,那我们现在再来看反过来，假设现在 a突然掉电了，突然掉电了，对吧？,1,1,0
network_2-1,07:35.0,07:38.2,好，那么这个时候 b会发生什么事情？,0,1,1
network_2-1,07:38.9,07:47.1,B嗯会发现我的邻居a节点没了，那么相当于什么？,0,1,1
network_2-1,07:47.1,07:55.2,呢相当于即使a到a的代价为0，但是b到a的代价现在变成多少？,0,0,1
network_2-1,07:55.2,07:59.5,啊无穷大，对吧？是这样的。,0,1,0
network_2-1,07:59.5,08:03.2,吧啊每一个代价是由两个部分组成，对吧？,0,1,1
network_2-1,08:03.5,08:08.5,啊一个是别人掌握的信息，一个是我测量我到达邻居的信息对吧？,0,1,1
network_2-1,08:08.6,08:11.6,那么这个时候最终的总值就a无穷大了。,0,0,1
network_2-1,08:13.1,08:20.8,好，这边是来源于a的信息了，啊好，再来一看来源于c的信息，c告诉你它的a的代价为多少？,0,1,1
network_2-1,08:21.8,08:22.9,为二，对吗？,0,1,0
network_2-1,08:24.4,09:19.1,C内部维持的信息是一个历史性的信息，它的代价值为二啊为二，好，那么这个时候b到达c的代价为一，那么加写的和为三，在这两者之间选择一个较小值，我会选择三，按照算法来看的话，我会选择三，那么这个时候呢 b就会把自己的职业更新为三，嗯哦 B把自己的职称性为三，那么cie收到来自于b和d的上一个周期的信息是1和三，那么加上一之后分别是2和4，我选择较小值，二作为c的值，d呢2和4分别加13和5选择3，e呢还是只有一个3过来了，那么这个时候我就为4，经过一次更新之后为3234，这个结果没有问题，吧大家没有任何疑问。,0,0,1
network_2-1,09:19.1,09:31.2,好，那我们再来看再下一个时刻，在下一个时刻呢我到达a仍然会无穷大，我呢通过c告诉我的结果为二，那么这个时候我就这个里面写一个三。,0,0,1
network_2-1,09:31.4,09:53.0,好，3和3之间加1之后选择一个4，啊然后在d结果是2和4+1之后是35选择3，那么4仍然为4，那么第二轮是3434的结果，第三轮大家按照它相同的方法可以计算出5454第四，呃第四轮之后5656，第七轮7676。,0,0,1
network_2-1,09:53.4,09:57.5,好，那么这个是我们逐步计算的一个过程。,0,1,1
network_2-1,09:57.6,10:02.2,我们知道当n真正断开以后，真实的结果会是什么？,0,1,1
network_2-1,10:03.0,10:05.1,应该全部都为无穷大重大对吧？,0,1,0
network_2-1,10:05.6,10:08.8,下面每一个节点到达a都是不可达的，微不穷？,0,1,1
network_2-1,10:08.8,10:22.2,大，那么来看，按照我们贝尔曼phone的算法来进行计算的话，他需要多少次迭代才能够与真实情况完全一致。全公司。无穷次对吧？是需要无穷色。,0,0,1
network_2-1,10:22.2,10:35.5,好，那么因此在贝尔曼for的这种距离向量路由选择算法当中，它有一个特点就是简单啊简单，啊这种简单体验在哪里？,0,1,1
network_2-1,10:35.5,11:13.0,呢体验在好消息的传播非常快，但是坏消息的反应特别慢，啊我们这里面所说的啊好消息，传播迅速，嗯坏消息反应慢，好，这个是它的特点。,0,0,1
network_2-1,11:14.1,11:16.0,啊这个它的特点。,0,0,1
network_2-1,11:17.1,11:26.7,好，消息传递的特别快，就是指左边这种情况，啊当我决定新的进来以后，我能够很快速的啊稳定一下算法收敛下来。,0,0,1
network_2-1,11:26.9,11:37.4,那么坏消息慢，就是当某一个人从网络当中脱离出来，那么这种现象的收敛是非常慢的，啊这个就叫无穷计算问题。,0,0,1
network_2-1,11:37.9,11:45.9,好，那么其实这里面没有人是坏人，仅仅只是算法层面本身存在一定的不足。,0,0,1
network_2-1,11:46.6,11:52.0,那我们来想想我们来看，这个这个不足是什么原因？,1,0,0
network_2-1,11:54.6,11:58.0,是b信了。C对吧？,0,1,0
network_2-1,11:58.3,12:09.1,进了c的信息，那么它很慢的去更新了，它到达a的代价。好，c是不是坏人？不是坏人。那么这个问题主要在于什么？,0,0,1
network_2-1,12:11.2,12:14.5,信息是旧的，对吧？,0,1,0
network_2-1,12:14.5,12:41.5,它在更新它的时候信息是旧的，啊在更新在第一轮进行计算的时候，它是用了一个来源于c的旧信息来算当前的结果的，啊这个是它最主要的原因，它那么现在就来问一个问题，怎么改变他，怎么打一个补丁能够让他不犯错，设一个标志，设个什么标志？,0,1,1
network_2-1,12:41.7,12:50.0,嗯新消息旧消息，那所有都是旧消息，他没有用过新消息，嗯对吧？,0,1,1
network_2-1,12:50.0,13:00.6,他永远是用的上一个龙，上一轮每一个节点形成的一个距离向量，也就是历史上面你邻居的一个认知，对吧？,0,1,1
network_2-1,13:00.7,13:04.2,啊永远是旧消息，怎么办？,0,1,0
network_2-1,13:06.0,13:14.6,好，那么从这个上来看的话，b如果想马上变成无穷大，有两种方法，哪两种方法？,1,0,1
network_2-1,13:15.6,13:18.1,它什么时候变成无穷大取决于谁？,0,1,0
network_2-1,13:21.3,13:29.2,你看戏。嗯第一种玩痞的方法就是无穷大的大小。,0,0,1
network_2-1,13:29.5,13:38.1,有的人把武松大设置成为50，有人可以把梧桐娜设置成1万，那么它到底需要多少次？,0,1,1
network_2-1,13:38.2,13:42.7,取决于无穷大的具体值，对吧？取决于无穷大的具体值。,0,1,1
network_2-1,13:42.7,13:50.2,好，那么这个时候无穷大的这个设定是很关键的。,0,0,1
network_2-1,13:50.9,14:07.8,因为本身来看的话，你要做程序上面的比较，不可能有一个普通的，嗯它一定是个有限值，好，那么这个有限值很关键，我不要让它产生无穷4阶段还是有限的话，那么这个地方就可以有限值，那么这个有限值的大小你们认为取决于什么？,0,0,1
network_2-1,14:10.3,14:12.9,怎么设定这个有限值，这个这是一个文献。,0,0,1
network_2-1,14:12.9,14:17.2,嘛这个文献取决于什么？我们的这个对于安全。,0,1,1
network_2-1,14:18.4,14:21.6,其实是整个网络的规模啊对吧？,0,1,0
network_2-1,14:21.6,14:30.7,这整个网络的规模，啊那么这个最大值，如果你看我们现在来看的话，这个是股票对吗？是5票对吧？,0,1,1
network_2-1,14:31.6,14:34.1,当你超过6以后其实就没有意义了。,0,0,1
network_2-1,14:34.8,14:43.9,因为我知道网络的最大跨度只有5跳就能够到达，结果你还算出一个7，你还继续往后算，意义大不大？不大对吧？,0,1,1
network_2-1,14:43.9,14:53.9,因此无穷的这个文献值在我们的这个距离向量的计算过程当中可以设定一个有限值，这个值为网络的最大跨度。,0,0,1
network_2-1,14:55.6,14:57.6,这个能够刚才说明白我的意思吧？,0,1,0
network_2-1,14:57.6,15:07.1,你看在这里面转发最多经过5次，你的值在算6以上的，就没什么意思了。好，这是第一个。第一个。,0,0,1
network_2-1,15:07.1,15:10.4,好第二个，第二种策略，是吧？,1,0,0
network_2-1,15:10.4,15:24.6,第一个是把它设定上面一个有限值合理设定的值，第二个就是唉 B错了主要来源于c那是不是我可以说我更新的时候不要听c的，为什么能够不听c的呢？,0,1,1
network_2-1,15:25.7,15:30.9,谁知那么c告诉我的这个信息我怎么能够判断出？我不信他。,0,1,1
network_2-1,15:30.9,15:38.7,呢那我们来看一下c里面对于这一条记录为二的这个记录，他会怎么写？,0,1,1
network_2-1,15:38.7,15:42.0,按照我们路由表，他会怎么写？,0,1,0
network_2-1,15:42.2,15:45.6,先按照这个下一个他会写a对吧？,0,1,0
network_2-1,15:45.6,15:49.8,C内部一条到达a的，以a为所有的记录对吧？,0,1,0
network_2-1,15:50.2,15:54.1,下一条为什么b代价为什么？,0,1,0
network_2-1,15:54.7,15:59.1,二，好，那么你收到这个信息原先是什么呢？,0,1,0
network_2-1,15:59.1,16:03.6,原先是a二，我把这个二的值给他就行了，对吧？,0,1,0
network_2-1,16:03.9,16:10.1,现在如果我要知道ab2，你可不可以抛弃c的信息？,0,1,0
network_2-1,16:11.2,16:15.6,为什么？因为他知道这个信息是来源于b的，对吗？,0,1,1
network_2-1,16:16.5,16:28.8,啊也就相当于说你你是通过我知道的信息，那算了，下次你告诉我的时候，你的这个消息都是我告诉你的，我何必在听你的呢？嗯对吧？是不是？,0,1,1
network_2-1,16:28.8,16:57.3,这个也是解决无穷计算的一个方法和策略性的问题，也就相当于说我的这种距离向量在进行扩散的时候，那么我会观察一下这个距离向量形成的来源信息，那么不像来源、信息方向进行距离向量的广播，那么这个时候我就可以避免这个问题，也就相当于说c不要再永远向b发送，你来源于b获得。,0,0,1
network_2-1,16:57.3,17:00.4,的这种相关信息，这个就是我们所说的无穷计算问题。,0,0,1
network_2-1,17:00.4,17:19.3,啊好，那么这里面就是无穷阶段解决问题方法，那么用一个最大值来代替无穷大，然后呢同时有一些水平分割的一些问题，啊啊但是这种方法呢也并不是非常有效的，啊大家知道就行了。,0,0,1
network_2-1,17:19.3,17:26.9,啊好，这个呢前面我们讲的距离相差是从原理上来说，下面就来看看具体的实现。,1,0,0
network_2-1,17:27.0,18:16.5,那么距离向量路由选择算法啊在我们现行的internet当中有应用，啊它的这个具体的实现协议叫做锐协议，它是在啊它是最早期的一个应用于中小型网络内部的啊互联网内部的一个路由选择协议，它在80年代产生的，当时网络规模本身也不大好，那么在这里面大家需要了解一个就是它的票数，噢它的代价，就这个距离我们所说的是代价，这个代价如何衡量，我们也说了有很多种不同的指标，可以是带宽食盐，还可以去跳数，跳数是一个很简单的，就是可以经过多少次转发，也就相当于说你经过了多少个物理网络，作为它的衡量啊衡量标准。,0,0,1
network_2-1,18:16.5,18:46.7,啊好，那么在这个协议当中，在早期的时候，大家又用了这个呃你所经过的物理网络的个数来作为我们的这个评价指标，大家还记不记得在我们it手部当中有一个字段叫ttl，t点r它就是数据分组的这个生命周期，就是它可以经过路由器转发的次数，啊那么因此在早期网络当中这个能够转发的这个次数是一个很常见的一个评价指标。,0,0,1
network_2-1,18:46.7,18:59.3,啊嗯嗯好，那这个呢就是它的这个锐步协议的这个结构，我们来想想它的交互信息都主要交互什么？,0,1,0
network_2-1,18:59.3,19:04.2,呢到达每一个网络的距离向量，对吧？,0,1,0
network_2-1,19:04.3,19:12.2,好，这里面其实就是这样的，啊我到达某一个网络的代价，我到达另外一个网络代价，那么目的网络有多少个？,0,1,0
network_2-1,19:12.4,19:25.8,啊整个互联网当中有多少个目的网络，那么它的这个长度就会在发生变化，啊就会发生变化，就是它主要描述的就是一个距离向量值，当然在最上面的时候有一个指定性的东西。,0,0,1
network_2-1,19:25.8,19:39.2,啊然后呢第二个有个版本性的东西，我们瑞普协议也经过了更新换代，在早期是瑞普一目前来看的话，是一个更新版本，是read二，啊这块它增加了一些新的特性。,0,0,1
network_2-1,19:39.2,19:54.5,啊好，它是在现实的瑞普协议当中，它是每隔30秒钟向邻居扩散一次自己所掌握的距离向量，就是发一个这个报文过去。好。,0,0,1
network_2-1,19:55.6,20:22.9,或者是当某一个路由器产生中断的时候，它也会发一个这个消息过去，啊在这个里面以票数为代价，啊他的无穷大取了一个文献值为16条，因为在当时的互联网规模当中，那么整个网络的跨度最多会跨越16个物理网络，啊那么它的最大票数为16，这是解决无穷计算的一个啊方案之一。,0,0,1
network_2-1,20:22.9,21:01.2,啊好，那么这里面我们对具体向量中选择算法做出一个总结性的东西，从原理上面我们来关注的就是它是每一个节点与零节点，不是与网络当中所有节点，啊仅仅只是与自己的零节点进行信息交换，它交换的什么呢是每一个节点所掌握的全局信息，就是每个节点内部所掌握的，不管是直接的还是间接的，我到达每一个目的网络的代价值，也就相当于把它内部形成的这个路由表发出去，噢这个是距离向量这个选择算法它的主要原理。好，那么这里面画了一个什么图？,0,1,1
network_2-1,21:01.2,21:04.9,啊就画了一个什么？,0,1,0
network_2-1,21:05.4,21:09.3,你们第一印象想到什么？为什么？,0,1,1
network_2-1,21:10.9,21:12.0,是什么地方？,0,1,0
network_2-1,21:13.5,21:30.4,村落。好村落，啊那那么这个里面我们就想说距离向量同学选择算法是一个适用于以村落这种方式来交互信息的一个互联网络方案。,0,0,1
network_2-1,21:31.2,21:53.7,啊就是网络规模不大，啊大家呢邻居和邻居之间非常的和谐，啊每一个人呢对春字当中发生的所有事情都知道，每天没事干，呢你又跑到邻居家进行信息的交互，啊那么很快速的村子里面发生了什么事情，每一，个人都知道吧？,0,1,1
network_2-1,21:54.1,21:59.5,来想想，啊如果在农村生活过的同学应该应该有这种感受。,0,0,1
network_2-1,21:59.5,22:13.0,啊好，那么这个是距离向量会有选择算法，啊嗯好，那我们下面再来讲，跟他思路完全不一样的是什么？,0,1,1
network_2-1,22:13.5,22:22.4,嗯是收集全局信息，来计算一个最佳路径的过程。,0,0,1
network_2-1,22:22.4,22:26.6,啊好，那么这是另外一种思路，那我们下面来看一下他是怎么做的。,1,1,0
network_2-1,22:26.6,22:48.1,啊在这个 um列入状态路由选择算法当中，它要求每一个节点到达所有其他节点的信息，就是全局性的信息。,0,0,1
network_2-1,22:49.0,22:55.1,啊那么这种全局的信息呢包含了网络的Top结构，也就相当于说什么？,0,1,1
network_2-1,22:55.1,23:11.6,呢嗯嗯我应该知道整个网络的整体的连接情况，以及每个节点和每个节点之间的代价值，我要把这个图构造出来，啊构造出来。,0,0,1
network_2-1,23:11.7,23:17.1,好，那么这里面有两个方面的问题，第一个这个图怎么构造？,1,1,1
network_2-1,23:17.2,23:21.3,因为你处在网络的一个角落里面，你怎么能够知道全局性的信息？,0,1,1
network_2-1,23:22.2,23:30.7,那么一定会有一个信息上的交互过程，啊有一个信息上的交互过程，好，这是第一个。,0,0,1
network_2-1,23:30.7,23:35.2,第二个就是知道这个信息之后怎么算，对吧？,1,1,0
network_2-1,23:35.4,23:43.4,这是在实现这种列入状态分组这个选择算法的时候，他所必须要回答的两个方面问题。,1,0,1
network_2-1,23:43.5,23:57.3,好，第一个，怎么样构建出这个图出来，其实很简单，每个人能够很方便的测量出它周边的信息，对吧？,1,1,1
network_2-1,23:58.1,24:25.3,很容易的测量出周边信息，如果我把这个周边的信息在全网当中进行广播，那么x可以知道a和c的信息，a可以知道xb的信息，c知道，xb的信息，b知道，abacd的信息，那么我要求每一个节点把自己所掌握的局部信息进行全网广播，那么x是不是会收到来自于a的信息？,0,1,1
network_2-1,24:25.6,24:30.1,C的信息、b的信息、d的信息，都知都可以收到对吧？,0,1,0
network_2-1,24:30.2,24:37.1,收到之后在x端进行汇总，是不是可以构建出整个全网的一个信息出来？,0,1,0
network_2-1,24:37.9,24:59.7,嗯举一个很简单的道理，假如现在要每一个同学告诉你你旁边的邻桌是谁，要求你们把您说的这个信息全部交到我手上，或者说交到你们的手上，你们能不能把整个教室内的座位的分布图画出来？,0,1,1
network_2-1,25:00.1,25:04.1,嗯肯定可以。对吧？,0,1,0
network_2-1,25:04.1,25:09.0,每一个连接关系都知道了，肯定很容易画出这个图来。是吧？,0,1,1
network_2-1,25:09.6,25:24.3,好，那么这个就是或许整个这个全局包括错误信息和代价信息的一个方法，它是每一个节点测量邻居之后的一个广播过程，啊广播过程。,0,0,1
network_2-1,25:24.4,25:26.7,啊好，大家休息一下啊。,0,0,1
network_2-1,25:36.7,25:42.0,嗯下班了。,0,0,1
network_2-1,25:42.4,25:50.7,喜欢你的，嗯一款流行的东西搞得跟真的一样，为什么？,0,1,0
network_2-1,25:50.7,26:30.8,呢谁知谁知就是上面的我要上课10万我自己的自行车，我还是我给你100万不能卖就是可以要钱，然后我还要去找到我们的嗯要要去的企业皇马的推广的，你们的就是你们下去看看，我去了这个这个交流的，唉你你看我的手里面新疆的还好吗？,0,0,1
network_2-1,26:32.6,26:43.3,上课了这个这个不太好了，过去就说了，就你就把我安排我刚才去安排嗯送你买个号码。,0,0,1
network_2-1,26:44.1,26:47.4,嗯其实你要中国的话我也可以。,0,0,1
network_2-1,26:48.0,26:54.6,好的，那么就是说要嘛对，但你现在这个这个你跟别人说了，嗯对这个很好，谢谢。,0,0,1
network_2-1,26:55.1,26:57.2,这么一个项目，看看我们的历史。,0,0,1
network_2-1,26:57.7,27:02.5,这就是这个这个嗯好吧，好好再看一下这个客户。,0,0,1
network_2-1,27:04.6,27:18.4,谁知嗯是是一些块的，谁知这是一个数据应该是。,0,0,1
network_2-1,27:20.6,27:22.2,谁知。嗯好吧。,0,0,1
network_2-1,27:23.7,27:26.6,呃的。你说一下。,0,0,1
network_2-1,27:28.8,27:30.4,谁知谁知。,0,0,1
network_2-1,27:32.4,27:32.5,谁知。,0,0,1
network_2-1,27:34.4,27:39.8,嗯好好。嗯嗯这个是什么情况？How much more than that works？,0,1,0
network_2-1,27:40.8,27:45.3,嗯行，然后我再考最后的这个咱们这个情况。,0,0,1
network_2-1,27:45.8,28:04.6,谁知嗯你也能够帮助行车，嗯有更好的那这个时候就是那个嗯再拿我，然后我的好的。,0,0,1
network_2-1,28:05.4,28:08.0,好的。,0,0,1
network_2-1,28:09.0,28:15.4,这个这个这个呃就是我们就好了好了。,0,0,1
network_2-1,28:15.5,28:34.8,完了之后，嗯呃到了我的标准上，我说的谁知一来有着相当的社会的说。是的。谁知。,0,0,1
network_2-1,28:36.4,28:37.0,好，请坐下。,0,0,1
network_2-1,28:40.3,28:41.5,我看电话说的这个。,0,0,1
network_2-1,28:43.1,29:00.1,谁知嗯我的那个在的问题，谁知这个东西还是跟我们一块我根据时间就应该是开始。,0,0,1
network_2-1,29:00.1,29:11.5,吧是的，就是这样的话，这个是我的大家回去了，有时候处理我这些我谁知。,0,0,1
network_2-1,29:12.2,29:28.2,好，那么回到我们课堂上，啊啊我们这里面刚才提到了另外一种思路的这个算法原理就是这个根据全局信息来算，最短路由的列入状态分组。,1,0,1
network_2-1,29:28.9,29:55.7,那么第一个问题就是全局状态信息如何获得，啊每一个人作为网络当中的一个局部的节点，还是不可能单独的去掌握整个网络的全局信息，那么它就必须依赖于节点之间的信息交换，那我们刚才里面提到了就是每一个节点，它可以去采集，非常方便自己采集自己的邻居信息，收集之后向全网当中存在。,1,0,1
network_2-1,29:56.0,29:59.8,那么这个信息被每一个节点收到之后。,0,0,1
network_2-2,00:00.0,00:19.0,之后，它实际上是能够恢复出我们的网络全局状态信息的，啊那么这个收集的信息就叫做链路状态，分组信息啊叫做链路状态的报文，啊或者说列入状态的一个分组。,0,0,1
network_2-2,00:19.0,00:26.4,啊好，那么在这个里面呢我们提到了最核心的应该是什么？应该是我是谁？,1,1,0
network_2-2,00:27.1,00:40.6,我的邻居节点有谁，那么以及我到达邻居节点的代价，这个是在一个利用状态分组当中所包含的一个基本信息。啊我是谁？对吧？,0,1,1
network_2-2,00:40.6,01:00.5,我的邻居有谁，我到达零距离体验的代价，那么在这种情况下面，我们就可以得到我们的一个网络Top结构图，比如说a会发送 b5c10这个星期，对吧？,1,1,1
network_2-2,01:00.5,01:24.7,我的零节点有a啊 A发生一个信息会告诉别人啊我叫a我的邻居有b和c那么我到达我的b的凝聚代价为5，到达c的为10，啊同样的b也会产生这个电路状态的一个分组，那么这个分组的值为我的邻居有ACD那么我到达a为代价为5，我到达c的代价为3，到达d的代价为11。,0,0,1
network_2-2,01:25.2,01:55.7,好，那么每个人都把这个信息进行全网的广播，当然这个里面不叫广播广播试纸，我们物理层的啊或者说局域网络内部的一个通讯技术，啊我们在这个里面呢其实换了一个名字，叫洪范，啊叫洪范啊不叫广播，广播是通信技术，在这里面基于分组转发，我们叫洪范，啊就是全网当中向每一个链路上面进行输出，啊这个是我们所提到的一个。,0,0,1
network_2-2,01:55.8,02:15.5,好，得到这个信息之后，我们就要开始算啊算出这个路由表来了，所谓的算出路由表就是到达某一个目的网络的最短路径，啊最短路径形成，最终我们所说的这个目的网络是什么？吓一跳是什么？,0,1,1
network_2-2,02:15.5,02:26.0,啊好，那我们来看图，在这里面 a内部就要形成到达b到达c到达d的路径，对吧？,0,1,1
network_2-2,02:26.0,02:44.1,好，那我们现在再来看另外一个，就是b节点要算出到达a到达b到达c了位移，d节点为研究对象，我们来看它到达每一个节点的这个最优，路径什么，那么从这个图这个图非常简单对吧？,0,1,1
network_2-2,02:44.3,02:47.9,那么最终的结果大家应该可以形形成出来是什么？,0,1,0
network_2-2,02:49.0,02:51.9,A对吧？到a的是什么？,0,1,0
network_2-2,02:55.7,03:00.9,这个图你们看不看得出来？看到的它的a是什么？最终形成的路由表，为什么？,0,1,1
network_2-2,03:00.9,03:08.7,A嗯 b c对吧？,0,1,0
network_2-2,03:11.4,03:17.1,如何表示什么？下一项当a的。下一架是什么？14 4 4。,0,0,1
network_2-2,03:17.7,03:32.3,B啊to，c啊通过c转发，那么依据是在于说它通过c转发的代价值最大，最终为10，对吧？,0,1,1
network_2-2,03:32.7,03:36.7,好，为10好到b呢这个比较实际。,0,0,1
network_2-2,03:37.2,03:39.4,C也是通过c转发对吧？,0,1,0
network_2-2,03:39.9,03:54.6,也通过c转发为5r那么到达c呢嗯 C为二，啊那么这个就是它最终的路由表，啊形成了流感，这是计算的结果。,0,0,1
network_2-2,03:55.1,03:59.4,啊好，把这个计算结果反映出来，我们可以看到是什么？,0,1,1
network_2-2,03:59.4,04:17.9,呢其实就是 d c b a那么所有的分组是按照这条路径来进行转发的，那么这是一个什么的结构？树状结构。,0,1,1
network_2-2,04:20.7,04:29.1,是一个数，最短路径的集合一定是一个竖状结构，这个没有问题，吧对吧？,0,1,1
network_2-2,04:29.1,04:35.4,如果是有环的，那说明嗯有有多条路径到达同一个景点对吧？,0,1,1
network_2-2,04:35.7,04:53.0,啊那么这是不合理的，啊因此我们最终算出来的这个结果一定应该是一个以你当前节点为跟节点的一个数，啊也就是当前节点到达网络当中所有其他节点的一个路径的一个集合。啊好。,0,0,1
network_2-2,04:53.7,05:05.9,这个是我们看图说话，啊看图说法，那么真正来做呢其实是我们希望有一个啊算法，就是一段程序来帮我们完成，那么这个东西怎么做呢？,1,1,0
network_2-2,05:06.9,05:11.1,从原理上来看的话，它是一个搜索的过程。,1,0,1
network_2-2,05:11.5,05:16.9,好，那我们下面来看一下从算法的角度来说它的整个计算过程是什么？样子的。,1,0,1
network_2-2,05:17.0,05:30.7,啊好，那么在整个这个图论的过程当中，如果要谈这个算法，首先大家知道每个节点有一个属性，这个属性呢叫做是是否被证实？,0,1,1
network_2-2,05:30.9,05:36.5,啊是否被证实，是不是也就相当于说你是否已经被确定了？啊被确定了。,0,1,1
network_2-2,05:36.5,05:47.6,啊那么在这里面，呢我们这里面有一个搜索表，这个搜索表的第一，好，叫做这个证实啊站起来。,0,0,1
network_2-2,05:47.8,05:50.0,第二个呢是搜索来。,0,0,1
network_2-2,05:50.3,06:01.8,好，搜索了，好，那么已经确定的结果肯定会放在第一行上面，噢那么仍然在这个搜寻或者说不确定的，我会把它放在第二行当中。,0,0,1
network_2-2,06:02.2,06:14.6,好，那么来看一下，这边纵向是我们的轮次，啊是我们的文字，啊就是我们在算法执行上的迭代啊迭代的过程或者说循环过程。,0,0,1
network_2-2,06:14.6,06:34.9,啊好在第一次的时候，那么d作为出发点，那么d肯定是我们的正式节点已经确定的纳入到正式节点的范围之内，那么我到达自己的代价为0，我不需要经过转发，啊那么它实际上就是把我们路表当中的信息写在这个里面。,0,0,1
network_2-2,06:35.8,06:49.8,好，然后呢我们开始进入搜索阶段，搜索是怎么搜索，呢是从所有的证实节点开始向他还没有发现的其他节点发起探索。,0,0,1
network_2-2,06:50.0,06:55.2,好，那么在这里面从第几点开始探索，会探索到谁？,0,1,1
network_2-2,06:57.3,07:00.0,会探索到b和c对吧？,0,1,0
network_2-2,07:00.4,07:15.0,好，那么这个我把我探索的结果写到我的试探表里面去，那么这个结果就是嗯是不是就是b11b和c二c对吧？,0,1,1
network_2-2,07:15.7,07:45.4,就是说在以b以d节点为出发点，那么这个时候我会得到两个探索性的消息，那么这两个探索性的消息我进行一个比较，啊我优先相信更好的这个那么这个时候我就把c二c这个结果写到我的正式表当中，把c节点的属性更改成为更改成为我们的以正式节点。,0,0,1
network_2-2,07:45.8,08:02.0,好，那么这种情节当中就会有两个信息了，啊那么这个时候呢啊 B11b的这个信息就保留在我们的试探的这个待考察的队伍里面，啊在考察队伍里面，好，再下一步又开始进行搜索。,0,0,1
network_2-2,08:02.5,08:15.3,那么这轮搜索呢是从所有的以正式节点开始出发，向他的邻居节点0空间发起搜索，那么这个时候搜索的就会都有几个结果。,0,0,1
network_2-2,08:18.4,08:23.4,从d和c发起搜索，那么会有几个结果？,0,1,0
network_2-2,08:26.7,08:34.1,两个。吧啊又会增加两个新的结果，对吧？这两个新的结果是什么？,0,1,0
network_2-2,08:34.1,08:40.0,呢是通过c它可以往外搜索到b和a对吧？,0,1,0
network_2-2,08:40.2,08:53.8,好，那么这个时候我会得到一个结果，就是 b通过c过去啊嗯通过c到达b那么代价为多少？,0,1,0
network_2-2,08:56.7,09:01.0,那么这个计算结果什么？呢那既然既然你c可以搜索到b对不对？,0,1,0
network_2-2,09:01.0,09:03.6,那 C搜索到b的结果为三，对不对？,0,1,0
network_2-2,09:03.9,09:23.7,啊但是我写进去的时候，实际上是要从出发点开始，那么它就会加上一个刚才里面的c2c的结果，那么它会写上一个5，他会写上5，啊会完成一次运算。好，还有一个。,0,0,1
network_2-2,09:24.0,09:27.0,通过c过去，会得到a的结果。,0,0,1
network_2-2,09:28.7,09:33.3,对吧？那么这个相应的结果为什么呢？12。,0,1,1
network_2-2,09:33.7,09:45.4,好，那么在我们的正式表当中就会有b11、b b 5c和h2c三个，结果对吧？,0,1,1
network_2-2,09:45.7,09:57.9,我首先对它进行合并，在这两个里面基尼斯合并得到 b5c有没有问题？,1,0,1
network_2-2,09:58.5,10:25.9,好，合并之后的结果有b5、c和a12c那么我们在这两个保留的结果当中进行优选，那我就会把b5c纳入到我们的正式表的范畴之内，啊纳入到范畴之内，那么这个时候正式表的节点当中就包含了dcd三个部分。,0,0,1
network_2-2,10:25.9,10:33.7,好，那么原先的a保留在这了，好再往下，那么它又会从新加入的节点开始向外扩散，对吧？,0,1,0
network_2-2,10:33.8,10:44.5,那么又从b节点开始向外扩散，那么扩散会得到一个结果，就是我们这里面的a10c从b过去对吧？,0,1,0
network_2-2,10:44.7,11:02.9,从 B过去从b过去得到的结果要跟以前的最优结果之间进行合并，那么最后会得到一个a10c噢 a10c那么合并以后的这个写到证实，啊写到试探表里的结果，永远都是从这个起始节点开始算了。,0,0,1
network_2-2,11:03.7,11:14.4,噢这里面的HC什么嗯 b 5c等等，都到的是说从起始节点d开始到达目的节点经过谁？,0,1,1
network_2-2,11:14.4,11:21.4,它的总代价值写到这个表里面，啊千万不要把当时试探得到的这个写个什么？,0,1,1
network_2-2,11:21.5,11:23.8,B 5a这样的结果是不对的。,0,0,1
network_2-2,11:23.8,11:27.5,啊好，那么这个里面括号把它们俩进行一个合并。,0,0,1
network_2-2,11:27.6,11:48.3,那么a10c是作为到达a的一个最优的情况，好，那么在这里面没有人跟他比了，把a纳入到我们的正式表里面，那么在这种情况下面，我们的所有节点，ab、CD全部的属性都更新为真实性节点，那么整个算法就结束了。,0,0,1
network_2-2,11:48.9,11:55.1,啊这个就是我们的第一节水算法它的一个具体过程。,1,0,1
network_2-2,11:55.5,12:01.3,啊那么有了这个结果之后，我直接把它写到我们的路由表里面就ok了。,1,0,1
network_2-2,12:02.0,12:15.1,啊这个算法大家有没有什么疑问好应该并不难，啊应该并不难，啊到时候今天晚上你们回去做个作业，大家可以巩固一下。,1,0,1
network_2-2,12:15.1,12:24.4,啊好，那么这个是收集到完整信息之后的一个计算过程，那么要收集什么信息？,1,1,1
network_2-2,12:24.4,12:36.1,我们刚才已经说了，就是噢每一个节点啊它在向外横翻的时候会告诉别人我是谁，我到达邻居节点，我的邻居有谁以及我到达邻居点点的代价。,0,0,1
network_2-2,12:36.5,12:40.9,好，那么这个算法就是我们列入状态分组算法的核心。,0,0,1
network_2-2,12:40.9,12:45.5,好，那么再来看在我们刚才所介绍的过程当中有没有一些什么问题？,0,1,0
network_2-2,12:46.9,12:50.1,会不会有像距离向量路由选择算法一样存在的问题？,0,1,0
network_2-2,12:53.7,12:58.9,这个算法的正确性取依赖于什么？,0,1,0
network_2-2,13:00.2,13:04.0,就这个算法要能算出来正的正确的必须依赖于什么？,0,1,0
network_2-2,13:06.3,13:09.3,他是假定奖励什么？,0,1,0
network_2-2,13:11.0,13:18.4,假定你的这个全局信息的这个绘制是完全对的，对吧？,0,1,0
network_2-2,13:18.5,13:20.8,全局信息的绘制一定是对的。,0,0,1
network_2-2,13:21.2,13:27.0,好，那我们现在来说全局信息的这个绘制有没有可能出错？,0,1,0
network_2-2,13:27.0,13:31.6,呢可不可能。,0,0,1
network_2-2,13:35.2,13:50.1,那可能是什么时候可能认识嗯好，那我们来讲无穷计算问题，对于距离向量没有选择算法来看的话，它是怎么错？,1,1,0
network_2-2,13:51.4,13:58.3,嗯是的。它是它是利用了旧的信息来算，就有可能算错对不对？,0,1,0
network_2-2,13:58.6,14:08.4,那么我们在构建这个拓扑结构的时候，我们希望你当前构建出来的这个 Top结构应该与本身的现实情况应该是一致的，对吧？,0,1,1
network_2-2,14:08.4,14:11.3,还有一个还有一个是什么？,0,1,0
network_2-2,14:11.3,14:19.0,呢就是我们以洪范的方式来来发这个来发。,0,0,1
network_2-2,14:19.0,14:24.3,这个嗯列入状态分组的时候，那么可能产生一个问题什么呢？,0,1,1
network_2-2,14:24.4,14:36.3,就是像这个电路状态分组一样，啊电路状态分组跟距离向量路由选择做法是一样的，它是定期性的去发布我们的链路状态分组，为什么要定期？,0,1,1
network_2-2,14:39.2,14:47.3,因为网络的状态可能发生变化，我隔一段时间要测一下网络的情况，然后给你把这个信息通报给所有的其他人，对不对？,0,1,1
network_2-2,14:47.8,15:04.0,好，那么现在就有一个问题，假如我通告的信息，我比如我隔30秒钟产生一个新的测量，然后得到一个列入状态的一个相关信息，并且把它弧放出去了。,0,0,1
network_2-2,15:04.7,15:14.7,那如果问一个问题，当我这个链路状态分组经过30秒，因为每一个分组是独立进行有选择的，对吧？,0,1,1
network_2-2,15:14.9,15:19.0,由在我们的网络当中传递很有可能先发的信息。,0,0,1
network_2-2,15:19.4,15:23.6,厚道后发的信息，先到这是有可能的。,0,0,1
network_2-2,15:23.6,16:00.4,吧好，大家想想啊在我们的internet网络里面进行实际传输的时候，由于它是尽最大努力进行交货，而且每一个分组是独立进行选入，那么很有可能当前这条路这个分组走到这儿，一个老一个旧的分组走到这来，突然一下现在告诉你前面拥堵了，那么你就给我在这慢慢排队，吧结果后来的人他一看噢前面堵路了，那么赶紧绕路，是不是可能一个后产生的分组，先到了先产生的分组后到，这个在网络里面是很容易产生的。,0,0,1
network_2-2,16:00.8,16:17.0,好，那我们现在假设一下，每隔一段时间我产生另一个状态分组，结果可能当前时间的信息还没到，啊或者说现在是几点，现在是3点多钟对吧？,0,1,1
network_2-2,16:17.1,16:51.2,啊3点多钟，比如说3点，本来3:30产生了一个这个内容状态分组，已经在路上跑了，但是由于堵了，这个时候这个分数没到，结果3:31产生这个分组，先过去了，那过一会呢这个3:30产生分组就到了，你又把它加入到我们的整个内幕状态分组的计算过程当中，是不是很有可能就会产生用旧消息来更新新版本的这个问题，对吧？,0,1,1
network_2-2,16:51.2,16:53.6,啊那么这个是不希望出现的。,0,0,1
network_2-2,16:53.7,17:15.5,因此在我们电路状态分组的整个扩散过程当中，我们做了一些限定，除了我们要知道我是谁，我的邻居信息是谁以外，那么必须加上一个类似于时间戳的信息，啊类似于时间出的信息，我在计算的时候永远用最新的进行计算。,0,0,1
network_2-2,17:16.5,17:29.9,当我收到一个新的电路状态分组，我看一下跟我老的一个电路状态分组比一比这个序号字段，如果是小一些，那说明它是老的，那我要不要用它来进行计算？,0,1,1
network_2-2,17:30.2,17:42.7,就不要用它来进行计算，我就直接把它丢弃了，因此有一个时间戳的字段啊就是这个序号字段，永远用序号最大的来完成我们的整个路由更新。,0,0,1
network_2-2,17:44.1,17:47.0,啊这个我想大家应该可以理解对吧？,0,1,0
network_2-2,17:47.1,17:51.7,好，再有一个问题，就是你不是洪范吗？对吧？,1,1,0
network_2-2,17:52.0,18:03.7,洪范很有可能会什么样呢同犯就是不停的转发，不停的转发，假如你在环内它也会有环，嘛网络当中肯定有环，而且这个环你不能够随随便便把它切掉。,1,0,1
network_2-2,18:03.8,18:11.6,那么这个时候如果洪范会出现什么？在一个环里面绕圈，对吧？好，那么这个问题怎么解决呢？,1,1,0
network_2-2,18:12.8,18:24.9,设定一个生命周期，专门为这个链路状态分组的这个协议报文，设定一个生命周期来控制它的红范范围。,0,0,1
network_2-2,18:25.4,18:28.6,啊经过若安次转发之后，我就直接把它给毙掉了。,0,0,1
network_2-2,18:29.2,18:44.1,这个是我们所说的整个信息在发布过程当中，除了内容本身以外需要做到的一些这个一些啊保证性的辅助性的措施啊嗯。,0,0,1
network_2-2,18:45.3,19:01.2,好，这个是我们所提到的一个啊就是增加了一个时间错信息和一个生命字段，啊一个是保证计算的时效性，一个是保证嗯这个从犯，不会对啊整个网络当中的正常数据交换产生任何的影响。,0,0,1
network_2-2,19:01.2,19:20.5,啊好，那么最后我们就来看一下整个链路状态分组它的这个协议报文的格式，啊好，那么这个是我们刚才看到的这个内容状态分组的一个嗯协议的一个协议数据单元。,1,0,1
network_2-2,19:20.5,19:43.3,好，那么这边呢是首先第一个就是它会告诉你呃我有嗯我的基本类型，噢我的基本类型在我们的一个这个列入状态分组ospf协议当中，它首先有一个它有几个过程，第一个我要对零距节点进行一次探测，那么这是有一种协议报文，我们称之为它漏报文。啊 Hello保温。,0,0,1
network_2-2,19:43.3,20:14.4,好，第二种呢就是测量完了以后，测量完了凝聚的信息之后，呢我会进行全网的通报，那么这个时候呢我会有一些啊正的性的包围，那么这是不同的，因此在这个 ospf当中首先有一些类型性的定义，嗯好，告诉你我是一种什么类型的，oespf的报文，然后我的总长度是什么，然后呢它还有一些额外的信息，就是比如说嗯我发送的嗯我是谁啊等等这些相关的信息。,0,0,1
network_2-2,20:14.5,20:25.4,好，那么在具体来看的话，就是一个具体的呃通报性的列入状态分组，那么它包含的信息就是哼通报的路由器是谁？,0,1,0
network_2-2,20:25.5,20:32.7,然后呢我当前这个分组啊列入状态，分组的时间标号序号是什么？对吧？,0,1,1
network_2-2,20:32.8,20:42.9,然后呢再往下就是我到达每一个网络当中的这个0节点啊到达我的零节点，我的代价为多少？,0,1,1
network_2-2,20:43.0,20:52.0,啊那么这是一个组合性的东西，每一个邻居节点都会有一个相关的信息，因此公告字段它应该是一个变长的。,0,0,1
network_2-2,20:52.5,20:58.7,好，那么除了这个以外，它还有一个自己的生命周期，就是它的转发次数问题。好。,0,0,1
network_2-2,20:58.8,21:25.8,好，那么这个就是我们所提到的关于这个链路状态分组，略有选择协议，它的实例ospf11，具体的协议报文格式，啊嗯啊 ohtm协议除了我们刚才所说的基本原理，它比较好的一点方式就是它可以利用全局信息可以更加准确的去计算出网络当中的一个最优路径。,0,0,1
network_2-2,21:26.2,21:56.4,而且呢它的产生是在任协议之后的，第一种是设计理念上的变化，第二个就是把以前内部协议当中可能存在的一些问题给打了一些补丁，比如它可以有安全机制，在以前的a瑞普协议当中，距离向量路由选择协议当中，是所有人给我发的信息我都信，那么这个里面可能就会有恶意性的人突然仿造一个瑞普协议发给你，那么这个时候你的结果就错了。,0,0,1
network_2-2,21:56.7,22:07.4,啊好，那么在我们的SPF协议当中具有安全认证机制，那么所有发过来的信息，我全部要进行一次口令项的验证，是对的，我才信你，不对就算了。,0,0,1
network_2-2,22:07.9,22:16.7,那么在早期的时候没有坏人，所以内部协议不需要安全，啊但是到现在来看的话坏人越来越多，所以打上去的补金也就越来越多了。,0,0,1
network_2-2,22:16.7,22:34.7,啊那么除了这个以外，它还增加了以前我们的内部协议当中是扁平化的，所有的物理网络是等同的，也就相当于只有网络加主机的两层选址到达我们的SPF当中，那么它增加了更高的层次。,1,0,1
network_2-2,22:34.9,22:48.7,它首先有域的概念，比如说我的一个SP一个运营商，那么这个运营商可能就会有一个域的问题，那么在域的基础上面再去找墓地网络，它会形成一个更加多级的城市化巡视过程。,0,0,1
network_2-2,22:49.5,22:58.2,那么还有一些就是它实现了均衡，啊就是不光是算最佳路径，光算最佳路径会有一个什么问题？,0,1,1
network_2-2,22:58.2,23:20.2,呢就是大家蜂拥而至，那么我在算路径的时候有可能考虑你的均衡性，那么使得网络的负载更加平衡，啊这些都是在我们的ospl协议当中加入了一些啊补丁化的设计，啊那么SPF协议是后期产生一种新的路由协议，因此它比内部协议更好一些，啊更好一些。,0,0,1
network_2-2,23:20.2,23:25.5,啊好，那么我们来总结一下，电路状态没有选择协议，它是什么？,1,1,0
network_2-2,23:25.5,23:45.1,呢它是每一个节点去测量直接相邻电路的状态信息，并且与所有的节点进行一次交互，也就相当于是与全局节点交互，局部信息对比看来我们的距离向量什么？,0,1,1
network_2-2,23:45.3,23:48.8,是与局部节点交互全局进行。,0,0,1
network_2-2,23:51.4,24:00.7,那如果我们说距离向量如何选择算法是乡村版路由，那么电路状态路由选择算法应该算什么？,0,1,1
network_2-2,24:00.9,24:15.0,嗯城市，嗯城市，吧啊城市版，我们来想想我们在城市里面嗯啊不像乡村当中那么亲近，所有的事情都要自己去做，对吧？,0,1,1
network_2-2,24:15.1,24:26.9,啊当然在城市里面的信息通信非常发达，每个人可以很快速的将局部的信息进行全网的通道，而不需要邻居之间的这种传递，对吧？,0,1,1
network_2-2,24:26.9,24:33.5,我可以通过网络能够了解到武汉市发生的所有的信息，而不需要我周边的人告诉我，对吧？,0,1,1
network_2-2,24:33.5,24:37.3,掌握信息的方式，更加这个全局化。,0,0,1
network_2-2,24:37.3,25:17.6,啊好，那么这个就是我们所说的两种路由选择协议，啊这里面我们就提到了我们在我们的列入状态分组协议当中，啊类似于我们城市化的这种生活方式，啊以及城市化的这种信息交互方式，啊嗯好，我们对路由选择算法进行一个小结，啊就是我们在嗯在构建啊路由器节点内部的路由表的时候，啊我们需要搜索啊或者说在内部形成一个漏表，这个漏斗表就记录了啊以目的网络为索引的所有的路径信息。,1,0,1
network_2-2,25:17.9,25:45.9,那么在这个问题的研究上面，我们会采用图论的方式，将我们的路由器抽象为节点，将我们的路由器之间所连接的物理网络抽象成为边啊那么这个地方一定要记住，这个线并不是代表一个点到点的电容，而代表的是一个物理网络，那么每一个物理网络都会有自己的一个开销和代价，那么这下面这个数字就代表的是整个物理网络一次数据传递的一个代价值。,1,0,1
network_2-2,25:46.3,26:04.6,啊好，那么在求最短路径的时候有两种思路，一种就是我们贝尔曼for的，一个是b减持税，那么他们在交互信息和计算的方法上面并不一样，啊那么他们的实力就分别是我们的read协议，一个是我们的osdf协议。,0,0,1
network_2-2,26:04.6,26:15.5,啊好，那么在研究略有选择算法的时候，我们都需要从几个方面来看，就是交互信息是什么？,1,0,0
network_2-2,26:15.5,26:18.2,怎么交互信息怎么进行计算？,1,1,0
network_2-2,26:18.6,26:26.9,那么大家需要从这几个方面来了解每一个这个算法，啊这个大家回去看一看就行了，啊我们在这里面有一个相应的总结。,0,0,1
network_2-2,26:26.9,26:37.4,啊好，那么这个就是我们介绍的两种这个没有选择协议算法。,0,0,1
network_2-2,26:37.4,26:56.7,啊那我们再来下面就来介绍一个问题，我们在开始讲距离向量同学选择算法和这个最短路径优先的具体选择算法啊列入状态分组路由选择算法的时候，我们给出了一个前提条件，是什么？,1,1,1
network_2-2,26:59.1,27:03.6,还记不记得？就是我们这两种算法都适用于什么样？,0,1,0
network_2-2,27:03.9,27:16.1,是一个互联网中小型啊中小型就是你在你的这个互联网当中的物理网络的数量，大概也就在几时？,0,1,1
network_2-2,27:16.7,27:22.4,这个数量级当中再大了，这两个算法都不好，为什么？,0,1,0
network_2-2,27:25.3,27:41.0,我们先来说为什么网络规模大了，这个 Ospf协议不好，那么这个ohpl协议里面在网络规模大的情况下面它的什么过程会对网络产生影响。,1,1,0
network_2-2,27:41.3,27:45.4,啊想想hbm协议的过程是什么样子的？,0,1,0
network_2-2,27:46.7,27:53.3,先探测在红范收集信息之后再计算对吧？,0,1,0
network_2-2,27:54.4,27:56.8,雪景你先跑来了是吧？,0,1,0
network_2-2,27:57.2,28:09.6,啊好，那么在这种情况下面，我们来想一下这三个阶段，其实跟数据传输没有关系，对吧？是你自己协议的问题。,1,1,1
network_2-2,28:10.1,28:16.6,好，哪个环节会对我们的这个数据的通信产生较大的影响？,0,1,0
network_2-2,28:17.1,28:19.2,洪范对吧？,0,1,0
network_2-2,28:19.4,28:24.3,好，洪范就是向所有的猎户啊所有的端口让我们进行输出，对吧？,0,1,0
network_2-2,28:24.3,28:28.6,向所有的物理网络里面给有我的协议报文。好。,0,0,1
network_2-2,28:29.0,28:33.9,网络规模大了，那么绕圈的可能性就更多了，对吧？,0,1,0
network_2-2,28:34.3,28:38.9,那么是不是就对我们的数据通信产生较大的影响？,0,1,0
network_2-2,28:39.3,28:52.7,因此我们希望我们的洪范不要太影响太大，那么红块尽可能在局部完成，也就相当于是我们的网络规模不能太大，这个大家应该可以理解对吧？,0,1,1
network_2-2,28:52.7,28:56.4,我们规模不能太大，啊否则洪范会产生较大的影响。,0,0,1
network_2-2,28:56.8,29:02.2,好，那么再看，这个路径呢就是距离向量。,0,0,1
network_2-2,29:02.2,29:11.2,呢所以路径向量为什么不能规模太大？,0,1,1
network_2-2,29:15.1,29:22.1,还是以它的缺点就说了，距离向量最大的缺点什么？就是那个工程。,0,1,1
network_2-2,29:22.1,29:27.1,那个好，消息传递快，坏消息传递慢就是无穷计算问题，对吧？,0,1,0
network_2-2,29:27.2,29:33.9,好，那么为了解决这个问题，我们是设定了一个最大值对吧？,0,1,0
network_2-2,29:34.0,29:37.3,啊如果你的网络规模大了，这个最大值是不是就会变大？,0,1,1
network_2-2,29:37.9,29:43.1,那么你对于坏消息的收敛时间就会变得很长，是吧？,0,1,1
network_2-2,29:43.3,29:48.8,那么因此这些算法都不能适用于较大规模的互联网。,0,0,1
network_2-2,29:50.1,29:59.8,啊那么这种中小型互联网我们一般称之为一个月，那么这两种算法都是域内都有选择算法。啊,0,0,1
network_2-3,00:00.1,00:07.6,都有选择算法。啊域内都有选择算法，那么很显然还有一个名词应该叫什么？跟它对着的。Goodbye。,0,1,1
network_2-3,00:08.2,00:12.4,啊域外或者叫域间路由选择算法，啊预签和选择算法。,1,0,1
network_2-3,00:13.4,00:22.5,好，那么这个里面就是我们讲到的下一个问题，叫做边界网关协议，啊它叫bgp协议，啊我们呢。,1,0,1
network_2-3,00:23.3,00:33.7,现行的internet它的结构我们在第一节课其实给大家介绍过了，它是一个树状性的，是一个汇聚性的。这个网络形态。对吧？,0,1,1
network_2-3,00:33.8,00:36.9,在最底层有很多物理网络，这些网络会进行一定的汇聚。,0,0,1
network_2-3,00:37.0,00:41.3,好，那么这个汇聚网一般是什么？在我们现实生活当中是什么？,0,1,0
network_2-3,00:46.2,00:52.5,是什么？嗯嗯要是其实是运营商。,0,1,1
network_2-3,00:53.6,00:58.6,应该是运营商对吧？噢你们每一个家庭都会组很多个小网对吧？,0,1,0
network_2-3,00:58.7,01:08.6,你汇聚的时候是通过某一个运营商，就是某一个接入网络，它来帮你汇聚到一起，然后再在骨干网当中进行传递，对吧？是这样一个形态。,0,1,1
network_2-3,01:08.7,01:17.5,好，那么我们知道现在全球的internet，互联网是很大的，用我们的原先介绍做SDF和绿皮肯定是不行的，对吧？,0,1,0
network_2-3,01:17.7,01:27.5,好，那么这个时候我要寻求一种除此之外，为什么还要一种新的协议产生？,0,1,0
network_2-3,01:29.7,01:38.5,我们来讲内部协议，如果现在我想把瑞普协议跟vcf协议接起来，是不是加一路由器的问题？,0,1,0
network_2-3,01:41.8,01:46.7,如果不是。什么原因导致它不能够简单的连接在一起？,0,1,0
network_2-3,01:48.9,01:53.5,啊瑞普协议跟VCP能不能简单的连接在一起？这是你说的。,0,1,0
network_2-3,01:54.7,02:02.5,不行，很显然不行。啊从算法的计算过程当中就不行。对吧？那除了这个以外还有什么？,0,1,0
network_2-3,02:02.8,02:08.3,大家的评价和认知是不一样的，那锐步协议是用什么来作为评价指标？,0,1,0
network_2-3,02:08.6,02:15.8,嗯票数，但是我们在电路状态分组当中，理论上跳数肯定不准确嘛对吧？,0,1,1
network_2-3,02:16.2,02:37.0,那么我们的内容状态分组当中，他在做spm的探寻的时候，他是测了实验的实验还是我们一个相对最为准确的评价指标，网络当中的，啊那么ohpl当中是基于实验来进行评价的，你想他们俩的认知的我的观点都不一样，你把它拼在一起也会出问题对吧？那么这个时候。,1,1,1
network_2-3,02:37.1,02:46.8,在这种异构性的啊在这种异构性的。情况下面。我怎么样能够。把他们。,1,1,0
network_2-3,02:46.9,02:59.3,连接在一起，而且还能够很好的进行分组的转发，这个是我们现在所提到的一个新的问题，啊就是更加大型规模的互联网的一个互联问题。,1,0,1
network_2-3,02:59.5,03:05.4,刚才是一个小型互联网内部的问题，现在一个更大型的互联网的。问题。啊好。,1,0,1
network_2-3,03:07.8,03:11.2,好，那么这里面呢首先要有一个概念叫做自制系统。,1,0,0
network_2-3,03:11.3,03:19.2,大家简单来说的话，自制系统就可以认为是采用统一规则统一标准的一个区域性的实体。简单。,0,0,1
network_2-3,03:19.7,03:25.3,类比到日常生活当中就是一个SP，那么它对于路径的评价指标是一样的。,0,0,1
network_2-3,03:25.4,03:29.8,计算方法是一样的，这就算是一个知之域，啊这个就算是一个自律。,0,0,1
network_2-3,03:29.8,03:59.9,啊好，那么每一个自制域，在我们讲整个全大型互联网更高层面的网络互联的路径选择问题的时候是基于自治域的，不是基于网络的，啊是首先你要找到你属于哪一个自治狱，在在这个自治狱内部，根据我们前面讲到的域内部有选择协议，来到达目的网络，到达目的网络之后，再按照我们的物理网络通讯技术交付给目的主机，啊它是这样一个过程。,1,0,1
network_2-3,04:00.0,04:03.9,我们现在在讲的呢就是字句之间的图形。,0,0,1
network_2-3,04:04.0,04:17.2,异构的互联网之间的互联问题，啊好，那么首先对字句句有一个标识叫做as，每一个自治愈会有一个自治愈号，这个也是由全球的internet管理委员会来完成管理的。,1,0,1
network_2-3,04:17.4,04:21.1,啊那么大家去抢这个字句，一号啊去注册。,0,0,1
network_2-3,04:21.1,04:26.1,啊好，那么这个自制一号呢在早期设计上面。,0,0,1
network_2-3,04:26.3,04:42.0,啊是我们这个 internet这个互联层面协议，比如bgp协议当中的一个啊寻址的一个字段，早些时候只有16个比特位，但是现在这个自制域的数量越来越多，那么也进行了一些扩展。,0,0,1
network_2-3,04:42.1,04:44.9,啊好，那么自治愈。,0,0,1
network_2-3,04:46.2,04:51.4,我们从字句域角度来看的话，呢它可能有这样一些流量，有本地性的流量。,0,0,1
network_2-3,04:51.9,05:01.8,就是我自己在我自己这个刘站一个XP内部，就有点像我们移动建立一个微网，是微网内部的，对吧？,0,1,1
network_2-3,05:01.8,05:19.0,还有什么呢就是要借道联的，啊就是要进行字句之间转发的叫做中转流量，啊一个是本地化流量，一个是中转流量，那本地化流量就是我们刚才所说的SPF和瑞奇可以搞定的事情。现在难的是什么？呢中转流量。,0,1,1
network_2-3,05:20.3,05:28.4,男的是中转流量对吧？好，那么想想我们现在从运运移动到边境，中间肯定有线路的。,0,1,1
network_2-3,05:28.7,05:34.7,那么为了实现互联，会在移动和电信的边界上面。,0,0,1
network_2-3,05:35.0,05:39.0,用特殊的路由器来实现互联。,0,0,1
network_2-3,05:39.6,05:43.0,好，那么你这个时候我们来问一下能不能达到最优？,0,1,0
network_2-3,05:46.3,05:48.4,你在算路径的时候能不能算出最优？,0,1,0
network_2-3,05:52.2,05:53.1,可不可以？,0,1,0
network_2-3,05:57.6,05:58.4,不行？,0,1,0
network_2-3,05:59.7,06:03.9,原因刚才已经说了，两个人的评价指标都不一样，怎么能够算出最优？,1,1,1
network_2-3,06:05.0,06:10.0,对吧？如果不能算出最优，那么你说这个分组转发我又必须转。,0,1,0
network_2-3,06:10.6,06:20.8,那就是按照按照什么来转，嗯按照一定的商业利益驱动来进行转发。,0,0,1
network_2-3,06:21.5,06:24.3,这个好，相应利益驱动来进行转化。,0,0,1
network_2-3,06:24.3,06:28.6,啊好，那我们来看一下啊自治区域分为了。,0,0,1
network_2-3,06:28.7,06:37.6,啊庄子之翼，就是边缘性的自制液，然后呢可以有多出口的一个自制液，还有一些中短性自制液。那么从图上我们就可以看到。,0,0,1
network_2-3,06:37.6,06:50.0,啊好，我们现在来看一个全球的互联网，那么这里面呢有很多个这个自治域自治域内部就是一个小的互联网，啊就是一个小的互联网，好，现在我要将这些自制域之间打通。,1,0,0
network_2-3,06:50.4,06:54.2,那么这个打通的关系就叫做遇见路由选择的问题。,1,0,1
network_2-3,06:54.5,06:59.6,怎么从这个自制域到达另外一个自制域。啊怎么样把分组转发出去？,1,1,0
network_2-3,06:59.8,07:02.3,这个就是遇见的一个问题。,0,0,1
network_2-3,07:02.3,07:07.4,啊好，那么在这里面有个相应的图，啊这里面的每一个。,0,0,1
network_2-3,07:07.8,07:23.4,每一个云代表一个互联网，不是一个物理网络，啊上升层次更高一点，叫一个互联网，这里面的每一个小方块不是交换机，是我一个自治愈内部的路由器。好在这距离内部。,0,0,1
network_2-3,07:23.5,07:26.0,要么运营oecdf要么运营锐捷。,0,0,1
network_2-3,07:26.8,07:29.6,现在呢我要将各个自治区域之间打通。,0,0,1
network_2-3,07:29.7,07:47.2,要在边缘这个地方建立bg p路由器，这个路由器跟Rui步油气和SPF协议是不一样的，那么它是跑一个特殊性的这个路径，啊那么我们现在关注的就是这些褐色的小方块之间怎么样来完成数据的转发。,0,1,1
network_2-3,07:48.4,08:06.7,好数据的转发。由于各个自治区之间的利益商业利益关系，你比如说移动跟电信联通，你想想他在走的时候，你说你如果作为这个移动，你希不希望别人把数据流量心理中转？肯定不希望对吧？,0,1,1
network_2-3,08:07.5,08:15.5,因为你即使付费给我，那么我的用我的整个网络应该是为我自己的用户服务的。现在有的人想接到。,0,0,1
network_2-3,08:16.5,08:22.9,这个怎么办？一个是收钱，还有一个呢。就是非明目张胆的。,0,1,1
network_2-3,08:23.3,08:28.1,把路径的这个带宽变得很小很小。对吧？,0,1,1
network_2-3,08:28.2,08:30.5,这是从商业利益角度出发对吧？,0,1,1
network_2-3,08:30.7,08:38.9,啊但是你不管怎么使坏，一定要保证数据可达，否则的话我们的网络就变成督导了，对吧？,0,1,1
network_2-3,08:39.0,08:48.8,好，那么这个就是我们的bgp那么bgp由于他关注的是各个自居之间的互联互通问题，而且由于商业利益的。,0,0,1
network_2-3,08:49.1,08:56.0,这个冲突问题，它不可能实现最优路径的计算，那么这个时候呢它要保证可达的话怎么办呢？,0,1,1
network_2-3,08:56.3,09:06.7,它采用的方式啊就是我们所说的嗯叫做路径向量都有选择算法，啊路径向量在这里面。,0,0,1
network_2-3,09:06.7,09:14.4,就是路径学校学院他要保证路径可达，但是呢又不能够保证最优，他没有用一个具体的算法来实现。,0,0,1
network_2-3,09:14.6,09:32.3,那么而且还有一个就是我们的这个域的这个资质这个规模会很大，而且域和域之间也有隐私的保护问题，那么都是使得我的这个一GP的设计非常难，啊啊 Bgp的设计非常难。那么我们一般来看的话怎么做？,1,1,1
network_2-3,09:32.3,09:35.5,呢是在商业约定的情况下面。,0,0,1
network_2-3,09:35.6,09:38.4,我们来构建起一个完整路径。,0,0,1
network_2-3,09:38.9,09:43.5,啊完整路径，它的具体名字叫做路径向量物流选择算法。,0,0,1
network_2-3,09:44.2,09:52.1,啊像我们以前的域间路由选择协议算法，它在表示这个路径的时候是写的什么信息？,0,1,1
network_2-3,09:54.4,09:58.0,是到的就吓一跳信息，对吧？,0,1,0
network_2-3,09:58.0,10:03.5,实际上还是一个邻居之间的一个交互关系问题，对吧？,0,1,0
network_2-3,10:03.6,10:33.1,但是在我们的这个路径向量当中不是这样的，我们的路径向量当中包含的是完整信息，比如说从1~3你要告诉我，他要通过二中转最终到达三，这个完整的路径信息必须在我们的bgb信息当中有一个完整性的描述，而并不是只是告诉你，一你要去三，你就往二转发就行了，不能这样做，啊必须是一个完整性的信息。,0,0,1
network_2-3,10:33.3,10:38.7,啊好，那么关于这个 Bgp呢由于。,1,0,1
network_2-3,10:39.9,10:45.9,大家很难接触到。now到达这个 bdp这个层面都已经是运营商之间。,0,0,1
network_2-3,10:45.9,11:11.8,的一个少数节点的信息交互问题，所以一般来说的话很难接触到，啊至今我也没见过第一批路由器，啊啊那么它的整个过程当中，就是你在做整个路径的发行过程当中，要把这个环路给去掉，啊要把环路输掉，由于在每一次路径的转发过程当中包含了完整的路径，那么它是很容易去还的。,0,0,1
network_2-3,11:12.3,11:19.6,你就比如说一告诉二走一二告诉31233再告诉一。,0,0,1
network_2-3,11:19.7,11:26.5,那么一在整个路径当中出现了重复出现了，那我就认为它出现了环路，就把这个路径给丢掉。,0,0,1
network_2-3,11:26.6,11:31.1,它是一个很简单的这个续航过程。啊这个是我们所提到的。,0,0,1
network_2-3,11:31.2,11:37.6,啊好，那么这个呢大家有兴趣自己回去查阅一下相关书籍，我们就不讲了。,0,0,1
network_2-3,11:37.7,12:16.4,啊好，那么大家知道就是在我们的整个路径选择协议当中啊应该包含两类，一个是我们的域内的，一个是解决不同字句之间的一种啊那么这种预先物流选择协议它是基于字字，系统的这种编号，它是一种基于策略性的，就是由商业利益驱动的人为配置性的这种路由选择协议，它在表征上面来看的话，是一个完整性的路径向量，啊这个就是我们所说的一个问题。,1,0,0
network_2-3,12:16.4,12:31.6,啊好，但是大多数的应该还是在自治区内部的啊嗯好，那么这个是我们整个网络层当中的。第。二个大的问题。,1,0,1
network_2-3,12:32.1,12:35.9,啊第二个大的问题，第一个大的问题是如何选址，如何进行分组转发。,1,0,1
network_2-3,12:36.0,12:40.0,第二个大的问题，就是你转发的依据如何形成？,1,1,0
network_2-3,12:40.3,12:44.1,好，另外呢我们所说了ID协议。,0,0,1
network_2-3,12:44.3,12:50.7,是网络层当中的核心协议，除了ID协议以外，呢它还有一些其他的附属性协议。,0,0,1
network_2-3,12:51.3,12:54.0,好，那么我们今天简单介绍一下。,0,0,1
network_2-3,12:54.1,12:58.2,第一个扶贫协议就是对网络状态进行一个管理。,0,0,1
network_2-3,12:58.5,13:02.8,大家在上网过程当中都会有过这样的一个。,0,0,1
network_2-3,13:03.1,13:08.1,经历，就是突然间发现网特别慢，对吧？那么往思维办怎么办呢？,1,1,0
network_2-3,13:09.0,13:19.3,就要对网络当前的情况进行一个测量，那么这个测量过程就是我们基于我们的icmp叫做网络控制管理协议。,1,0,1
network_2-3,13:20.0,13:33.9,啊网络控制管理协议他也有自己的协议报为好，那么这个网络工程管理协议最关键的就是它对于网络控制管理定义了很多种不同的动作。好，那么这里面就是。,0,0,1
network_2-3,13:34.0,13:38.9,啊他去探测网络来看看，比如说目的主机是不是？,0,1,1
network_2-3,13:39.0,13:52.9,好的目的网络可不可达，然后我到达墓地网络或者墓地主机的时间大小为多少，那么这个就是对网络进行管理，进行网络性能测量的一个。最直观的体现。,0,0,1
network_2-3,13:53.1,13:56.5,啊那么这个里面就会有一个 icmt保温。,0,0,1
network_2-3,13:57.0,14:18.7,那么sip报文它讲的格式就是这个样子的，它是建立在IP协议基础之上的，所有的IP层的复述性协议都是在IP协议的基础之上，它是封装在IP协议的数据字段当中的，在ABC当中有一个类型字段，那么这个类型字段可以是tcpudp以及所有的其他附属性协议。,0,0,1
network_2-3,14:19.0,14:36.2,那么icmp就是包在我们整个IP的数据字段当中的，那么我根据手部当中的态度就可以知道它是一个smp，然后我再按照smp协议报文的方式对数据计算进行解析，我就知道他的一些相关内容。啊这个是我们所提到的。,0,0,1
network_2-3,14:36.3,15:23.9,好，我们这里边给出两个最好的应用，第一个，就是实验测量，当某一个网络啊当一个主机访问某一个服务器不好的情况下面，那么这个时候呢我就会去测量一下它测量的方式在我们的控制台当中，或者说我们所有的系统当中都会有一个程序，就是一个指令性程序，这个指令性程序就叫p啊就叫聘好，那么这个时候呢我就会去聘，比如说我想上一个呃华科的主业，那么我就会有一个华科主业的服务器，那我就拼一下它，并且它以后呢它就会给出相关信息，这个信息包含哪些？,1,0,1
network_2-3,15:23.9,15:37.3,呢第一个它会将所有像它会啊依次定时的向我们的这个目的主机发送一个专用的icmp的探测报文。,0,0,1
network_2-3,15:37.6,16:22.3,那么当目的主机收到这个探测报告之后，立刻的把这个报文反馈给我的原主机，那么一来一回之后，他就会得到一个实验信息，会实现信息，我对所有的实验信息进行统计之后，大家就知道了，我到达网络当中某一个目的主机的平均时间是多少，噢那么如果目的主机不可达，那么这个时候它就会提示你说目的主机现在无法到达，啊那么这个是一个聘命令，啊它就基于SNP大家自己回去可以试验一下，啊那么具体的过程来看的话，它是发送了一个icmp的一个特殊的叫eco的请求报文。,0,0,1
network_2-3,16:22.4,16:39.5,好，所有收到这个报文呢马上通过路由器转发转发之后，主机回复一个repair的报文，那么根据一来一回我能够算出往返实验，啊好，那我今天先讲到这儿，啊大家休息吧嗯好。,0,0,1
network_2-3,16:49.7,16:52.4,有没有三个人了？我自己喜欢的。,0,1,0
network_2-3,16:52.7,16:57.1,谁知嗯这个是怎么样做？,0,1,0
network_2-3,16:57.7,17:00.7,嗯其他的我们都聊完了。,0,0,1
network_2-3,17:01.0,17:07.8,来李总来了就是我先走了，不要领导还有你想要接受的对吧？哪一个事情？,0,1,0
network_2-3,17:08.7,17:18.5,那我要进行一下，我先处理一下，我讲了除了谈了啊别破镜破坏了，我发现了行了开始了。了。,0,0,1
network_2-3,17:18.7,17:44.7,他说你先把他找人去把这收回来，噢直接讲下面那个谁就啊刘总一块签字了，这一块相对于是呃看过我后面20号跟本身一块加大思想素养的上文章把它系统给到教室的时间，我这样的，嗯呢因为我们怎么才是我们的核心，你们你们是我的主张，嘛你们是我们写文章了。,1,1,1
network_3-1,00:00.0,00:07.0,嗯不错。那么这种情况也有，啊像我们学校的这个呃有些路由器我听过，反正就是这么个这么个结果。,0,0,1
network_3-1,00:07.7,00:30.8,那么现在我们给大家看这个结果，所以我就跟你们说20202000 22这很明确啊是我们学校的一个定律s服务器，那么0.1存不存在通过这个结果无法进行任何判别，既有可能物理上它就没有被配置过，也有可能他配置过来他故意不说，啊为了保护他自己，这个作为网络工程师，你自己心里要有个有个数是吧？,0,1,1
network_3-1,00:30.9,00:33.9,那么这个是他的这个什么情况？,0,1,0
network_3-1,00:34.0,00:57.7,另外smp的这个报错的这个信息，呢嗯嗯这个是sm刚才我们给的SMT的这个协议是这个叫查询模式，就是你如果去问他，他就会给你报错啊那个讲，这个是smp的一一类一类协议的设计，icmp协议还涉及了第二种情况，就叫报错模式。,0,0,1
network_3-1,00:57.9,01:16.4,这个报酬模式就是指当这个分组抵达这个自由器的这个时候，他呢去读这个 IP分组的头部，IP分组的头部会描述一个自己希望自己磨多久，那个字段你叫ttl潘秋丽潘秋丽。,0,0,1
network_3-1,01:16.7,01:28.4,那么如果他读到了这个看不出例子的这个字段，啊已经清零了，那于是他就会发起一个这个错误，就说那那这样子我就不再进行转发了。,0,0,1
network_3-1,01:28.7,01:43.3,这个情况就在这里可以列出啊好多种情况，啊我们只调成一等奖，就是当IP包头的ttl，字段已经是达到0了的时候，这个IP包就不会再被传播下去了，他就会报这个错，他就会犯这个错。,0,0,1
network_3-1,01:43.7,01:58.7,那么这个是全省的会每个路由器只要支持smp的这个协议都会进行相应操作，那么在做it转发的时候，呢才能出类似这个字段，每机构都有机会减一，有机会如果就会减一，这个是确诊的那个结果。,0,0,1
network_3-1,01:59.1,02:42.3,那么利用smp这个看出例子字段，他开发者会报错的这个特性，就有人开发了一个啊网络调试工具，这个工具就叫做确实录制或者就叫做确实rt啊这个为什么有时候叫吹出去就是rt呢在我们这个呃 Linux的版本下面就是确实然后在window下面简称确实rt，其实就是跟踪它的这个路径，他的这个思路呢就是借助于这个现象，就是每个IP包每机会路由器的时候，路由器会对它的ttl、字段进行简易操作，那么如果说它已经为0了，那这个包就认为它超时，那么路由器就会报一个错就报一个错。,0,0,1
network_3-1,02:42.5,02:48.4,那么利用这个结果，呢他就来试探沿途的路径是怎么回事。,0,0,1
network_3-1,02:48.8,03:14.9,比方说我先发送一个ttl为一的这个报文，再发送一个GDP二维二的这个概念，那么tdl为一，tgl为二是指这个主机在发送IP包的时候，在IP包的包头填送的这个字段是可以由主机来填的，那这样子当他抵达第n个这个路由器的这个时候，呢他就正好就会回复一个在丢包的时候他就回复一个这个特别的这个报文这个报文，就是开马奥斯这个报道。,0,0,1
network_3-1,03:15.7,03:50.2,有这个报文的时候，这个报文中间缺省是包括路由器的名称以及它的这个 IP地址的，那么利用这个啊报错这个结果，那么确实如他在反复的进行尝试，尝试，这样子呢就可以试探出到底有多少个票数，再从原到目的的情况，因为它是从季节要求一嘛一直可以退一个最大值，然后32，那么32条之内我能够抵达的啊路由器，沿途就都会给我一个结果，会有一个结果，这是它的一个确认的效果。,0,0,1
network_3-1,03:50.6,03:53.0,这我们可以看出一个例子是吧？,1,1,0
network_3-1,03:53.3,04:11.7,把拆除的建立一个udp的这个数据包，在这个数据包里面不断修改PPT怎么发布出去，如果收到超时错误就表示刚刚到达的是路由器，如果收到的是端头不可达就表示是目的主机，那这样子的话我不停的试探下去，这边给出了他的那个意图是吧？,0,1,1
network_3-1,04:11.7,04:14.6,发现gdl为一的，我就可以试探出这个逻辑来。,0,0,1
network_3-1,04:14.9,04:26.4,因为这个技术在在高速的时候是会把自己IP带回来，gdlv二的时候呢我吃它出发，gdf三的时候发今天LV45势才会发，这样子就不停的通过这个结果可以试探出来。,0,0,1
network_3-1,04:26.6,05:13.7,这边给出来一个例子，比方说我们确实的三w照着百度点到这com，那百度的这个网站的这个主机，那么确实落在的这个命令呢执行这个过程的时候，就会把它在这个地方经过域名解析，一个文字的域名会转移成这个IP地址，然后呢它的缺省是30个，就是这个确认的这30条，然后说ttl为一，我试探一下，结果第一条转为了有相应的IP地址，哗哗哗一直失败到第十二架的时候，抵达了目的主机，抵达了目的主机之后，由于目的主机的回复和路由器是不一样的，那就可以判别这个包是不是已经试探出了目的地了试探出了目的地就停止，那这个确实就是你结果就完毕了完毕了。,0,0,1
network_3-1,05:13.9,05:27.8,所以这个时候其实就给我们一个这个印象，就是可以通过这个 SMT p的也tdl的这个爆缩的这个结果得到沿途的这个路径的这个路由器的IP地址。,0,0,1
network_3-1,05:28.1,05:42.1,那么这个我们现场再试一下，啊今天主要就是为了这个事，要不然我用我的电脑就不要别来修这个电脑，用这个电脑就可以试一下，我还去把它改一个非常好看的模式啊。,0,0,1
network_3-1,05:44.3,06:06.1,上次160，哇你看看嗯嗯如果没干什么坏事，为什么改善？,0,1,0
network_3-1,06:06.1,06:10.4,呢可能会感觉到黑色10月15日。,0,0,1
network_3-1,06:15.1,06:20.6,好，大家想通过确认度的去哪里，你们有没有想法？,0,1,0
network_3-1,06:25.7,06:28.8,没想到。怎么样一个口径一点，好。,1,1,0
network_3-1,06:30.1,06:34.1,这个全部提供的。嗯应该好一点。,0,0,1
network_3-1,06:34.9,06:37.2,嗯啊就是说。,0,0,1
network_3-1,06:38.2,06:39.5,嗯马总说出来了。,0,0,1
network_3-1,06:40.7,06:55.3,第四说明证明就是物理上很近，现实很遥远，那么那么再说什么结果，呢就是实际上这个主题啊我们可以讲一下肯定距离我们还是很近的，他就在那个校区嘛对吧？,0,1,0
network_3-1,06:55.5,07:05.9,但是我们第一条尝试的时候，1010223254这个特别慢，这就表示相应的这个网关的能力要么就很弱，要么就是他不影响回答我。,0,0,1
network_3-1,07:06.2,07:10.6,这个这个等了很久啊才过去是吧？1010113在哪里？,0,1,0
network_3-1,07:10.6,07:23.5,呢我们可以看到我们自己的IP值，可以判断出我们跟它之间的关系，嗯 it厂这个账户这个是window下面的这个鉴定。,0,0,1
network_3-1,07:24.0,07:42.2,我们可以看见现在这个主机有好几张网卡啊网卡叫做詹姆斯，有好几张适配器，那么目前他上网呢用的是这个无线适配自己无线网络的第二，或者是1610221163，那么1010221163它对应的是个什么地址？,0,1,0
network_3-1,07:42.8,08:08.6,我觉得跟这个101023.54应该是个相关的关系，因为这边设的大家看了没默认网关看见了吧，就是本局域网出去的这个接口路由器，默认网关是两两三点54，所以我们一一跳就是警察它就他自己打这个应答的这个结果极有可能是他废除原因，有可能是他很忙了是吧？,0,1,1
network_3-1,08:08.6,08:14.4,在本地被被搞的比较比较慢了，然后可以确认的是远一点的地方，大家想去哪里？,0,1,1
network_3-1,08:14.9,08:28.7,原告谷歌就是明显被强调了，那你觉得你告诉他，他们强调了稍微往高的话高度，这个看起来有点可以看一下。,0,0,1
network_3-1,08:29.3,08:31.9,你找一个应该还活着的，王者。,0,0,1
network_3-1,08:31.9,08:36.2,啊他们抢了特别强。,0,0,1
network_3-1,08:41.1,08:48.6,为了让这个事情办得快一点，咱们再发起三个啊这个反正也类子基金，还要去哪里？嗯嗯嗯。,0,1,1
network_3-1,08:49.8,08:52.7,嗯没想法。还可以。,0,0,1
network_3-1,08:53.4,09:02.1,嗯谢谢谁知到了嗯你看到了还有一个你知道吧？,0,1,0
network_3-1,09:02.5,09:06.6,嗯不错的，是中低影响的。,0,0,1
network_3-1,09:08.7,09:09.6,有没有想法？,0,1,0
network_3-1,09:11.0,09:18.8,那就去北京。吧是不是？,0,1,0
network_3-1,09:19.1,09:29.2,我只是能解决，这个考虑是这个交钱追求到就是相关政府，就是一直在做事。,0,0,1
network_3-1,09:30.2,09:49.1,这个其实我写的我觉得通过这两节，我们可以看出我们的这个这个楼的默认网关，啊就是这个这层楼建筑主机的梦热网关，2两三两54是很不稳定的，这个时候呢他一下子就就给回复了是吧？,0,1,1
network_3-1,09:49.1,09:57.5,这个时候请求超时，所以说他处理能力应该说是有限，但接下来走过的路，这三个路径都差不多的是吧？,0,0,1
network_3-1,09:57.6,10:35.0,19216814333这边也是33这边33这个明确是内部网络的地址，所以我们可以判别它可能就是在比方说东校区的某个机房里头跳了一下，然后又经过都要去某个地方又跳了一下，然后到202141.186，这个这个地方可能就是要去这个我们sir net的202 10系列的这个走廊，然后再通过sir net点net，so net点net这个域名呢是中国教育科研网，因此我们可以判别它是到北京的度假就黑了，吧然后就准备出国了。,0,0,1
network_3-1,10:35.1,10:38.4,嗯101系列的就这样。,0,0,1
network_3-1,10:39.3,10:45.2,嗯嗯这个.com的明显就不是中国的地方。,0,0,1
network_3-1,10:45.3,10:51.3,啊这个还阿斯莱斯，这估计就已经到了到美国去逛大劫车。,0,0,1
network_3-1,10:51.7,11:12.3,所以这个路径我们可以看出来，它大致是经过教育科研网，然后嗯我们这个是这个部分呢走的路径永远不一样，223752.4，这个走法和这个20214是不一样的意思。,0,0,1
network_3-1,11:12.5,11:31.7,主要是因为这个 To，第一点CN就是中央人民政府的这个网站，我不晓得听不听得到，他应该是属于电信运营商管理，吧所以呢在我们这个华科这边的这个校园网中心就应该直接陆地上是上公共电信网，啊所以他出去的这个路径跟这边是不一样的，对吧？,0,1,1
network_3-1,11:32.0,11:38.7,所以可以看出他的接口路径是不一样的，前面几条一样歌的话和后面就不一样了，可见这个路要就不一样。,0,0,1
network_3-1,11:39.0,11:51.3,然后这个这个是呢 MIT，MIT这边呢我们可以对比一下，啊左边是去这个东西。,0,0,1
network_3-1,11:51.3,12:02.2,啊然后的话是吧压缩段的com，这边呢是MIT走的路径，呢什么时候在出国的时候基本上差不多的是吧？,0,1,1
network_3-1,12:02.4,12:09.3,然后到了1014114这个系列是差不多的，这应该就是到了美国那边的大陆的那个网关。,0,0,1
network_3-1,12:09.6,12:15.3,然后再分这边可能走的是一个运营商，这边走的另外一个运营商，我不进去了。,0,0,1
network_3-1,12:15.6,12:19.4,那么那么MIT是谁家运营的？我也不知道。,0,1,0
network_3-1,12:20.0,12:30.2,但是 MIT在美东还是美西，啊这也不知道你地理没学过也的是吧？,0,1,1
network_3-1,12:30.4,12:51.8,嗯的这个谁知还不还期待在美中，啊然后雅虎呢肯定是在硅谷的，是在美溪，所以这两个走法不一样，看一下啊，那么这个 IP地址的这个追踪对于我们认识互联网还是很重要的。,0,0,1
network_3-1,12:52.0,12:57.7,现在有一种应用叫做网络测量，网络测量的好事者干了一些事情是什么？,0,1,0
network_3-1,12:57.7,13:18.0,呢就是人工的把这些it地址留下来，因为这IP地址作为域名解析的地址，网络运营商也不是很正常去变的，然后把每一个公众网络的IP地址和它的地理位置出现了这个地理位置登记下来，这个有这种数据库，开源数据库就是IP地址和地理位置的对应。,0,0,1
network_3-1,13:18.3,13:49.7,所以如果是有这种数据库的话，呢啊我们可以去尝试在跟踪这个路径的同时看出这个报文在物理上经过数量网上有这种应用，啊我去年上课的时候还找到了，我还也是这样，今年我发现这个应用是死，啊我也就懒得找，但是这个市值可以出现的，那么我们呃做网络测量的时候形成大概在5年前吧我要一个博士生去测量了一下就是迅雷系统，它的CD n的服务器的分布，迅雷是干什么你就知道吧下来就。,0,0,1
network_3-1,13:50.3,14:16.3,那么CBA呢就是说就是做内容加速的时候，case服务器它在全国大概做了300多台服务器，那么借助于识别IP服务IP地址，查询它的地理位置，啊结果我们算出来就是序雷的这个5g分布的位置在。你们猜在哪里？300多张。在光明。肯定在地球上是吧？你说说。,0,1,1
network_3-1,14:17.6,14:50.2,比较有意思，就是迅雷的这300多台服务器不在北上广深啊不在北上广深，全在二线城市，现在二线城市啊，然后得出来的结果就是迅雷是一个很省钱的单位，原因是北上广深的这个 IP地址服务器肯定会比较比较热门一点，同时我们还把PPTV的这 PPTV的这个主要的服务器也通过这种IP地址查查地理位置提了一下，发现人家呢基本上是各大省会城市都有各大城市城市。,0,0,1
network_3-1,14:51.0,14:58.5,所以我们这里就举个例子，啊就是说作为网络调试的时候，我们可以通过确实root说清楚。,1,0,1
network_3-1,14:58.9,15:09.8,再倒带啊其实我们讲到SNP我们讲smp的这个报错的这个机制研制出的确实如何，确实录的可以帮助我们查询到相应目的鼓励的路径。,0,0,1
network_3-1,15:09.9,15:23.8,那么这个过程呢我们可以查出相应的这些主机的IP地址，那么由于网上也存在着IP地址到地理位置的映射，于是对于我们了解每个IP包物理上经过的路径是有帮助的。,0,0,1
network_3-1,15:23.9,15:30.8,同时呢这个 IP地址和物理的映射也可以帮助我们识别网上的服务器到底在哪里，到底是哪里。,0,0,1
network_3-1,15:33.0,15:35.7,这个是上节课后面要讲的这个内容。,0,0,1
network_3-1,15:35.7,15:39.1,啊下节课没有演示，我们这节课就演示完了。,0,0,1
network_3-1,15:39.1,16:00.8,下面我们看一下这节课呢，这节课呢我们讲路由，啊路游这一节希望大家呃认真听，啊因为路由呢做计算题是必考的，我们把这个路由有两种今天的主题讲完。,1,0,1
network_3-1,16:01.6,16:20.8,首先我们看一下就是路由在路由器里面，他在什么位置上，这个示意图呢我们仅仅摆出来过，就是路由器相对于交换机而言，它是功能上的升级，对于每一个到来的分组查表，转发这个过程实际上就是交换的这个过程，和交换机是一样的。,1,0,1
network_3-1,16:21.0,16:39.9,但是陆游呢有一个特殊的这个功能就是他自己独立的会发送路由报文，这个控制范围，这种路由的控制报文相互之间进行拓普的发现，然后发现自己所处的网络的拓扑，然后构造路由表，构造路由表。,0,0,1
network_3-1,16:40.1,16:50.6,那么这个过程呢我们举过例子，就参考于实际当中的飞机场的卡牌，当我们要建立新的航线的时候，呢就会通知卡牌建立路由表是吧？就这个过程。,0,1,1
network_3-1,16:50.7,16:56.1,但是路由器和我们建立航线的那个过程呢来比，它会有一个很大的区别。,0,0,1
network_3-1,16:56.3,17:15.8,就是现实当中建立航线一般是航空公司报备给民航总局，民航总局测算出来之后，公司沿途的飞机场，也就是说存在着一个上帝来控制这些沿途的飞机法，但是在互联网世界是没有上帝的，所以这个路由表的构造全靠路由器，自己全靠路由器自制自己。路由器怎么知道？,0,1,1
network_3-1,17:15.8,17:26.7,只有通过发消息，相互试探，相互了解，相互琢磨，然后来形成对网络的知识来碰到这种所以它是一个分布式的执行的算法。,0,0,1
network_3-1,17:28.6,17:49.5,那么解决路由器这个路由表的这个问题，呢就是我们区分一下，这个路由选择算法和路由选择协议是有区别的，就是好不容易的口头都有区别，那么选择算法的任务是生成路由表，这个就是怎样根据收集的知识算一个结果出来，它是一个算术问题。,0,0,1
network_3-1,17:50.1,17:59.6,协议的目的呢就是在支持算法的基础之上，还需要动态的进行信息的分析。,0,0,1
network_3-1,17:59.8,18:03.1,就是我们刚才讲的路由器自己就主动发货，是吧？,0,1,0
network_3-1,18:03.1,18:23.0,你发了什么包，我收到什么包，收到什么包之后我怎么理解这个包，理解这个包之后我再做运算，包括上海预算完毕的结果是路由的，所以整个这个路由协议呢它和算法是不一样的，协议应该更偏重于怎样交互信息，怎样更新信息错误，如果出现变化的时候怎样通知别人这些方面。,0,0,1
network_3-1,18:23.1,18:25.6,算法呢只是一个计算只是一个计算。,0,0,1
network_3-1,18:27.7,18:34.6,那么在我们讲这个路由系统的时候，我们通常会提一个自治系统的这个概念，model is the system。,0,0,1
network_3-1,18:34.8,18:46.1,这个所谓的自治系统呃一般是路由管理的边界，路由管理的边界，我们在上这门课的时候，这是第二次提到自治自治这个地方。,0,0,1
network_3-1,18:46.5,18:50.6,第一次提到资质的词的时候是在讲计算机网络定义的时候是吧？,0,1,1
network_3-1,18:50.6,19:08.4,我们说计算机网络是一堆自制的计算机，为了共享资源连接到一起的集合，那个时候那个自制强调的是计算机自己独立接入到网络里面，现在这个资质指的是是一个组织结构，这个组织结构对内部的路由进行管理维护和负责。,0,0,1
network_3-1,19:08.7,19:17.6,在这个组织结构内部呢是域内陆游组织结构之间呢是遇见路遥遇见路由，那么这个政治结构怎么政治系统怎么理解？,0,1,1
network_3-1,19:17.8,19:23.5,简单来讲对应到我们现实社会中间，你可以列就是中国的三大运营商是吧？,0,1,1
network_3-1,19:23.6,19:37.3,中电信、中移动、中联通，他们内部的路由器肯定是自己管理的，他们内部就是150，但是当他们之间要进行协作，比方说中国电信的网络出口在广州，对吧？,0,1,1
network_3-1,19:37.3,19:52.9,中国移动的在北京，那么如果有路径需要出国，需要流量走的话，你就得借助于它的路由器，那么在不同运营商之间就要进行这个流量结算，这种流量结算就使得他们的这个路由部分必须要额外进行处理。,0,0,1
network_3-1,19:53.3,19:57.9,就是遇见路遥遇见路遥，你可以进行盘算是吧？,0,1,1
network_3-1,19:57.9,20:18.6,我现在中电信的这个路这个路径啊流量，我是走中移动的出国还是走中联通的出国，你要根据资费要调整，那么这个时候遇见路由他的这个考虑，很多程度上的因素和域内不一样，域内呢是比较朴素的路由，它一般就是最短路径，只要是有效率就可以了。,0,0,1
network_3-1,20:18.8,20:30.3,而浴间呢会有掺杂很多商业上考虑考量的因素，所以在我们谈协议的时候，一般会把它进行区分进行区分，就是区分为域内路由和域间路由。,0,0,1
network_3-1,20:30.5,20:49.9,那么鱼类路由和预先路由呢有的时候也被叫为内部网关协议和外部网关协议这两个名称啊前面这个更加现代一点，更加符合我们的知识面一点，后面这个是一个历史遗留的结果，历史遗留的结果，为什么？,0,1,1
network_3-1,20:49.9,21:15.1,因为我们讲过最早期的路由器就叫做gateway，不讲怎么定的位，现在包括我们刚才的那个 Ip地址截图的时候，我这台机器是吧摸这个 before the gateway，就是他出去上网这个东西，给他喂这个词，最早期的时候就是在本地小网络里面出去上网嗯的时候，经过的那个默认路由器就叫贝特位。,0,1,1
network_3-1,21:15.4,21:22.3,那么这个词呢我说它是一个历史的信息，就是因为早期的时候没有rotor这个词，只有get way这个词。,0,0,1
network_3-1,21:22.4,21:55.8,所以当时在研究相关路由算法的时候，就直接来了一句，说在给他们内部的是我们家一伙的，我们这个路由协议算一类，给他们外面的跟我们家不在一起的这个算另外一个，当时是很朴素的简单的这个划分，分别叫做igp和egp后来这两个就觉得这个词不太合适了，于是就没有再强化get away这个词，因为get为这个词已经从边界变成了路由器，所以后面就升级为就是域内陆游婚姻兼顾。,0,0,1
network_3-1,21:56.6,22:01.0,那我已经把它的来龙去脉解释了一下，希望大家能够预测清楚。,0,0,1
network_3-1,22:01.1,22:17.3,今后如果我们谈物流分类的话，多半会谈你是玉类的还是玉间的，但是历史上曾经出现过igpbgegp这些协议，甚至于名称都有，呃你反正知道它是什么意思就行了，你别用这个分类分类用上面去。,0,0,1
network_3-1,22:19.4,22:21.7,那么这里给的例子是吧？,1,0,0
network_3-1,22:22.6,22:54.8,我们说三大运营商嗯各自有各自的处理范围，他们内部管理的路由器之间所得协议一般就是内部的，他们之间走的是怪物，呃那么用的协议呢你可以叫做igp或者是egp啊就是过了10的这个名称，但是我们现在要做下面我们有了这个名词之后，呢我们今天讲的全都是igp啊就是内部路由内部，我们把它叫做域内购销协议或者叫内部有关协议，为什么？,1,1,1
network_3-1,22:54.9,23:01.4,因为内部的这个路由相对纯粹一些，并且规模一般不会特别大会不会特别大。,0,0,1
network_3-1,23:01.5,23:13.0,我们讲问题先从简单到复杂，为我们先讲这个内部广告内容，在讲这个进入这个背景之后，呢我们看看它的这个啊网络就是怎么表达。,1,1,0
network_3-1,23:13.0,23:22.3,啊没做路由的时候，我们刚才讲的路由器得学习网络是个怎么样子的，那么网络是个什么样子的，它在内部的构造数据结构是吧？,0,1,1
network_3-1,23:22.3,23:34.6,得了解这个网络是怎么描述，相应的，呢我们这边在理论上通常把网络表达为一个图一个graph，这个图有相应的节点，node有相应的边age是吧？,0,1,0
network_3-1,23:34.6,23:52.2,那么这个 Node和age对应于现实当中就是daughter和利物vote和利用，这是表达的一个很简单的情况，其中圆圈里面的表格是路由器的编号，abcdefg线上面的数字呢表示这个列入的全职代驾全职代价。,0,0,1
network_3-1,23:52.3,24:26.5,那么我们现在上课用的是比较简化的代价，就一个人现场就一个数字，嗯现实当中呢它可能是双向链路，区域的代价和活的代价未必是一样的，但是我们上课比较简化，就是假设是双向链路全称是一致的，那么如果选择问题，本质上是图论中寻找两个节点之间较低成本的这个路径的问题，那么这个问题的转化关系是这样子的，就是这个数字呢你可以认为它代表了一定一定的这个 cost，cost。,0,0,1
network_3-1,24:26.8,24:42.8,那么如果我们找到的是最小POS，就实际上实现了一种内容，这个 cos的对于现实当中可能是真正的这个租用线路的这个费用，比方说要中电信去置一段列入，也可能呢是食盐，也可能是食盐，是吧？,0,1,1
network_3-1,24:42.8,24:46.2,我们当然愿意选择时间越小的那个那个路径是吧？,0,1,0
network_3-1,24:46.2,25:02.6,也可以是别的东西，就是我们这个 POS的可以映射为现实当中的很多指标，我们简化起点就是寻找它的最短路径的问题，那么寻找最短路径的这个问题，如果用图论的表达，他一般会表达成这个样子。就是有一个图是吧？,0,1,0
network_3-1,25:02.6,25:18.7,有节点和电路的边，那么这段路径问题就是寻找从圆到墓地之间沿途加起来的所有的链路的代价的总和作为路径的代价是对的。就这么个问题。,0,0,1
network_3-1,25:19.0,25:24.9,那么这个问题呢应该说已经超越了我们计算机网络的范畴，它是一个普遍的舆论的问题。,0,0,1
network_3-1,25:25.2,25:38.3,这个大家在学算法或者是以后的书里面常见，这种问题我们把它进行简要的利用学业的成果，他叫所有的pass，包括是吧这个路径问题。,1,0,1
network_3-1,25:38.8,25:57.1,那么这个路径问题呢通常有两种解法，这两种解法不是说只有两种，而是说这两种比较有名，实现起来比较简单，一个叫做第二十二算法，这个词儿卡萨德这个人是个北欧德国和这个荷兰人不是个英国人，所以那个发音不好发。,0,0,1
network_3-1,25:57.1,26:04.0,这个另外呢是贝尔娜说的算法，贝尔曼说的呢是两个人，啊一个贝尔曼一个是错的，两个人。,0,0,1
network_3-1,26:04.6,26:17.5,那这两个算法呢代表着两种思路，代表两种思路，我们呢对于算法本身就会简单的讲一下，呃我们更关注于基于这两个算法所得到的内容协议的特点。,0,0,1
network_3-1,26:18.5,26:39.2,那么从刚才我们讲到的，这个呃路由算法我们要无论算法变成路由算法会有一个区别，因为这个除了算法，就是这两个算法是纯数学算法，你要变成路由算法，必须得考虑一些问题，这个问题就是它的执行者是rotor，是路由器，对吧？,0,1,1
network_3-1,26:39.2,26:48.8,那么它在执行的时候，它是持续不断不停的走的，如果说我们只考虑无论算法，它其实就是几个数学题是吧？,0,1,1
network_3-1,26:48.8,26:55.9,已知求解结论，但是如果是个路由器，呢你得把它想象成个管道对吧？,0,1,1
network_3-1,26:56.0,27:07.8,你每时每刻每隔一阵子给他个信息，他在不停的在更新并在更新，它是一个24小时不停运行的东西，它不是一个调解单独一个问题来调解问题。,0,0,1
network_3-1,27:07.9,27:23.4,所以呢对于路由器而言，它的路路由上涨也包括下面两个部分，错误的获取和路遥计算，而拓普的获取常常是定时的定期的或者是触发型的，来保证它24小时不停的这个转对吧？,1,1,1
network_3-1,27:23.5,27:31.7,那么我们都希望路由器做到即查即用无需人工干预，因此这个时候就是体现它分布式自主运算的这个部分。,0,0,1
network_3-1,27:32.3,27:35.5,所以这个时候图论算法和骆驼算法是有区别的。,0,0,1
network_3-1,27:35.8,27:51.7,那么路由算法想解决的问题，第一是获取相关的客服信息，那么怎么获取有很多种方法，我这种方法比方说谁来了谁谁说一声，或者是你发现了你说一声，这个都有可能。,1,1,1
network_3-1,27:52.1,28:01.5,再看这个主体是谁，那么这个信息的发现呢也可能是周期是有人广播也有可能触发，那么具体的这些设计都是根据具体情况会选择的。,1,0,1
network_3-1,28:01.7,28:07.6,我们现在并不明确说哪一种更好，因为在不同的网络条件下，这些方法都可以有。,0,0,1
network_3-1,28:08.0,28:33.7,那么如何计算路由，呢其实刚才讲除了算法除了算法里面，贝尔曼for的算法，它的特点是两两节点的迭代的信息交换，而这个迪拉12算法的特点呢是全局信息整体运算整体运算，那么如果想利用这个算法或者利用这个算法，由于它的信息的迭代的预算的模式不一样，就导致路由算法会有些不一样会不一样。,1,0,1
network_3-1,28:33.9,28:37.7,这个呢涉及具体算法的时候必须要考虑到这些问题。,0,0,1
network_3-1,28:39.3,28:48.1,刚才讲的是除了算法变成猪肉酸奶，那么最后路由算法再变成路由协议，那就更麻烦了啊更麻烦了。,0,0,1
network_3-1,28:48.4,28:54.5,它就变成了一个具体的实现的问题，这个实现的问题必须考虑发包，对吧？,0,1,1
network_3-1,28:54.9,29:03.4,你是怎样问人家的，把什么信息过去人家怎么解析，然后进行分析良心工作，那么落后协议就比他更麻烦。,0,1,1
network_3-1,29:04.8,29:24.7,那么我们现在在我们课上面已经讲了三个层次的区别，无论算法、自由算法、和游、协议，这其实也是希望大家最后对于这个问题能够呃区分出它的这个层次，不要什么东西就是说我今天学的东西都有算法，其实咱们更主要的是学物流协议。好，休息一下。,1,0,1
network_3-1,29:25.8,29:32.6,这个这个放开进行什么？,0,1,0
network_3-1,29:33.3,29:42.7,好了好了好了，谁知这是其实很明显的关注进行的。,0,0,1
network_3-1,29:43.6,29:59.5,感觉我真的真的好你你不干，嗯 mian一好的，非常感谢咱们大家好，谁知好的。,0,0,1
